card_id,topic_tag,card_file,front_sha256,community_answer_ref,official_refs,source_role,back_status,notes
PYI_01_001,topic::01_python_fundamentals,cards/01_python_fundamentals.txt,65cbb700faee43ea20cf4bfecc5a6158e2fe9218a69d3823f683db568a73e6f0,https://github.com/tavor118/pj_python_interview_questions_and_answers/blob/02d57a7a9f34fd386eb8aa5c0094fe3f3c3ba141/docs/python/general.md#L38-L67,https://docs.python.org/3.14/reference/executionmodel.html|https://docs.python.org/3.14/reference/datamodel.html|https://docs.python.org/3.14/faq/general.html,candidate_plus_official,reviewed,source locator TV_PYTHON_GENERAL_02
PYI_01_002,topic::01_python_fundamentals,cards/01_python_fundamentals.txt,0d7da86c0c0d29d15df8910507893931d000e6817401b884527d25798cabdb8b,https://github.com/tavor118/pj_python_interview_questions_and_answers/blob/02d57a7a9f34fd386eb8aa5c0094fe3f3c3ba141/docs/python/general.md#L38-L67,https://docs.python.org/3.14/reference/executionmodel.html|https://docs.python.org/3.14/reference/datamodel.html|https://docs.python.org/3.14/faq/general.html,candidate_plus_official,reviewed,source locator TV_PYTHON_GENERAL_02
PYI_01_003,topic::01_python_fundamentals,cards/01_python_fundamentals.txt,81a2584c3fb307cbdcdf3c29390dfb91df05b74397776e0628b165e3a21ca17d,https://github.com/tavor118/pj_python_interview_questions_and_answers/blob/02d57a7a9f34fd386eb8aa5c0094fe3f3c3ba141/docs/python/interpreter.md#L382-L406,https://docs.python.org/3.14/reference/executionmodel.html|https://docs.python.org/3.14/reference/datamodel.html|https://docs.python.org/3.14/faq/general.html,candidate_plus_official,reviewed,source locator TV_PYTHON_INTERPRETER_11
PYI_01_004,topic::01_python_fundamentals,cards/01_python_fundamentals.txt,22bc78be9eabe5ff8c3b1838050ef8557d3ca41b13a3a0d4e3ce55edb89f5a10,https://github.com/tavor118/pj_python_interview_questions_and_answers/blob/02d57a7a9f34fd386eb8aa5c0094fe3f3c3ba141/docs/python/general.md#L104-L137,https://docs.python.org/3.14/reference/executionmodel.html|https://docs.python.org/3.14/reference/datamodel.html|https://docs.python.org/3.14/faq/general.html,candidate_plus_official,reviewed,source locator TV_PYTHON_GENERAL_04
PYI_01_005,topic::01_python_fundamentals,cards/01_python_fundamentals.txt,6900395d8266026c77464aa56b296dfcfa630e6aa4e3c3fcd038c447549538a2,https://github.com/tavor118/pj_python_interview_questions_and_answers/blob/02d57a7a9f34fd386eb8aa5c0094fe3f3c3ba141/docs/python/general.md#L104-L137,https://docs.python.org/3.14/reference/executionmodel.html|https://docs.python.org/3.14/reference/datamodel.html|https://docs.python.org/3.14/faq/general.html,candidate_plus_official,reviewed,source locator TV_PYTHON_GENERAL_04
PYI_01_006,topic::01_python_fundamentals,cards/01_python_fundamentals.txt,054c45e8d3ab21a1728e121646bb3205b266202d08bc1a04f4a5b550adaec994,https://github.com/tavor118/pj_python_interview_questions_and_answers/blob/02d57a7a9f34fd386eb8aa5c0094fe3f3c3ba141/docs/python/interpreter.md#L3-L26,https://docs.python.org/3.14/reference/executionmodel.html|https://docs.python.org/3.14/reference/datamodel.html|https://docs.python.org/3.14/faq/general.html,candidate_plus_official,reviewed,source locator TV_PYTHON_INTERPRETER_01
PYI_01_007,topic::01_python_fundamentals,cards/01_python_fundamentals.txt,33124ab3ad5d69fea5f29685e2447124a6bace9be93b07ea402641fb32e98aab,https://github.com/tavor118/pj_python_interview_questions_and_answers/blob/02d57a7a9f34fd386eb8aa5c0094fe3f3c3ba141/docs/python/interpreter.md#L27-L46,https://docs.python.org/3.14/reference/executionmodel.html|https://docs.python.org/3.14/reference/datamodel.html|https://docs.python.org/3.14/faq/general.html,candidate_plus_official,reviewed,source locator TV_PYTHON_INTERPRETER_02
PYI_01_008,topic::01_python_fundamentals,cards/01_python_fundamentals.txt,04001b8bc5bb46a3ff88c0ec1f18db0c7b43b4dd36bd18e41fb77c20cdf2d132,https://github.com/tavor118/pj_python_interview_questions_and_answers/blob/02d57a7a9f34fd386eb8aa5c0094fe3f3c3ba141/docs/python/general.md#L332-L393,https://docs.python.org/3.14/reference/executionmodel.html|https://docs.python.org/3.14/reference/datamodel.html|https://docs.python.org/3.14/faq/general.html,candidate_plus_official,reviewed,source locator TV_PYTHON_GENERAL_08
PYI_01_009,topic::01_python_fundamentals,cards/01_python_fundamentals.txt,eb9023ef73ae200ef6969ad1977db27907bb59e6d05e1b21ba59bf1531bccd36,https://github.com/tavor118/pj_python_interview_questions_and_answers/blob/02d57a7a9f34fd386eb8aa5c0094fe3f3c3ba141/docs/python/general.md#L394-L407,https://docs.python.org/3.14/reference/executionmodel.html|https://docs.python.org/3.14/reference/datamodel.html|https://docs.python.org/3.14/faq/general.html,candidate_plus_official,reviewed,source locator TV_PYTHON_GENERAL_09
PYI_01_010,topic::01_python_fundamentals,cards/01_python_fundamentals.txt,cace211dc64a2ee065f5585439376f0be8fccbbd40b9b359eb038e0d8cb65443,https://github.com/tavor118/pj_python_interview_questions_and_answers/blob/02d57a7a9f34fd386eb8aa5c0094fe3f3c3ba141/docs/python/general.md#L300-L331,https://docs.python.org/3.14/reference/executionmodel.html|https://docs.python.org/3.14/reference/datamodel.html|https://docs.python.org/3.14/faq/general.html,candidate_plus_official,reviewed,source locator TV_PYTHON_GENERAL_07
PYI_01_011,topic::01_python_fundamentals,cards/01_python_fundamentals.txt,8d867e97da016c26181516a2eb486b3f16bcd587e4019043533af6b072902e49,https://github.com/tavor118/pj_python_interview_questions_and_answers/blob/02d57a7a9f34fd386eb8aa5c0094fe3f3c3ba141/docs/python/general.md#L394-L407,https://docs.python.org/3.14/reference/executionmodel.html|https://docs.python.org/3.14/reference/datamodel.html|https://docs.python.org/3.14/faq/general.html,candidate_plus_official,reviewed,source locator TV_PYTHON_GENERAL_09
PYI_01_012,topic::01_python_fundamentals,cards/01_python_fundamentals.txt,93bc797aed1ded5d797ead2009705544650a78e68dbaf50a2db031fee9a0ffa3,,https://docs.python.org/3.14/reference/executionmodel.html|https://docs.python.org/3.14/reference/datamodel.html|https://docs.python.org/3.14/faq/general.html,official_only,reviewed,source locator OFFICIAL
PYI_02_001,topic::02_syntax_control_flow,cards/02_syntax_control_flow.txt,6040318b3835a2827cbe46fd9478c8c4c94b53f600d3612ba1c9d1749ac75d1c,https://github.com/tavor118/pj_python_interview_questions_and_answers/blob/02d57a7a9f34fd386eb8aa5c0094fe3f3c3ba141/docs/python/coding.md#L3-L20,https://docs.python.org/3.14/reference/expressions.html|https://docs.python.org/3.14/reference/simple_stmts.html|https://docs.python.org/3.14/reference/compound_stmts.html,candidate_plus_official,drafted,source locator TV_PYTHON_CODING_01
PYI_02_002,topic::02_syntax_control_flow,cards/02_syntax_control_flow.txt,fc58bc40d968a83be3b1561bbb2010a4ed4d6ce41142022bebc6d8cef76b1a47,https://github.com/tavor118/pj_python_interview_questions_and_answers/blob/02d57a7a9f34fd386eb8aa5c0094fe3f3c3ba141/docs/python/coding.md#L3-L20,https://docs.python.org/3.14/reference/expressions.html|https://docs.python.org/3.14/reference/simple_stmts.html|https://docs.python.org/3.14/reference/compound_stmts.html,candidate_plus_official,drafted,source locator TV_PYTHON_CODING_01
PYI_02_003,topic::02_syntax_control_flow,cards/02_syntax_control_flow.txt,3922c0ef076319b3c45742c3c4ae589bf188113f61bbaadd335bec4f3ba308e8,https://github.com/tavor118/pj_python_interview_questions_and_answers/blob/02d57a7a9f34fd386eb8aa5c0094fe3f3c3ba141/docs/python/coding.md#L3-L20,https://docs.python.org/3.14/reference/expressions.html|https://docs.python.org/3.14/reference/simple_stmts.html|https://docs.python.org/3.14/reference/compound_stmts.html,candidate_plus_official,drafted,source locator TV_PYTHON_CODING_01
PYI_02_004,topic::02_syntax_control_flow,cards/02_syntax_control_flow.txt,96134ac38f38d3d8d312ba1eaa9251677f3e5e3029273b6dcc2cc574f50cea6f,https://github.com/tavor118/pj_python_interview_questions_and_answers/blob/02d57a7a9f34fd386eb8aa5c0094fe3f3c3ba141/docs/python/syntax.md#L252-L352,https://docs.python.org/3.14/reference/expressions.html|https://docs.python.org/3.14/reference/simple_stmts.html|https://docs.python.org/3.14/reference/compound_stmts.html,candidate_plus_official,drafted,source locator TV_PYTHON_SYNTAX_08
PYI_02_005,topic::02_syntax_control_flow,cards/02_syntax_control_flow.txt,68ca81e5e4b78e24c18c98494a8b9eb54458157080c5bca507bce582be3eb402,https://github.com/tavor118/pj_python_interview_questions_and_answers/blob/02d57a7a9f34fd386eb8aa5c0094fe3f3c3ba141/docs/python/syntax.md#L229-L251,https://docs.python.org/3.14/reference/expressions.html|https://docs.python.org/3.14/reference/simple_stmts.html|https://docs.python.org/3.14/reference/compound_stmts.html,candidate_plus_official,drafted,source locator TV_PYTHON_SYNTAX_07
PYI_02_006,topic::02_syntax_control_flow,cards/02_syntax_control_flow.txt,89beb803673fdb35be27dde2c1385dab737f8d7095278c6a902bc2d09a291152,,https://docs.python.org/3.14/reference/expressions.html|https://docs.python.org/3.14/reference/simple_stmts.html|https://docs.python.org/3.14/reference/compound_stmts.html,official_only,drafted,source locator OFFICIAL
PYI_02_007,topic::02_syntax_control_flow,cards/02_syntax_control_flow.txt,1ff2612c36adf119a01fd09e31efaaebaf0fa037bf5d89a447cb5e8714f6a8b2,https://github.com/tavor118/pj_python_interview_questions_and_answers/blob/02d57a7a9f34fd386eb8aa5c0094fe3f3c3ba141/docs/python/loops.md#L3-L34,https://docs.python.org/3.14/reference/expressions.html|https://docs.python.org/3.14/reference/simple_stmts.html|https://docs.python.org/3.14/reference/compound_stmts.html,candidate_plus_official,drafted,source locator TV_PYTHON_LOOPS_01
PYI_02_008,topic::02_syntax_control_flow,cards/02_syntax_control_flow.txt,398cd7f6786f222409c8dfa6be08cf44aa3370841e6fb3a805cf186f63bea813,,https://docs.python.org/3.14/reference/expressions.html|https://docs.python.org/3.14/reference/simple_stmts.html|https://docs.python.org/3.14/reference/compound_stmts.html,official_only,drafted,source locator OFFICIAL
PYI_02_009,topic::02_syntax_control_flow,cards/02_syntax_control_flow.txt,161df31e507ba014d71f1d72746549fcb68f534422d4acb7d38584b851680b74,https://github.com/tavor118/pj_python_interview_questions_and_answers/blob/02d57a7a9f34fd386eb8aa5c0094fe3f3c3ba141/docs/python/syntax.md#L164-L228,https://docs.python.org/3.14/reference/expressions.html|https://docs.python.org/3.14/reference/simple_stmts.html|https://docs.python.org/3.14/reference/compound_stmts.html,candidate_plus_official,drafted,source locator TV_PYTHON_SYNTAX_06
PYI_02_010,topic::02_syntax_control_flow,cards/02_syntax_control_flow.txt,68560031b07d4692c720d093f4b960f85cec75332bff7a5bb428e566ad77b05a,https://github.com/tavor118/pj_python_interview_questions_and_answers/blob/02d57a7a9f34fd386eb8aa5c0094fe3f3c3ba141/docs/python/syntax.md#L164-L228,https://docs.python.org/3.14/reference/expressions.html|https://docs.python.org/3.14/reference/simple_stmts.html|https://docs.python.org/3.14/reference/compound_stmts.html,candidate_plus_official,drafted,source locator TV_PYTHON_SYNTAX_06
PYI_02_011,topic::02_syntax_control_flow,cards/02_syntax_control_flow.txt,8176f7564bd2fd23cfb659d17bebf51f67973aff9a8b6ba1ca4003c18a37078d,https://github.com/tavor118/pj_python_interview_questions_and_answers/blob/02d57a7a9f34fd386eb8aa5c0094fe3f3c3ba141/docs/python/syntax.md#L164-L228,https://docs.python.org/3.14/reference/expressions.html|https://docs.python.org/3.14/reference/simple_stmts.html|https://docs.python.org/3.14/reference/compound_stmts.html,candidate_plus_official,drafted,source locator TV_PYTHON_SYNTAX_06
PYI_02_012,topic::02_syntax_control_flow,cards/02_syntax_control_flow.txt,46c9070968aa684a41dbb744af81a0df8d8bbcd8999ed3a3f01bf5755a58e865,,https://docs.python.org/3.14/reference/expressions.html|https://docs.python.org/3.14/reference/simple_stmts.html|https://docs.python.org/3.14/reference/compound_stmts.html,official_only,drafted,source locator OFFICIAL
PYI_02_013,topic::02_syntax_control_flow,cards/02_syntax_control_flow.txt,0da4e15826cae4e9eaf4174771abd8ec2580a4d54c1570f9991fa8b757624c86,,https://docs.python.org/3.14/reference/expressions.html|https://docs.python.org/3.14/reference/simple_stmts.html|https://docs.python.org/3.14/reference/compound_stmts.html,official_only,drafted,source locator OFFICIAL
PYI_02_014,topic::02_syntax_control_flow,cards/02_syntax_control_flow.txt,e51f9a6128e62317897abd0cca0723206a854483101ee4b09968227d9f3ba332,,https://docs.python.org/3.14/reference/expressions.html|https://docs.python.org/3.14/reference/simple_stmts.html|https://docs.python.org/3.14/reference/compound_stmts.html,official_only,drafted,source locator OFFICIAL
PYI_03_001,topic::03_objects_types_mutability,cards/03_objects_types_mutability.txt,43f498db488e65fb2e4ca47ebdb373bca281c21b00b6843a0bdd1fb148f63a2a,https://github.com/tavor118/pj_python_interview_questions_and_answers/blob/02d57a7a9f34fd386eb8aa5c0094fe3f3c3ba141/docs/python/data_types.md#L587-L609,https://docs.python.org/3.14/reference/datamodel.html|https://docs.python.org/3.14/library/stdtypes.html|https://docs.python.org/3.14/library/copy.html|https://docs.python.org/3.14/library/typing.html,candidate_plus_official,drafted,source locator TV_PYTHON_DATA_TYPES_12
PYI_03_002,topic::03_objects_types_mutability,cards/03_objects_types_mutability.txt,e3add3e34fc710b9e5ee6557fa17a6886dbfcdfc59e08c987eed467216eec1b6,https://github.com/tavor118/pj_python_interview_questions_and_answers/blob/02d57a7a9f34fd386eb8aa5c0094fe3f3c3ba141/docs/python/data_types.md#L587-L609,https://docs.python.org/3.14/reference/datamodel.html|https://docs.python.org/3.14/library/stdtypes.html|https://docs.python.org/3.14/library/copy.html|https://docs.python.org/3.14/library/typing.html,candidate_plus_official,drafted,source locator TV_PYTHON_DATA_TYPES_12
PYI_03_003,topic::03_objects_types_mutability,cards/03_objects_types_mutability.txt,70b4f8f33bf3a4008c59a54a86a8a7c799e9fb10e641b3df160ed85c526d858a,https://github.com/tavor118/pj_python_interview_questions_and_answers/blob/02d57a7a9f34fd386eb8aa5c0094fe3f3c3ba141/docs/python/sequences.md#L162-L201,https://docs.python.org/3.14/reference/datamodel.html|https://docs.python.org/3.14/library/stdtypes.html|https://docs.python.org/3.14/library/copy.html|https://docs.python.org/3.14/library/typing.html,candidate_plus_official,drafted,source locator TV_PYTHON_SEQUENCES_09
PYI_03_004,topic::03_objects_types_mutability,cards/03_objects_types_mutability.txt,11a32fbce6b3848d3c0feebd5a1aec342aa3163d968d6895c07d54b084dd8224,https://github.com/tavor118/pj_python_interview_questions_and_answers/blob/02d57a7a9f34fd386eb8aa5c0094fe3f3c3ba141/docs/python/set_and_dict.md#L3-L16,https://docs.python.org/3.14/reference/datamodel.html|https://docs.python.org/3.14/library/stdtypes.html|https://docs.python.org/3.14/library/copy.html|https://docs.python.org/3.14/library/typing.html,candidate_plus_official,drafted,source locator TV_PYTHON_SET_AND_DICT_01
PYI_03_005,topic::03_objects_types_mutability,cards/03_objects_types_mutability.txt,79f612f42254f4573fba530bbf318cef8605f92a53286216959dc896785eece7,https://github.com/tavor118/pj_python_interview_questions_and_answers/blob/02d57a7a9f34fd386eb8aa5c0094fe3f3c3ba141/docs/python/data_types.md#L48-L93,https://docs.python.org/3.14/reference/datamodel.html|https://docs.python.org/3.14/library/stdtypes.html|https://docs.python.org/3.14/library/copy.html|https://docs.python.org/3.14/library/typing.html,candidate_plus_official,drafted,source locator TV_PYTHON_DATA_TYPES_02
PYI_03_006,topic::03_objects_types_mutability,cards/03_objects_types_mutability.txt,817b6b42b849b6ba613d67fce1927e2dd9f012d333b45b7a441caadba7bbd319,https://github.com/tavor118/pj_python_interview_questions_and_answers/blob/02d57a7a9f34fd386eb8aa5c0094fe3f3c3ba141/docs/python/data_types.md#L48-L93,https://docs.python.org/3.14/reference/datamodel.html|https://docs.python.org/3.14/library/stdtypes.html|https://docs.python.org/3.14/library/copy.html|https://docs.python.org/3.14/library/typing.html,candidate_plus_official,drafted,source locator TV_PYTHON_DATA_TYPES_02
PYI_03_007,topic::03_objects_types_mutability,cards/03_objects_types_mutability.txt,617a2af59d46c5097b131b8a20050df53f17cf6a1a3ff00ca29595747e6ddd09,https://github.com/tavor118/pj_python_interview_questions_and_answers/blob/02d57a7a9f34fd386eb8aa5c0094fe3f3c3ba141/docs/python/set_and_dict.md#L3-L16,https://docs.python.org/3.14/reference/datamodel.html|https://docs.python.org/3.14/library/stdtypes.html|https://docs.python.org/3.14/library/copy.html|https://docs.python.org/3.14/library/typing.html,candidate_plus_official,drafted,source locator TV_PYTHON_SET_AND_DICT_01
PYI_03_008,topic::03_objects_types_mutability,cards/03_objects_types_mutability.txt,267fa1c7a915876af065bca4bb533f3387aa3b072152a5971b326fd3d2b0ae0d,https://github.com/tavor118/pj_python_interview_questions_and_answers/blob/02d57a7a9f34fd386eb8aa5c0094fe3f3c3ba141/docs/python/set_and_dict.md#L206-L242,https://docs.python.org/3.14/reference/datamodel.html|https://docs.python.org/3.14/library/stdtypes.html|https://docs.python.org/3.14/library/copy.html|https://docs.python.org/3.14/library/typing.html,candidate_plus_official,drafted,source locator TV_PYTHON_SET_AND_DICT_11
PYI_03_009,topic::03_objects_types_mutability,cards/03_objects_types_mutability.txt,ff78fc10cd1f2f0b74d256b5671c7ecfe40299f3ac3df20cf967817e5ff1a497,https://github.com/tavor118/pj_python_interview_questions_and_answers/blob/02d57a7a9f34fd386eb8aa5c0094fe3f3c3ba141/docs/python/syntax.md#L442-L558,https://docs.python.org/3.14/reference/datamodel.html|https://docs.python.org/3.14/library/stdtypes.html|https://docs.python.org/3.14/library/copy.html|https://docs.python.org/3.14/library/typing.html,candidate_plus_official,drafted,source locator TV_PYTHON_SYNTAX_13
PYI_03_010,topic::03_objects_types_mutability,cards/03_objects_types_mutability.txt,bf6921d524a73f9c17161257982133faa0d0dee237ab6635c479c5a3b22def05,https://github.com/tavor118/pj_python_interview_questions_and_answers/blob/02d57a7a9f34fd386eb8aa5c0094fe3f3c3ba141/docs/python/syntax.md#L442-L558,https://docs.python.org/3.14/reference/datamodel.html|https://docs.python.org/3.14/library/stdtypes.html|https://docs.python.org/3.14/library/copy.html|https://docs.python.org/3.14/library/typing.html,candidate_plus_official,drafted,source locator TV_PYTHON_SYNTAX_13
PYI_03_011,topic::03_objects_types_mutability,cards/03_objects_types_mutability.txt,cae0b8d8a82c7321fc9215395b25e6a85c1c9d4bad524f4119bd4d0616e00e98,https://github.com/tavor118/pj_python_interview_questions_and_answers/blob/02d57a7a9f34fd386eb8aa5c0094fe3f3c3ba141/docs/python/syntax.md#L442-L558,https://docs.python.org/3.14/reference/datamodel.html|https://docs.python.org/3.14/library/stdtypes.html|https://docs.python.org/3.14/library/copy.html|https://docs.python.org/3.14/library/typing.html,candidate_plus_official,drafted,source locator TV_PYTHON_SYNTAX_13
PYI_03_012,topic::03_objects_types_mutability,cards/03_objects_types_mutability.txt,8aacba0dd814ce2b50ce69769425d4067e5a7c65634ec08e8b5bdfaa78535ae8,https://github.com/tavor118/pj_python_interview_questions_and_answers/blob/02d57a7a9f34fd386eb8aa5c0094fe3f3c3ba141/docs/python/set_and_dict.md#L206-L242,https://docs.python.org/3.14/reference/datamodel.html|https://docs.python.org/3.14/library/stdtypes.html|https://docs.python.org/3.14/library/copy.html|https://docs.python.org/3.14/library/typing.html,candidate_plus_official,drafted,source locator TV_PYTHON_SET_AND_DICT_11
PYI_03_013,topic::03_objects_types_mutability,cards/03_objects_types_mutability.txt,47187c3ac31d908e84fb206755ed1c4d401c31df8e140e66d4b2e072f9c1aee1,https://github.com/tavor118/pj_python_interview_questions_and_answers/blob/02d57a7a9f34fd386eb8aa5c0094fe3f3c3ba141/docs/python/set_and_dict.md#L3-L16,https://docs.python.org/3.14/reference/datamodel.html|https://docs.python.org/3.14/library/stdtypes.html|https://docs.python.org/3.14/library/copy.html|https://docs.python.org/3.14/library/typing.html,candidate_plus_official,drafted,source locator TV_PYTHON_SET_AND_DICT_01
PYI_03_014,topic::03_objects_types_mutability,cards/03_objects_types_mutability.txt,041fa34f34ccb6c4927c461bb98288f64346b979a505a981eb19686e7fe3a90e,https://github.com/tavor118/pj_python_interview_questions_and_answers/blob/02d57a7a9f34fd386eb8aa5c0094fe3f3c3ba141/docs/python/data_types.md#L401-L443,https://docs.python.org/3.14/reference/datamodel.html|https://docs.python.org/3.14/library/stdtypes.html|https://docs.python.org/3.14/library/copy.html|https://docs.python.org/3.14/library/typing.html,candidate_plus_official,drafted,source locator TV_PYTHON_DATA_TYPES_09
PYI_03_015,topic::03_objects_types_mutability,cards/03_objects_types_mutability.txt,0a7f4918ce465aa2860dc2a047ff8b926a69cdd4af04627bb94c1b1fb724b7f1,https://github.com/tavor118/pj_python_interview_questions_and_answers/blob/02d57a7a9f34fd386eb8aa5c0094fe3f3c3ba141/docs/python/data_types.md#L444-L497,https://docs.python.org/3.14/reference/datamodel.html|https://docs.python.org/3.14/library/stdtypes.html|https://docs.python.org/3.14/library/copy.html|https://docs.python.org/3.14/library/typing.html,candidate_plus_official,drafted,source locator TV_PYTHON_DATA_TYPES_10
PYI_03_016,topic::03_objects_types_mutability,cards/03_objects_types_mutability.txt,6f7b4d5343b0630c97bc5357fdb88f0f56021bfe2ec66e4575922fd7679f68fa,https://github.com/tavor118/pj_python_interview_questions_and_answers/blob/02d57a7a9f34fd386eb8aa5c0094fe3f3c3ba141/docs/python/set_and_dict.md#L104-L117,https://docs.python.org/3.14/reference/datamodel.html|https://docs.python.org/3.14/library/stdtypes.html|https://docs.python.org/3.14/library/copy.html|https://docs.python.org/3.14/library/typing.html,candidate_plus_official,drafted,source locator TV_PYTHON_SET_AND_DICT_05
PYI_03_017,topic::03_objects_types_mutability,cards/03_objects_types_mutability.txt,601832dfcaf3807a91e7bae7b7746437281e45663a019a9024bee0b4a31bfebc,https://github.com/tavor118/pj_python_interview_questions_and_answers/blob/02d57a7a9f34fd386eb8aa5c0094fe3f3c3ba141/docs/python/data_types.md#L498-L586,https://docs.python.org/3.14/reference/datamodel.html|https://docs.python.org/3.14/library/stdtypes.html|https://docs.python.org/3.14/library/copy.html|https://docs.python.org/3.14/library/typing.html,candidate_plus_official,drafted,source locator TV_PYTHON_DATA_TYPES_11
PYI_03_018,topic::03_objects_types_mutability,cards/03_objects_types_mutability.txt,37e41910836f0dfefec38e152f4231daf3631cf1388aa863264e30e4e2799f47,https://github.com/tavor118/pj_python_interview_questions_and_answers/blob/02d57a7a9f34fd386eb8aa5c0094fe3f3c3ba141/docs/python/data_types.md#L498-L586,https://docs.python.org/3.14/reference/datamodel.html|https://docs.python.org/3.14/library/stdtypes.html|https://docs.python.org/3.14/library/copy.html|https://docs.python.org/3.14/library/typing.html,candidate_plus_official,drafted,source locator TV_PYTHON_DATA_TYPES_11
PYI_03_019,topic::03_objects_types_mutability,cards/03_objects_types_mutability.txt,ff9fcba7cd8ff701f73a2427243a2c77e109a6c4b6f13f9e6ccd1fa1a721a029,https://github.com/tavor118/pj_python_interview_questions_and_answers/blob/02d57a7a9f34fd386eb8aa5c0094fe3f3c3ba141/docs/python/data_types.md#L498-L586,https://docs.python.org/3.14/reference/datamodel.html|https://docs.python.org/3.14/library/stdtypes.html|https://docs.python.org/3.14/library/copy.html|https://docs.python.org/3.14/library/typing.html,candidate_plus_official,drafted,source locator TV_PYTHON_DATA_TYPES_11
PYI_03_020,topic::03_objects_types_mutability,cards/03_objects_types_mutability.txt,4097183bd3447fef9ca46ab472a9c8b9ac8d34ee4c3ff7d22087aad61cbebd50,https://github.com/tavor118/pj_python_interview_questions_and_answers/blob/02d57a7a9f34fd386eb8aa5c0094fe3f3c3ba141/docs/python/data_types.md#L610-L648,https://docs.python.org/3.14/reference/datamodel.html|https://docs.python.org/3.14/library/stdtypes.html|https://docs.python.org/3.14/library/copy.html|https://docs.python.org/3.14/library/typing.html,candidate_plus_official,drafted,source locator TV_PYTHON_DATA_TYPES_13
PYI_03_021,topic::03_objects_types_mutability,cards/03_objects_types_mutability.txt,625a6ec53899c2c3e8bf04a4cab5c90f43b2a129068f481b036747b2ca7655be,https://github.com/tavor118/pj_python_interview_questions_and_answers/blob/02d57a7a9f34fd386eb8aa5c0094fe3f3c3ba141/docs/python/data_types.md#L587-L609,https://docs.python.org/3.14/reference/datamodel.html|https://docs.python.org/3.14/library/stdtypes.html|https://docs.python.org/3.14/library/copy.html|https://docs.python.org/3.14/library/typing.html,candidate_plus_official,drafted,source locator TV_PYTHON_DATA_TYPES_12
PYI_03_022,topic::03_objects_types_mutability,cards/03_objects_types_mutability.txt,a15f02534ad20e1aab3e52841a612aa9924b66ce6c02ddf588095190c174218e,https://github.com/tavor118/pj_python_interview_questions_and_answers/blob/02d57a7a9f34fd386eb8aa5c0094fe3f3c3ba141/docs/python/data_types.md#L689-L828,https://docs.python.org/3.14/reference/datamodel.html|https://docs.python.org/3.14/library/stdtypes.html|https://docs.python.org/3.14/library/copy.html|https://docs.python.org/3.14/library/typing.html,candidate_plus_official,drafted,source locator TV_PYTHON_DATA_TYPES_15
PYI_04_001,topic::04_collections,cards/04_collections.txt,3d3178b3dfec06607fd8b2aad8f5e575e1556807ab93dcf59e08cecb3536a2b8,https://github.com/tavor118/pj_python_interview_questions_and_answers/blob/02d57a7a9f34fd386eb8aa5c0094fe3f3c3ba141/docs/python/sequences.md#L202-L291,https://docs.python.org/3.14/library/stdtypes.html|https://docs.python.org/3.14/library/collections.html|https://docs.python.org/3.14/howto/sorting.html,candidate_plus_official,drafted,source locator TV_PYTHON_SEQUENCES_10
PYI_04_002,topic::04_collections,cards/04_collections.txt,b3599ae350840cac636c3d108e785d40839bfef4dab87292a2c8c111c15c77b8,https://github.com/tavor118/pj_python_interview_questions_and_answers/blob/02d57a7a9f34fd386eb8aa5c0094fe3f3c3ba141/docs/python/sequences.md#L406-L428,https://docs.python.org/3.14/library/stdtypes.html|https://docs.python.org/3.14/library/collections.html|https://docs.python.org/3.14/howto/sorting.html,candidate_plus_official,drafted,source locator TV_PYTHON_SEQUENCES_17
PYI_04_003,topic::04_collections,cards/04_collections.txt,396a0cdfe711a7f52d6eb017e0912c6c7600a36f9247850aca0986476b4e2c09,https://github.com/tavor118/pj_python_interview_questions_and_answers/blob/02d57a7a9f34fd386eb8aa5c0094fe3f3c3ba141/docs/python/sequences.md#L292-L321,https://docs.python.org/3.14/library/stdtypes.html|https://docs.python.org/3.14/library/collections.html|https://docs.python.org/3.14/howto/sorting.html,candidate_plus_official,drafted,source locator TV_PYTHON_SEQUENCES_11
PYI_04_004,topic::04_collections,cards/04_collections.txt,bcc4895dba559c5cd04b18bcaec0f50cf121afa26c23b1d0623fe9e89c879737,https://github.com/tavor118/pj_python_interview_questions_and_answers/blob/02d57a7a9f34fd386eb8aa5c0094fe3f3c3ba141/docs/python/sequences.md#L292-L321,https://docs.python.org/3.14/library/stdtypes.html|https://docs.python.org/3.14/library/collections.html|https://docs.python.org/3.14/howto/sorting.html,candidate_plus_official,drafted,source locator TV_PYTHON_SEQUENCES_11
PYI_04_005,topic::04_collections,cards/04_collections.txt,f75bdb75ad2ab70e1c691bff18144831c13bb068c591f96a258237dd48323bb4,https://github.com/tavor118/pj_python_interview_questions_and_answers/blob/02d57a7a9f34fd386eb8aa5c0094fe3f3c3ba141/docs/python/sequences.md#L202-L291,https://docs.python.org/3.14/library/stdtypes.html|https://docs.python.org/3.14/library/collections.html|https://docs.python.org/3.14/howto/sorting.html,candidate_plus_official,drafted,source locator TV_PYTHON_SEQUENCES_10
PYI_04_006,topic::04_collections,cards/04_collections.txt,2f627597d20f7766840c61c263b2b96148d8dff2826f07958c063997c18076f9,https://github.com/tavor118/pj_python_interview_questions_and_answers/blob/02d57a7a9f34fd386eb8aa5c0094fe3f3c3ba141/docs/python/set_and_dict.md#L293-L387,https://docs.python.org/3.14/library/stdtypes.html|https://docs.python.org/3.14/library/collections.html|https://docs.python.org/3.14/howto/sorting.html,candidate_plus_official,drafted,source locator TV_PYTHON_SET_AND_DICT_14
PYI_04_007,topic::04_collections,cards/04_collections.txt,9a7ce232cce67fd89e8e8210ced05de60c50c386072c0e279a19dc2faf04afb2,https://github.com/tavor118/pj_python_interview_questions_and_answers/blob/02d57a7a9f34fd386eb8aa5c0094fe3f3c3ba141/docs/python/set_and_dict.md#L206-L242,https://docs.python.org/3.14/library/stdtypes.html|https://docs.python.org/3.14/library/collections.html|https://docs.python.org/3.14/howto/sorting.html,candidate_plus_official,drafted,source locator TV_PYTHON_SET_AND_DICT_11
PYI_04_008,topic::04_collections,cards/04_collections.txt,179147eb458a7e14c575bc08fff68ef7bc8bc33a6e6cb35ff9d7574ca13923a7,https://github.com/tavor118/pj_python_interview_questions_and_answers/blob/02d57a7a9f34fd386eb8aa5c0094fe3f3c3ba141/docs/python/set_and_dict.md#L118-L138,https://docs.python.org/3.14/library/stdtypes.html|https://docs.python.org/3.14/library/collections.html|https://docs.python.org/3.14/howto/sorting.html,candidate_plus_official,drafted,source locator TV_PYTHON_SET_AND_DICT_06
PYI_04_009,topic::04_collections,cards/04_collections.txt,a8422e724bba5a05e05f3a4ba47998c5b28ebca5f07a0aaa2c122c4e5fc73417,https://github.com/tavor118/pj_python_interview_questions_and_answers/blob/02d57a7a9f34fd386eb8aa5c0094fe3f3c3ba141/docs/python/set_and_dict.md#L173-L190,https://docs.python.org/3.14/library/stdtypes.html|https://docs.python.org/3.14/library/collections.html|https://docs.python.org/3.14/howto/sorting.html,candidate_plus_official,drafted,source locator TV_PYTHON_SET_AND_DICT_09
PYI_04_010,topic::04_collections,cards/04_collections.txt,e16eb9b36b524414dd26f46b9b5946880ef52e05e4bd3f14f8d691a9294cc9a1,https://github.com/tavor118/pj_python_interview_questions_and_answers/blob/02d57a7a9f34fd386eb8aa5c0094fe3f3c3ba141/docs/python/set_and_dict.md#L154-L172,https://docs.python.org/3.14/library/stdtypes.html|https://docs.python.org/3.14/library/collections.html|https://docs.python.org/3.14/howto/sorting.html,candidate_plus_official,drafted,source locator TV_PYTHON_SET_AND_DICT_08
PYI_04_011,topic::04_collections,cards/04_collections.txt,9ffaf74a6293e6f00569e2ef55b1eccdf9a052f1e2b6d280caa87b404448dcfa,https://github.com/tavor118/pj_python_interview_questions_and_answers/blob/02d57a7a9f34fd386eb8aa5c0094fe3f3c3ba141/docs/python/set_and_dict.md#L118-L138,https://docs.python.org/3.14/library/stdtypes.html|https://docs.python.org/3.14/library/collections.html|https://docs.python.org/3.14/howto/sorting.html,candidate_plus_official,drafted,source locator TV_PYTHON_SET_AND_DICT_06
PYI_04_012,topic::04_collections,cards/04_collections.txt,a8f0c4a57980e3529cd952f997e9a8321798767c677a916515510624bfa936be,https://github.com/tavor118/pj_python_interview_questions_and_answers/blob/02d57a7a9f34fd386eb8aa5c0094fe3f3c3ba141/docs/python/set_and_dict.md#L173-L190,https://docs.python.org/3.14/library/stdtypes.html|https://docs.python.org/3.14/library/collections.html|https://docs.python.org/3.14/howto/sorting.html,candidate_plus_official,drafted,source locator TV_PYTHON_SET_AND_DICT_09
PYI_04_013,topic::04_collections,cards/04_collections.txt,2e5b4187ed49998d70d0d0f8f32d4d39a044348b27a7cd6bc00ad7eff4c55e5f,https://github.com/tavor118/pj_python_interview_questions_and_answers/blob/02d57a7a9f34fd386eb8aa5c0094fe3f3c3ba141/docs/python/set_and_dict.md#L17-L35,https://docs.python.org/3.14/library/stdtypes.html|https://docs.python.org/3.14/library/collections.html|https://docs.python.org/3.14/howto/sorting.html,candidate_plus_official,drafted,source locator TV_PYTHON_SET_AND_DICT_02
PYI_04_014,topic::04_collections,cards/04_collections.txt,1d5e09f5cf8893fa4b107f8b5e7135306a5904eea5a7304d93cacaba7b9e01bc,https://github.com/tavor118/pj_python_interview_questions_and_answers/blob/02d57a7a9f34fd386eb8aa5c0094fe3f3c3ba141/docs/python/set_and_dict.md#L36-L70,https://docs.python.org/3.14/library/stdtypes.html|https://docs.python.org/3.14/library/collections.html|https://docs.python.org/3.14/howto/sorting.html,candidate_plus_official,drafted,source locator TV_PYTHON_SET_AND_DICT_03
PYI_04_015,topic::04_collections,cards/04_collections.txt,03cb34d7557b88b097341857ecd7f5e3ee12fafecb424b874457c7ba4ecb25a9,https://github.com/tavor118/pj_python_interview_questions_and_answers/blob/02d57a7a9f34fd386eb8aa5c0094fe3f3c3ba141/docs/python/set_and_dict.md#L36-L70,https://docs.python.org/3.14/library/stdtypes.html|https://docs.python.org/3.14/library/collections.html|https://docs.python.org/3.14/howto/sorting.html,candidate_plus_official,drafted,source locator TV_PYTHON_SET_AND_DICT_03
PYI_04_016,topic::04_collections,cards/04_collections.txt,6d152778f999bb4bdd5ad7b197b5a77f77dd62ebc561c08b5719b1dab888b14b,https://github.com/tavor118/pj_python_interview_questions_and_answers/blob/02d57a7a9f34fd386eb8aa5c0094fe3f3c3ba141/docs/python/set_and_dict.md#L388-L440,https://docs.python.org/3.14/library/stdtypes.html|https://docs.python.org/3.14/library/collections.html|https://docs.python.org/3.14/howto/sorting.html,candidate_plus_official,drafted,source locator TV_PYTHON_SET_AND_DICT_15
PYI_04_017,topic::04_collections,cards/04_collections.txt,cd08264d5756db3aeb96a2ffa1468e9965d6df6964eecb85791ef7a895207189,https://github.com/tavor118/pj_python_interview_questions_and_answers/blob/02d57a7a9f34fd386eb8aa5c0094fe3f3c3ba141/docs/python/set_and_dict.md#L139-L153,https://docs.python.org/3.14/library/stdtypes.html|https://docs.python.org/3.14/library/collections.html|https://docs.python.org/3.14/howto/sorting.html,candidate_plus_official,drafted,source locator TV_PYTHON_SET_AND_DICT_07
PYI_04_018,topic::04_collections,cards/04_collections.txt,2c5125407ef2ef4c67b4671dd8b7b51039f9f39284deafe8d932d7d11954177b,,https://docs.python.org/3.14/library/stdtypes.html|https://docs.python.org/3.14/library/collections.html|https://docs.python.org/3.14/howto/sorting.html,official_only,drafted,source locator OFFICIAL
PYI_04_019,topic::04_collections,cards/04_collections.txt,052f61276f026063964019e96a794c52a761eda10b44a5ba7532073329d1ff78,https://github.com/tavor118/pj_python_interview_questions_and_answers/blob/02d57a7a9f34fd386eb8aa5c0094fe3f3c3ba141/docs/python/sequences.md#L503-L516,https://docs.python.org/3.14/library/stdtypes.html|https://docs.python.org/3.14/library/collections.html|https://docs.python.org/3.14/howto/sorting.html,candidate_plus_official,drafted,source locator TV_PYTHON_SEQUENCES_19
PYI_04_020,topic::04_collections,cards/04_collections.txt,8b1bd7a3c0ce379d224bab5397b9044e0076bb2d80d771400be19fea02810225,https://github.com/tavor118/pj_python_interview_questions_and_answers/blob/02d57a7a9f34fd386eb8aa5c0094fe3f3c3ba141/docs/python/sequences.md#L292-L321,https://docs.python.org/3.14/library/stdtypes.html|https://docs.python.org/3.14/library/collections.html|https://docs.python.org/3.14/howto/sorting.html,candidate_plus_official,drafted,source locator TV_PYTHON_SEQUENCES_11
PYI_04_021,topic::04_collections,cards/04_collections.txt,60591fe9eb7a4fcbbf370783a557d5c60727b77375c1e357dc3a2bfc1b6a2247,,https://docs.python.org/3.14/library/stdtypes.html|https://docs.python.org/3.14/library/collections.html|https://docs.python.org/3.14/howto/sorting.html,official_only,drafted,source locator OFFICIAL
PYI_04_022,topic::04_collections,cards/04_collections.txt,0e52e42f3c507d637a991d4f77c22e9e2c9c7ef91f06cebccd24fd9cac695dae,https://github.com/tavor118/pj_python_interview_questions_and_answers/blob/02d57a7a9f34fd386eb8aa5c0094fe3f3c3ba141/docs/python/set_and_dict.md#L540-L592,https://docs.python.org/3.14/library/stdtypes.html|https://docs.python.org/3.14/library/collections.html|https://docs.python.org/3.14/howto/sorting.html,candidate_plus_official,drafted,source locator TV_PYTHON_SET_AND_DICT_18
PYI_04_023,topic::04_collections,cards/04_collections.txt,62dc0dcab12f1af01a641a03901c435a0faaa215cda7b0632c7b7c7a248205a0,,https://docs.python.org/3.14/library/stdtypes.html|https://docs.python.org/3.14/library/collections.html|https://docs.python.org/3.14/howto/sorting.html,official_only,drafted,source locator OFFICIAL
PYI_04_024,topic::04_collections,cards/04_collections.txt,c4e5399a6c5bef1a787b3f1a6b09baa0072c7556129b8cdb0997b52a9f522220,https://github.com/tavor118/pj_python_interview_questions_and_answers/blob/02d57a7a9f34fd386eb8aa5c0094fe3f3c3ba141/docs/python/set_and_dict.md#L441-L511,https://docs.python.org/3.14/library/stdtypes.html|https://docs.python.org/3.14/library/collections.html|https://docs.python.org/3.14/howto/sorting.html,candidate_plus_official,drafted,source locator TV_PYTHON_SET_AND_DICT_16
PYI_05_001,topic::05_functions_scope_closures,cards/05_functions_scope_closures.txt,878cdec5ce20c34ec0652a4d1f858a504bc201919f894443d0c063d9f27dab0b,https://github.com/tavor118/pj_python_interview_questions_and_answers/blob/02d57a7a9f34fd386eb8aa5c0094fe3f3c3ba141/docs/python/functions.md#L57-L93,https://docs.python.org/3.14/reference/compound_stmts.html#function-definitions|https://docs.python.org/3.14/reference/expressions.html#calls,candidate_plus_official,drafted,Signature boundary
PYI_05_002,topic::05_functions_scope_closures,cards/05_functions_scope_closures.txt,bbef3dceaa23c85390463a103faed91574e0106185cc88df42875003fe5de5a5,https://github.com/tavor118/pj_python_interview_questions_and_answers/blob/02d57a7a9f34fd386eb8aa5c0094fe3f3c3ba141/docs/python/functions.md#L57-L93,https://docs.python.org/3.14/reference/expressions.html#calls,candidate_plus_official,drafted,Duplicate binding
PYI_05_003,topic::05_functions_scope_closures,cards/05_functions_scope_closures.txt,cb4bb4e6c8c9b9fa0858a77896344637ee93556ce80aaf3ee157e840762b9855,https://github.com/tavor118/pj_python_interview_questions_and_answers/blob/02d57a7a9f34fd386eb8aa5c0094fe3f3c3ba141/docs/python/functions.md#L35-L56,https://docs.python.org/3.14/reference/expressions.html#calls|https://docs.python.org/3.14/faq/programming.html,candidate_plus_official,drafted,Argument forwarding
PYI_05_004,topic::05_functions_scope_closures,cards/05_functions_scope_closures.txt,d85a41ce2589c163fd46f04dfe4da83184afc1c1e9a1b3300e5d6858b22d0e3d,https://github.com/tavor118/pj_python_interview_questions_and_answers/blob/02d57a7a9f34fd386eb8aa5c0094fe3f3c3ba141/docs/python/functions.md#L35-L93,https://docs.python.org/3.14/reference/expressions.html#calls,candidate_plus_official,drafted,Binding exercise
PYI_05_005,topic::05_functions_scope_closures,cards/05_functions_scope_closures.txt,f4f9c393c80b88735292c69a7a4ad051eef27c00e9cd50da7ca666556d2e8417,https://github.com/tavor118/pj_python_interview_questions_and_answers/blob/02d57a7a9f34fd386eb8aa5c0094fe3f3c3ba141/docs/python/functions.md#L35-L93,https://docs.python.org/3.14/reference/expressions.html#calls|https://docs.python.org/3.14/library/inspect.html#inspect.signature,candidate_plus_official,drafted,Wrapper call boundary
PYI_05_006,topic::05_functions_scope_closures,cards/05_functions_scope_closures.txt,45dd4013dfc02f79ee55432c0920eedc99399c8dd45a82e2b90dc9d2bcd040f9,https://github.com/tavor118/pj_python_interview_questions_and_answers/blob/02d57a7a9f34fd386eb8aa5c0094fe3f3c3ba141/docs/python/functions.md#L94-L138,https://docs.python.org/3.14/reference/compound_stmts.html#function-definitions|https://docs.python.org/3.14/faq/programming.html#why-are-default-values-shared-between-objects,candidate_plus_official,drafted,Mutable default
PYI_05_007,topic::05_functions_scope_closures,cards/05_functions_scope_closures.txt,25294f134781e947629a94356ca0e352161ab08af5c19f6f7db4dc410394925c,https://github.com/tavor118/pj_python_interview_questions_and_answers/blob/02d57a7a9f34fd386eb8aa5c0094fe3f3c3ba141/docs/python/functions.md#L94-L138,https://docs.python.org/3.14/reference/compound_stmts.html#function-definitions,candidate_plus_official,drafted,Default evaluation time
PYI_05_008,topic::05_functions_scope_closures,cards/05_functions_scope_closures.txt,a80b5dffdaeddf159253ce288b285d3ee62ad790310d99f833c7c332def29fe5,https://github.com/tavor118/pj_python_interview_questions_and_answers/blob/02d57a7a9f34fd386eb8aa5c0094fe3f3c3ba141/docs/python/functions.md#L139-L220,https://docs.python.org/3.14/reference/compound_stmts.html#function-definitions,candidate_plus_official,drafted,Sentinel semantics
PYI_05_009,topic::05_functions_scope_closures,cards/05_functions_scope_closures.txt,7aaa11af76a08ef0f98937fdad9b50aadd7379b380460790cd6c7979f608e6bd,https://github.com/tavor118/pj_python_interview_questions_and_answers/blob/02d57a7a9f34fd386eb8aa5c0094fe3f3c3ba141/docs/python/functions.md#L373-L421,https://docs.python.org/3.14/faq/programming.html#how-do-i-write-a-function-with-output-parameters-call-by-reference,candidate_plus_official,drafted,Rebinding versus mutation
PYI_05_010,topic::05_functions_scope_closures,cards/05_functions_scope_closures.txt,00fbe2afb85112b51a16065d7532a741f1b654e2c21167028126e58fe1c6e12c,https://github.com/tavor118/pj_python_interview_questions_and_answers/blob/02d57a7a9f34fd386eb8aa5c0094fe3f3c3ba141/docs/python/functions.md#L373-L421,https://docs.python.org/3.14/faq/programming.html#how-do-i-write-a-function-with-output-parameters-call-by-reference,candidate_plus_official,drafted,Pass by assignment
PYI_05_011,topic::05_functions_scope_closures,cards/05_functions_scope_closures.txt,770237c7874d9e2f85266fa1f960dc9f6238bad9dcc1a369ae8b48519775eccd,https://github.com/tavor118/pj_python_interview_questions_and_answers/blob/02d57a7a9f34fd386eb8aa5c0094fe3f3c3ba141/docs/python/functions.md#L373-L421,https://docs.python.org/3.14/library/copy.html|https://docs.python.org/3.14/faq/programming.html#why-did-changing-list-y-also-change-list-x,candidate_plus_official,drafted,Nested aliasing
PYI_05_012,topic::05_functions_scope_closures,cards/05_functions_scope_closures.txt,f2daba61777ffb566c73fba8798db6ba1bbe9d54c15cb9f3bbc00ac52eafe797,https://github.com/tavor118/pj_python_interview_questions_and_answers/blob/02d57a7a9f34fd386eb8aa5c0094fe3f3c3ba141/docs/python/namespace_and_context_manager.md#L133-L189,https://docs.python.org/3.14/reference/executionmodel.html#resolution-of-names|https://docs.python.org/3.14/faq/programming.html#why-am-i-getting-an-unboundlocalerror-when-the-variable-has-a-value,candidate_plus_official,drafted,Local binding decision
PYI_05_013,topic::05_functions_scope_closures,cards/05_functions_scope_closures.txt,d5c0abee4b9222296893e98b6a3156d8407f8097042ba6051f86f5e2c99a0f99,https://github.com/tavor118/pj_python_interview_questions_and_answers/blob/02d57a7a9f34fd386eb8aa5c0094fe3f3c3ba141/docs/python/namespace_and_context_manager.md#L133-L189,https://docs.python.org/3.14/reference/simple_stmts.html#the-global-statement|https://docs.python.org/3.14/reference/simple_stmts.html#the-nonlocal-statement,candidate_plus_official,drafted,Binding declaration
PYI_05_014,topic::05_functions_scope_closures,cards/05_functions_scope_closures.txt,8d84e746a50d74ca0bfb253e0772113fcd2b24a1d7e03ea8a9ad6b6c21e1fd1f,https://github.com/tavor118/pj_python_interview_questions_and_answers/blob/02d57a7a9f34fd386eb8aa5c0094fe3f3c3ba141/docs/python/namespace_and_context_manager.md#L99-L132,https://docs.python.org/3.14/reference/executionmodel.html#resolution-of-names,candidate_plus_official,drafted,Builtin shadowing
PYI_05_015,topic::05_functions_scope_closures,cards/05_functions_scope_closures.txt,97709547da6008e63ee04333b6112b98cc3e59429f2e77faa9be64daef1d3fdb,https://github.com/tavor118/pj_python_interview_questions_and_answers/blob/02d57a7a9f34fd386eb8aa5c0094fe3f3c3ba141/docs/python/namespace_and_context_manager.md#L99-L132,https://docs.python.org/3.14/reference/executionmodel.html#resolution-of-names,candidate_plus_official,drafted,Class scope boundary
PYI_05_016,topic::05_functions_scope_closures,cards/05_functions_scope_closures.txt,97a8109b64120d83cf7292cdfc9cde012c3c965574b7c2084d9df048589f49c5,https://github.com/tavor118/pj_python_interview_questions_and_answers/blob/02d57a7a9f34fd386eb8aa5c0094fe3f3c3ba141/docs/python/functions.md#L422-L516,https://docs.python.org/3.14/faq/programming.html#why-do-lambdas-defined-in-a-loop-with-different-values-all-return-the-same-result,candidate_plus_official,drafted,Late binding
PYI_05_017,topic::05_functions_scope_closures,cards/05_functions_scope_closures.txt,8d88b5bf904963d20a56501ef1af8ddfa30168dc9eaa3476f83f78d954679226,https://github.com/tavor118/pj_python_interview_questions_and_answers/blob/02d57a7a9f34fd386eb8aa5c0094fe3f3c3ba141/docs/python/functions.md#L422-L516,https://docs.python.org/3.14/faq/programming.html#why-do-lambdas-defined-in-a-loop-with-different-values-all-return-the-same-result|https://docs.python.org/3.14/reference/compound_stmts.html#function-definitions,candidate_plus_official,drafted,Definition-time capture
PYI_05_018,topic::05_functions_scope_closures,cards/05_functions_scope_closures.txt,417f29b6eb0f8cce87ea5a9b6d4dddd4b0c4ba029e9a4f2095ddfd4043d7fb4d,https://github.com/tavor118/pj_python_interview_questions_and_answers/blob/02d57a7a9f34fd386eb8aa5c0094fe3f3c3ba141/docs/python/functions.md#L422-L516,https://docs.python.org/3.14/reference/simple_stmts.html#the-nonlocal-statement|https://docs.python.org/3.14/reference/executionmodel.html#resolution-of-names,candidate_plus_official,drafted,Stateful closure
PYI_05_019,topic::05_functions_scope_closures,cards/05_functions_scope_closures.txt,c7a30bf18dd0b0da7a9577708e75ba0aed796c25e246540975b128fb991efb1a,https://github.com/tavor118/pj_python_interview_questions_and_answers/blob/02d57a7a9f34fd386eb8aa5c0094fe3f3c3ba141/docs/python/functions.md#L422-L516,https://docs.python.org/3.14/reference/datamodel.html|https://docs.python.org/3.14/reference/executionmodel.html#resolution-of-names,candidate_plus_official,drafted,Closure lifetime
PYI_05_020,topic::05_functions_scope_closures,cards/05_functions_scope_closures.txt,b4fea69970c6532a52255e7ecf7140382a709253cf5fbf99457ed7dbc0f8e593,https://github.com/tavor118/pj_python_interview_questions_and_answers/blob/02d57a7a9f34fd386eb8aa5c0094fe3f3c3ba141/docs/python/functions.md#L221-L228,https://docs.python.org/3.14/reference/datamodel.html#objects-values-and-types,candidate_plus_official,drafted,Function object versus result
PYI_05_021,topic::05_functions_scope_closures,cards/05_functions_scope_closures.txt,1719f32443973869819828c3f97fc3b99f00e3ee552704882d64b37e2492c586,https://github.com/tavor118/pj_python_interview_questions_and_answers/blob/02d57a7a9f34fd386eb8aa5c0094fe3f3c3ba141/docs/python/functions.md#L315-L372,https://docs.python.org/3.14/reference/expressions.html#lambdas|https://docs.python.org/3.14/reference/compound_stmts.html#function-definitions,candidate_plus_official,drafted,Lambda trade-off
PYI_05_022,topic::05_functions_scope_closures,cards/05_functions_scope_closures.txt,1d93ddd48008b9cbc7a4a402dc229f72903c9e5f7d94a17a707f8558f80d871a,https://github.com/tavor118/pj_python_interview_questions_and_answers/blob/02d57a7a9f34fd386eb8aa5c0094fe3f3c3ba141/docs/python/functions.md#L422-L516,https://docs.python.org/3.14/reference/datamodel.html#object.__call__,candidate_plus_official,drafted,Callable design
PYI_05_023,topic::05_functions_scope_closures,cards/05_functions_scope_closures.txt,163a14eac4a8aa1f81a4b034f482db4feaafe5016e62a3b4737381140fadbcf4,https://github.com/tavor118/pj_python_interview_questions_and_answers/blob/02d57a7a9f34fd386eb8aa5c0094fe3f3c3ba141/docs/python/data_types.md#L610-L648,https://docs.python.org/3.14/reference/compound_stmts.html#annotations|https://docs.python.org/3.14/library/typing.html,candidate_plus_official,drafted,Runtime typing boundary
PYI_05_024,topic::05_functions_scope_closures,cards/05_functions_scope_closures.txt,e3eaa5ad1f6caff72a5c79fc9528cbf4371bf35f04d9981b604077e8c921c99a,https://github.com/tavor118/pj_python_interview_questions_and_answers/blob/02d57a7a9f34fd386eb8aa5c0094fe3f3c3ba141/docs/python/data_types.md#L610-L648,https://docs.python.org/3.14/howto/annotations.html|https://docs.python.org/3.14/library/annotationlib.html|https://peps.python.org/pep-0649/,candidate_plus_official,drafted,Python 3.14 deferred annotations
PYI_06_001,topic::06_oop_data_model,cards/06_oop_data_model.txt,9ab342f42d7a06e4b4321caabbc8afeb5713f9624158f330e3cbf8f196607edf,https://github.com/tavor118/pj_python_interview_questions_and_answers/blob/02d57a7a9f34fd386eb8aa5c0094fe3f3c3ba141/docs/python/class_and_object.md#L78-L98,https://docs.python.org/3.14/reference/datamodel.html|https://docs.python.org/3.14/howto/descriptor.html|https://docs.python.org/3.14/howto/mro.html|https://docs.python.org/3.14/library/dataclasses.html,candidate_plus_official,drafted,source locator TV_PYTHON_CLASS_AND_OBJECT_04
PYI_06_002,topic::06_oop_data_model,cards/06_oop_data_model.txt,9be019115ef60b062a03f162c1148b8852265b2a98879df5333d8331545e6fdb,https://github.com/tavor118/pj_python_interview_questions_and_answers/blob/02d57a7a9f34fd386eb8aa5c0094fe3f3c3ba141/docs/python/class_and_object.md#L78-L98,https://docs.python.org/3.14/reference/datamodel.html|https://docs.python.org/3.14/howto/descriptor.html|https://docs.python.org/3.14/howto/mro.html|https://docs.python.org/3.14/library/dataclasses.html,candidate_plus_official,drafted,source locator TV_PYTHON_CLASS_AND_OBJECT_04
PYI_06_003,topic::06_oop_data_model,cards/06_oop_data_model.txt,592608d084f64892c4a94d6506bbafa5997268b071ae040cefd56ad25e4f3fe7,https://github.com/tavor118/pj_python_interview_questions_and_answers/blob/02d57a7a9f34fd386eb8aa5c0094fe3f3c3ba141/docs/python/class_and_object.md#L61-L77,https://docs.python.org/3.14/reference/datamodel.html|https://docs.python.org/3.14/howto/descriptor.html|https://docs.python.org/3.14/howto/mro.html|https://docs.python.org/3.14/library/dataclasses.html,candidate_plus_official,drafted,source locator TV_PYTHON_CLASS_AND_OBJECT_03
PYI_06_004,topic::06_oop_data_model,cards/06_oop_data_model.txt,ad0ff6f0195f6bdf08c70f96b0cfcb9dc05b80de08b7e34e14da8c4ee7bef5a2,https://github.com/tavor118/pj_python_interview_questions_and_answers/blob/02d57a7a9f34fd386eb8aa5c0094fe3f3c3ba141/docs/python/class_and_object.md#L1047-L1124,https://docs.python.org/3.14/reference/datamodel.html|https://docs.python.org/3.14/howto/descriptor.html|https://docs.python.org/3.14/howto/mro.html|https://docs.python.org/3.14/library/dataclasses.html,candidate_plus_official,drafted,source locator TV_PYTHON_CLASS_AND_OBJECT_29
PYI_06_005,topic::06_oop_data_model,cards/06_oop_data_model.txt,888d14f7f093b1cde7326fc019397d26abe1177560a13417ac47d54683adfe5a,https://github.com/tavor118/pj_python_interview_questions_and_answers/blob/02d57a7a9f34fd386eb8aa5c0094fe3f3c3ba141/docs/python/class_and_object.md#L259-L301,https://docs.python.org/3.14/reference/datamodel.html|https://docs.python.org/3.14/howto/descriptor.html|https://docs.python.org/3.14/howto/mro.html|https://docs.python.org/3.14/library/dataclasses.html,candidate_plus_official,drafted,source locator TV_PYTHON_CLASS_AND_OBJECT_11
PYI_06_006,topic::06_oop_data_model,cards/06_oop_data_model.txt,2aa7f83c138748e39fdf3be7358078a7ebc8cad993cf7a590189ea9986883621,https://github.com/tavor118/pj_python_interview_questions_and_answers/blob/02d57a7a9f34fd386eb8aa5c0094fe3f3c3ba141/docs/python/class_and_object.md#L714-L769,https://docs.python.org/3.14/reference/datamodel.html|https://docs.python.org/3.14/howto/descriptor.html|https://docs.python.org/3.14/howto/mro.html|https://docs.python.org/3.14/library/dataclasses.html,candidate_plus_official,drafted,source locator TV_PYTHON_CLASS_AND_OBJECT_22
PYI_06_007,topic::06_oop_data_model,cards/06_oop_data_model.txt,739e7f6092f6b125c790a240f89058839331560c7b42464f7568431f546edd88,https://github.com/tavor118/pj_python_interview_questions_and_answers/blob/02d57a7a9f34fd386eb8aa5c0094fe3f3c3ba141/docs/python/class_and_object.md#L1047-L1124,https://docs.python.org/3.14/reference/datamodel.html|https://docs.python.org/3.14/howto/descriptor.html|https://docs.python.org/3.14/howto/mro.html|https://docs.python.org/3.14/library/dataclasses.html,candidate_plus_official,drafted,source locator TV_PYTHON_CLASS_AND_OBJECT_29
PYI_06_008,topic::06_oop_data_model,cards/06_oop_data_model.txt,23e4cd818c80183cf055f8904e15c76217812c3b1343f376192e808d8c592803,https://github.com/tavor118/pj_python_interview_questions_and_answers/blob/02d57a7a9f34fd386eb8aa5c0094fe3f3c3ba141/docs/python/class_and_object.md#L540-L585,https://docs.python.org/3.14/reference/datamodel.html|https://docs.python.org/3.14/howto/descriptor.html|https://docs.python.org/3.14/howto/mro.html|https://docs.python.org/3.14/library/dataclasses.html,candidate_plus_official,drafted,source locator TV_PYTHON_CLASS_AND_OBJECT_20
PYI_06_009,topic::06_oop_data_model,cards/06_oop_data_model.txt,8a2bdcce2b03e21cd5433ca6f85cb419b7871cc1e9aba0b1051beeeb930e7a59,https://github.com/tavor118/pj_python_interview_questions_and_answers/blob/02d57a7a9f34fd386eb8aa5c0094fe3f3c3ba141/docs/python/class_and_object.md#L1159-L1205,https://docs.python.org/3.14/reference/datamodel.html|https://docs.python.org/3.14/howto/descriptor.html|https://docs.python.org/3.14/howto/mro.html|https://docs.python.org/3.14/library/dataclasses.html,candidate_plus_official,drafted,source locator TV_PYTHON_CLASS_AND_OBJECT_31
PYI_06_010,topic::06_oop_data_model,cards/06_oop_data_model.txt,d69ce419daba28c8fb0c6f0428498b80a473ce47c523f1f34ffcd24868c302fe,https://github.com/tavor118/pj_python_interview_questions_and_answers/blob/02d57a7a9f34fd386eb8aa5c0094fe3f3c3ba141/docs/python/class_and_object.md#L1047-L1124,https://docs.python.org/3.14/reference/datamodel.html|https://docs.python.org/3.14/howto/descriptor.html|https://docs.python.org/3.14/howto/mro.html|https://docs.python.org/3.14/library/dataclasses.html,candidate_plus_official,drafted,source locator TV_PYTHON_CLASS_AND_OBJECT_29
PYI_06_011,topic::06_oop_data_model,cards/06_oop_data_model.txt,e793541f7d28ba954f4d303b6c79fd3dfa0d62ebec08e8b7772a32af8b89b064,https://github.com/tavor118/pj_python_interview_questions_and_answers/blob/02d57a7a9f34fd386eb8aa5c0094fe3f3c3ba141/docs/python/class_and_object.md#L961-L1046,https://docs.python.org/3.14/reference/datamodel.html|https://docs.python.org/3.14/howto/descriptor.html|https://docs.python.org/3.14/howto/mro.html|https://docs.python.org/3.14/library/dataclasses.html,candidate_plus_official,drafted,source locator TV_PYTHON_CLASS_AND_OBJECT_28
PYI_06_012,topic::06_oop_data_model,cards/06_oop_data_model.txt,3b50869fffcbaa693b2f3fb26d4a64f9c1a0157fea81533d71cf3d61cd4d68ef,https://github.com/tavor118/pj_python_interview_questions_and_answers/blob/02d57a7a9f34fd386eb8aa5c0094fe3f3c3ba141/docs/python/class_and_object.md#L1206-L1292,https://docs.python.org/3.14/reference/datamodel.html|https://docs.python.org/3.14/howto/descriptor.html|https://docs.python.org/3.14/howto/mro.html|https://docs.python.org/3.14/library/dataclasses.html,candidate_plus_official,drafted,source locator TV_PYTHON_CLASS_AND_OBJECT_32
PYI_06_013,topic::06_oop_data_model,cards/06_oop_data_model.txt,acfd5591a8c14145392d28c6c3f66b4b1fcf1e61dd3df1b262d06ea0e36a6c23,https://github.com/tavor118/pj_python_interview_questions_and_answers/blob/02d57a7a9f34fd386eb8aa5c0094fe3f3c3ba141/docs/python/class_and_object.md#L840-L940,https://docs.python.org/3.14/reference/datamodel.html|https://docs.python.org/3.14/howto/descriptor.html|https://docs.python.org/3.14/howto/mro.html|https://docs.python.org/3.14/library/dataclasses.html,candidate_plus_official,drafted,source locator TV_PYTHON_CLASS_AND_OBJECT_26
PYI_06_014,topic::06_oop_data_model,cards/06_oop_data_model.txt,f43fd779dc5fdfb28b1a9f78af05da5e408bc3648bf693a7cc15fde396f764f5,https://github.com/tavor118/pj_python_interview_questions_and_answers/blob/02d57a7a9f34fd386eb8aa5c0094fe3f3c3ba141/docs/python/class_and_object.md#L840-L940,https://docs.python.org/3.14/reference/datamodel.html|https://docs.python.org/3.14/howto/descriptor.html|https://docs.python.org/3.14/howto/mro.html|https://docs.python.org/3.14/library/dataclasses.html,candidate_plus_official,drafted,source locator TV_PYTHON_CLASS_AND_OBJECT_26
PYI_06_015,topic::06_oop_data_model,cards/06_oop_data_model.txt,ecbcb8891afe1cfd9a832304cf3ad2fb42efd969cc8c937e51a822ae1885deed,https://github.com/tavor118/pj_python_interview_questions_and_answers/blob/02d57a7a9f34fd386eb8aa5c0094fe3f3c3ba141/docs/python/class_and_object.md#L1047-L1124,https://docs.python.org/3.14/reference/datamodel.html|https://docs.python.org/3.14/howto/descriptor.html|https://docs.python.org/3.14/howto/mro.html|https://docs.python.org/3.14/library/dataclasses.html,candidate_plus_official,drafted,source locator TV_PYTHON_CLASS_AND_OBJECT_29
PYI_06_016,topic::06_oop_data_model,cards/06_oop_data_model.txt,706282a84583b7ca58b9a468bc38d9f17b69a5efaaa6e7e9bf92f9cf14754e7b,https://github.com/tavor118/pj_python_interview_questions_and_answers/blob/02d57a7a9f34fd386eb8aa5c0094fe3f3c3ba141/docs/python/class_and_object.md#L355-L412,https://docs.python.org/3.14/reference/datamodel.html|https://docs.python.org/3.14/howto/descriptor.html|https://docs.python.org/3.14/howto/mro.html|https://docs.python.org/3.14/library/dataclasses.html,candidate_plus_official,drafted,source locator TV_PYTHON_CLASS_AND_OBJECT_15
PYI_06_017,topic::06_oop_data_model,cards/06_oop_data_model.txt,2bac73c50e4dc1ef8e390b0b0cbdb24c09886710a39f975e74880e4a740b5ca6,https://github.com/tavor118/pj_python_interview_questions_and_answers/blob/02d57a7a9f34fd386eb8aa5c0094fe3f3c3ba141/docs/python/class_and_object.md#L322-L347,https://docs.python.org/3.14/reference/datamodel.html|https://docs.python.org/3.14/howto/descriptor.html|https://docs.python.org/3.14/howto/mro.html|https://docs.python.org/3.14/library/dataclasses.html,candidate_plus_official,drafted,source locator TV_PYTHON_CLASS_AND_OBJECT_13
PYI_06_018,topic::06_oop_data_model,cards/06_oop_data_model.txt,b1f2c3b6a3d7b6c54bb6cdf291d5e58e1f11689c6f3e83f33f7c3a5339f8c893,https://github.com/tavor118/pj_python_interview_questions_and_answers/blob/02d57a7a9f34fd386eb8aa5c0094fe3f3c3ba141/docs/python/class_and_object.md#L413-L435,https://docs.python.org/3.14/reference/datamodel.html|https://docs.python.org/3.14/howto/descriptor.html|https://docs.python.org/3.14/howto/mro.html|https://docs.python.org/3.14/library/dataclasses.html,candidate_plus_official,drafted,source locator TV_PYTHON_CLASS_AND_OBJECT_16
PYI_06_019,topic::06_oop_data_model,cards/06_oop_data_model.txt,3f393684313f5ae9d78c56ae2a2becfa69afe1aa28bbd984151113339af075cb,https://github.com/tavor118/pj_python_interview_questions_and_answers/blob/02d57a7a9f34fd386eb8aa5c0094fe3f3c3ba141/docs/python/class_and_object.md#L348-L354,https://docs.python.org/3.14/reference/datamodel.html|https://docs.python.org/3.14/howto/descriptor.html|https://docs.python.org/3.14/howto/mro.html|https://docs.python.org/3.14/library/dataclasses.html,candidate_plus_official,drafted,source locator TV_PYTHON_CLASS_AND_OBJECT_14
PYI_06_020,topic::06_oop_data_model,cards/06_oop_data_model.txt,30267cae96dc1c59833471dea9e980aceb157c962e73dfd9cf88072b7856cbed,https://github.com/tavor118/pj_python_interview_questions_and_answers/blob/02d57a7a9f34fd386eb8aa5c0094fe3f3c3ba141/docs/python/class_and_object.md#L436-L480,https://docs.python.org/3.14/reference/datamodel.html|https://docs.python.org/3.14/howto/descriptor.html|https://docs.python.org/3.14/howto/mro.html|https://docs.python.org/3.14/library/dataclasses.html,candidate_plus_official,drafted,source locator TV_PYTHON_CLASS_AND_OBJECT_17
PYI_06_021,topic::06_oop_data_model,cards/06_oop_data_model.txt,be5df43de59c8f55e19ea86a75310c24e8d52a2505dcd8752495f19b07fa787b,https://github.com/tavor118/pj_python_interview_questions_and_answers/blob/02d57a7a9f34fd386eb8aa5c0094fe3f3c3ba141/docs/python/class_and_object.md#L202-L210,https://docs.python.org/3.14/reference/datamodel.html|https://docs.python.org/3.14/howto/descriptor.html|https://docs.python.org/3.14/howto/mro.html|https://docs.python.org/3.14/library/dataclasses.html,candidate_plus_official,drafted,source locator TV_PYTHON_CLASS_AND_OBJECT_09
PYI_06_022,topic::06_oop_data_model,cards/06_oop_data_model.txt,fa40d6610759c2383689b1325f98472dcd71471d55589c37e17125e6e9e3e56c,https://github.com/tavor118/pj_python_interview_questions_and_answers/blob/02d57a7a9f34fd386eb8aa5c0094fe3f3c3ba141/docs/python/class_and_object.md#L166-L201,https://docs.python.org/3.14/reference/datamodel.html|https://docs.python.org/3.14/howto/descriptor.html|https://docs.python.org/3.14/howto/mro.html|https://docs.python.org/3.14/library/dataclasses.html,candidate_plus_official,drafted,source locator TV_PYTHON_CLASS_AND_OBJECT_08
PYI_06_023,topic::06_oop_data_model,cards/06_oop_data_model.txt,ac33e535c6bac75a6f97720654b923ea7291e9e4ec47b090261c043ac4837d11,https://github.com/tavor118/pj_python_interview_questions_and_answers/blob/02d57a7a9f34fd386eb8aa5c0094fe3f3c3ba141/docs/python/class_and_object.md#L166-L201,https://docs.python.org/3.14/reference/datamodel.html|https://docs.python.org/3.14/howto/descriptor.html|https://docs.python.org/3.14/howto/mro.html|https://docs.python.org/3.14/library/dataclasses.html,candidate_plus_official,drafted,source locator TV_PYTHON_CLASS_AND_OBJECT_08
PYI_06_024,topic::06_oop_data_model,cards/06_oop_data_model.txt,1f5d01c848e1cfb05014232c9003cfedf9c066287870780d6d7f69417eb2d557,https://github.com/tavor118/pj_python_interview_questions_and_answers/blob/02d57a7a9f34fd386eb8aa5c0094fe3f3c3ba141/docs/python/class_and_object.md#L166-L201,https://docs.python.org/3.14/reference/datamodel.html|https://docs.python.org/3.14/howto/descriptor.html|https://docs.python.org/3.14/howto/mro.html|https://docs.python.org/3.14/library/dataclasses.html,candidate_plus_official,drafted,source locator TV_PYTHON_CLASS_AND_OBJECT_08
PYI_06_025,topic::06_oop_data_model,cards/06_oop_data_model.txt,25688dcb359d2a92882b85551d8bd1ca9c471b852521a2f11fd03f3c004e28b4,https://github.com/tavor118/pj_python_interview_questions_and_answers/blob/02d57a7a9f34fd386eb8aa5c0094fe3f3c3ba141/docs/python/class_and_object.md#L481-L532,https://docs.python.org/3.14/reference/datamodel.html|https://docs.python.org/3.14/howto/descriptor.html|https://docs.python.org/3.14/howto/mro.html|https://docs.python.org/3.14/library/dataclasses.html,candidate_plus_official,drafted,source locator TV_PYTHON_CLASS_AND_OBJECT_18
PYI_06_026,topic::06_oop_data_model,cards/06_oop_data_model.txt,cb2d6e8272ee41835e779e1b9ba08632ca38c7063d050a5f00d046ee2953be6d,https://github.com/tavor118/pj_python_interview_questions_and_answers/blob/02d57a7a9f34fd386eb8aa5c0094fe3f3c3ba141/docs/python/class_and_object.md#L770-L790,https://docs.python.org/3.14/reference/datamodel.html|https://docs.python.org/3.14/howto/descriptor.html|https://docs.python.org/3.14/howto/mro.html|https://docs.python.org/3.14/library/dataclasses.html,candidate_plus_official,drafted,source locator TV_PYTHON_CLASS_AND_OBJECT_23
PYI_06_027,topic::06_oop_data_model,cards/06_oop_data_model.txt,434be027af3400509d353fe1f38b803fc85d88c268efd48e6552ef531d84ca8a,https://github.com/tavor118/pj_python_interview_questions_and_answers/blob/02d57a7a9f34fd386eb8aa5c0094fe3f3c3ba141/docs/python/class_and_object.md#L586-L713,https://docs.python.org/3.14/reference/datamodel.html|https://docs.python.org/3.14/howto/descriptor.html|https://docs.python.org/3.14/howto/mro.html|https://docs.python.org/3.14/library/dataclasses.html,candidate_plus_official,drafted,source locator TV_PYTHON_CLASS_AND_OBJECT_21
PYI_06_028,topic::06_oop_data_model,cards/06_oop_data_model.txt,16c1185ff16175ca90bca6a405abdd3a321b717980f61fd97f1873c176b99ca6,https://github.com/tavor118/pj_python_interview_questions_and_answers/blob/02d57a7a9f34fd386eb8aa5c0094fe3f3c3ba141/docs/python/class_and_object.md#L540-L585,https://docs.python.org/3.14/reference/datamodel.html|https://docs.python.org/3.14/howto/descriptor.html|https://docs.python.org/3.14/howto/mro.html|https://docs.python.org/3.14/library/dataclasses.html,candidate_plus_official,drafted,source locator TV_PYTHON_CLASS_AND_OBJECT_20
PYI_06_029,topic::06_oop_data_model,cards/06_oop_data_model.txt,fc076585c8b59854ef5973423fd71d0444e8d559af82b3350de4c221f5ac0290,https://github.com/tavor118/pj_python_interview_questions_and_answers/blob/02d57a7a9f34fd386eb8aa5c0094fe3f3c3ba141/docs/python/metaclass.md#L3-L42,https://docs.python.org/3.14/reference/datamodel.html|https://docs.python.org/3.14/howto/descriptor.html|https://docs.python.org/3.14/howto/mro.html|https://docs.python.org/3.14/library/dataclasses.html,candidate_plus_official,drafted,source locator TV_PYTHON_METACLASS_01
PYI_06_030,topic::06_oop_data_model,cards/06_oop_data_model.txt,d82fc731d194b90be62da07b5f938d913794a7e759a6ad3e742c0fc1a56d1881,https://github.com/tavor118/pj_python_interview_questions_and_answers/blob/02d57a7a9f34fd386eb8aa5c0094fe3f3c3ba141/docs/python/metaclass.md#L71-L98,https://docs.python.org/3.14/reference/datamodel.html|https://docs.python.org/3.14/howto/descriptor.html|https://docs.python.org/3.14/howto/mro.html|https://docs.python.org/3.14/library/dataclasses.html,candidate_plus_official,drafted,source locator TV_PYTHON_METACLASS_03
PYI_06_031,topic::06_oop_data_model,cards/06_oop_data_model.txt,d10d78449dafef9b2916d753838207d1281edde16b4f6e79bbf31c52c48c97c3,https://github.com/tavor118/pj_python_interview_questions_and_answers/blob/02d57a7a9f34fd386eb8aa5c0094fe3f3c3ba141/docs/python/class_and_object.md#L586-L713,https://docs.python.org/3.14/reference/datamodel.html|https://docs.python.org/3.14/howto/descriptor.html|https://docs.python.org/3.14/howto/mro.html|https://docs.python.org/3.14/library/dataclasses.html,candidate_plus_official,drafted,source locator TV_PYTHON_CLASS_AND_OBJECT_21
PYI_07_001,topic::07_decorators,cards/07_decorators.txt,f18a500d2b59bc8a077734f0af7ffadff4fe79287acf892b05846b79f1a8ab43,https://github.com/tavor118/pj_python_interview_questions_and_answers/blob/02d57a7a9f34fd386eb8aa5c0094fe3f3c3ba141/docs/python/decorators.md#L3-L79,https://docs.python.org/3.14/glossary.html#term-decorator|https://docs.python.org/3.14/library/functools.html#functools.wraps|https://docs.python.org/3.14/reference/compound_stmts.html#function-definitions,candidate_plus_official,drafted,source locator TV_PYTHON_DECORATORS_01
PYI_07_002,topic::07_decorators,cards/07_decorators.txt,42bfa3e6b1e23b24cb0091fd5dd44ca256fc42f2b67aaeec8df8b15f7f17e6d7,https://github.com/tavor118/pj_python_interview_questions_and_answers/blob/02d57a7a9f34fd386eb8aa5c0094fe3f3c3ba141/docs/python/decorators.md#L3-L79,https://docs.python.org/3.14/glossary.html#term-decorator|https://docs.python.org/3.14/library/functools.html#functools.wraps|https://docs.python.org/3.14/reference/compound_stmts.html#function-definitions,candidate_plus_official,drafted,source locator TV_PYTHON_DECORATORS_01
PYI_07_003,topic::07_decorators,cards/07_decorators.txt,51bd96edc78535f7795ac13c9e2ae000134c96dd00c70e35671839d120a99d5c,https://github.com/tavor118/pj_python_interview_questions_and_answers/blob/02d57a7a9f34fd386eb8aa5c0094fe3f3c3ba141/docs/python/decorators.md#L247-L278,https://docs.python.org/3.14/glossary.html#term-decorator|https://docs.python.org/3.14/library/functools.html#functools.wraps|https://docs.python.org/3.14/reference/compound_stmts.html#function-definitions,candidate_plus_official,drafted,source locator TV_PYTHON_DECORATORS_07
PYI_07_004,topic::07_decorators,cards/07_decorators.txt,e077577fc758ad4f28542ff113381dad9fcee2bdd994fbf338f353205442138b,https://github.com/tavor118/pj_python_interview_questions_and_answers/blob/02d57a7a9f34fd386eb8aa5c0094fe3f3c3ba141/docs/python/decorators.md#L247-L278,https://docs.python.org/3.14/glossary.html#term-decorator|https://docs.python.org/3.14/library/functools.html#functools.wraps|https://docs.python.org/3.14/reference/compound_stmts.html#function-definitions,candidate_plus_official,drafted,source locator TV_PYTHON_DECORATORS_07
PYI_07_005,topic::07_decorators,cards/07_decorators.txt,dd51203a13d8b832eaa51214eaa378c5900107eb9db244d01af252d17cb392ca,https://github.com/tavor118/pj_python_interview_questions_and_answers/blob/02d57a7a9f34fd386eb8aa5c0094fe3f3c3ba141/docs/python/decorators.md#L130-L190,https://docs.python.org/3.14/glossary.html#term-decorator|https://docs.python.org/3.14/library/functools.html#functools.wraps|https://docs.python.org/3.14/reference/compound_stmts.html#function-definitions,candidate_plus_official,drafted,source locator TV_PYTHON_DECORATORS_05
PYI_07_006,topic::07_decorators,cards/07_decorators.txt,416564e613338615da498d2b5dad129f433b52c39343fbd9495ee0a127e3dc31,https://github.com/tavor118/pj_python_interview_questions_and_answers/blob/02d57a7a9f34fd386eb8aa5c0094fe3f3c3ba141/docs/python/decorators.md#L191-L246,https://docs.python.org/3.14/glossary.html#term-decorator|https://docs.python.org/3.14/library/functools.html#functools.wraps|https://docs.python.org/3.14/reference/compound_stmts.html#function-definitions,candidate_plus_official,drafted,source locator TV_PYTHON_DECORATORS_06
PYI_07_007,topic::07_decorators,cards/07_decorators.txt,40bb1341d8b8f2a498ba8300ef13d1298bc79b246b663cde93d9fccbaf305f59,https://github.com/tavor118/pj_python_interview_questions_and_answers/blob/02d57a7a9f34fd386eb8aa5c0094fe3f3c3ba141/docs/python/decorators.md#L80-L111,https://docs.python.org/3.14/glossary.html#term-decorator|https://docs.python.org/3.14/library/functools.html#functools.wraps|https://docs.python.org/3.14/reference/compound_stmts.html#function-definitions,candidate_plus_official,drafted,source locator TV_PYTHON_DECORATORS_02
PYI_07_008,topic::07_decorators,cards/07_decorators.txt,e025bc10d93db08a52c2bb4f424272f1be90ff597e86dfec295ade4199a3f015,https://github.com/tavor118/pj_python_interview_questions_and_answers/blob/02d57a7a9f34fd386eb8aa5c0094fe3f3c3ba141/docs/python/decorators.md#L80-L111,https://docs.python.org/3.14/glossary.html#term-decorator|https://docs.python.org/3.14/library/functools.html#functools.wraps|https://docs.python.org/3.14/reference/compound_stmts.html#function-definitions,candidate_plus_official,drafted,source locator TV_PYTHON_DECORATORS_02
PYI_07_009,topic::07_decorators,cards/07_decorators.txt,edbbea25f22daa28bed0e5fac2c32bde5d361da7356926e2d664f2f91f8513e0,https://github.com/tavor118/pj_python_interview_questions_and_answers/blob/02d57a7a9f34fd386eb8aa5c0094fe3f3c3ba141/docs/python/decorators.md#L3-L79,https://docs.python.org/3.14/glossary.html#term-decorator|https://docs.python.org/3.14/library/functools.html#functools.wraps|https://docs.python.org/3.14/reference/compound_stmts.html#function-definitions,candidate_plus_official,drafted,source locator TV_PYTHON_DECORATORS_01
PYI_07_010,topic::07_decorators,cards/07_decorators.txt,6c33a08f78caa7eba570addf1211c407679b3721d15c920932847d7d331ac793,https://github.com/tavor118/pj_python_interview_questions_and_answers/blob/02d57a7a9f34fd386eb8aa5c0094fe3f3c3ba141/docs/python/decorators.md#L80-L111,https://docs.python.org/3.14/glossary.html#term-decorator|https://docs.python.org/3.14/library/functools.html#functools.wraps|https://docs.python.org/3.14/reference/compound_stmts.html#function-definitions,candidate_plus_official,drafted,source locator TV_PYTHON_DECORATORS_02
PYI_07_011,topic::07_decorators,cards/07_decorators.txt,88f51419a161ffac379f6a0cfae6b133ea116a44f65ed348ae34664ae24d7201,https://github.com/tavor118/pj_python_interview_questions_and_answers/blob/02d57a7a9f34fd386eb8aa5c0094fe3f3c3ba141/docs/python/decorators.md#L279-L322,https://docs.python.org/3.14/glossary.html#term-decorator|https://docs.python.org/3.14/library/functools.html#functools.wraps|https://docs.python.org/3.14/reference/compound_stmts.html#function-definitions,candidate_plus_official,drafted,source locator TV_PYTHON_DECORATORS_08
PYI_07_012,topic::07_decorators,cards/07_decorators.txt,75d417ec6ee34a47739cc89b1ebc992863b01e1d9086f8d90aa319b151f0e023,https://github.com/tavor118/pj_python_interview_questions_and_answers/blob/02d57a7a9f34fd386eb8aa5c0094fe3f3c3ba141/docs/python/decorators.md#L112-L120,https://docs.python.org/3.14/glossary.html#term-decorator|https://docs.python.org/3.14/library/functools.html#functools.wraps|https://docs.python.org/3.14/reference/compound_stmts.html#function-definitions,candidate_plus_official,drafted,source locator TV_PYTHON_DECORATORS_03
PYI_08_001,topic::08_iterators_generators,cards/08_iterators_generators.txt,8df3db21909af7c415b85f8c92793847c962eb47f1fd824b10c7084a4837de39,https://github.com/tavor118/pj_python_interview_questions_and_answers/blob/02d57a7a9f34fd386eb8aa5c0094fe3f3c3ba141/docs/python/iterator_and_generator.md#L19-L104,https://docs.python.org/3.14/library/stdtypes.html#iterator-types|https://docs.python.org/3.14/reference/expressions.html#yield-expressions|https://docs.python.org/3.14/reference/datamodel.html#object.__iter__,candidate_plus_official,drafted,source locator TV_PYTHON_ITERATOR_AND_GENERATOR_02
PYI_08_002,topic::08_iterators_generators,cards/08_iterators_generators.txt,6b4ee71eb6c0deb1540bdd231e54b9b8f82af8a816a7598bafe689594a95e0cb,https://github.com/tavor118/pj_python_interview_questions_and_answers/blob/02d57a7a9f34fd386eb8aa5c0094fe3f3c3ba141/docs/python/iterator_and_generator.md#L105-L193,https://docs.python.org/3.14/library/stdtypes.html#iterator-types|https://docs.python.org/3.14/reference/expressions.html#yield-expressions|https://docs.python.org/3.14/reference/datamodel.html#object.__iter__,candidate_plus_official,drafted,source locator TV_PYTHON_ITERATOR_AND_GENERATOR_03
PYI_08_003,topic::08_iterators_generators,cards/08_iterators_generators.txt,db8f5f53cd665ebe3b4d129f4216134a5c1f301f1fc129c57837d520d7f3f9a9,https://github.com/tavor118/pj_python_interview_questions_and_answers/blob/02d57a7a9f34fd386eb8aa5c0094fe3f3c3ba141/docs/python/iterator_and_generator.md#L105-L193,https://docs.python.org/3.14/library/stdtypes.html#iterator-types|https://docs.python.org/3.14/reference/expressions.html#yield-expressions|https://docs.python.org/3.14/reference/datamodel.html#object.__iter__,candidate_plus_official,drafted,source locator TV_PYTHON_ITERATOR_AND_GENERATOR_03
PYI_08_004,topic::08_iterators_generators,cards/08_iterators_generators.txt,7b0605c26a65eb0e8d14cf8c2633f047c3b1fed11c4038afb1bcc9494f546835,https://github.com/tavor118/pj_python_interview_questions_and_answers/blob/02d57a7a9f34fd386eb8aa5c0094fe3f3c3ba141/docs/python/iterator_and_generator.md#L19-L104,https://docs.python.org/3.14/library/stdtypes.html#iterator-types|https://docs.python.org/3.14/reference/expressions.html#yield-expressions|https://docs.python.org/3.14/reference/datamodel.html#object.__iter__,candidate_plus_official,drafted,source locator TV_PYTHON_ITERATOR_AND_GENERATOR_02
PYI_08_005,topic::08_iterators_generators,cards/08_iterators_generators.txt,cb5a973788e0ed70364126c36db138923d84ce4a323f3984cddc12630111a321,https://github.com/tavor118/pj_python_interview_questions_and_answers/blob/02d57a7a9f34fd386eb8aa5c0094fe3f3c3ba141/docs/python/iterator_and_generator.md#L236-L261,https://docs.python.org/3.14/library/stdtypes.html#iterator-types|https://docs.python.org/3.14/reference/expressions.html#yield-expressions|https://docs.python.org/3.14/reference/datamodel.html#object.__iter__,candidate_plus_official,drafted,source locator TV_PYTHON_ITERATOR_AND_GENERATOR_05
PYI_08_006,topic::08_iterators_generators,cards/08_iterators_generators.txt,3db02a21a87a578cc77f2af2e7370e7a718ed349aac478db97fe15dc4a56a27e,https://github.com/tavor118/pj_python_interview_questions_and_answers/blob/02d57a7a9f34fd386eb8aa5c0094fe3f3c3ba141/docs/python/iterator_and_generator.md#L194-L235,https://docs.python.org/3.14/library/stdtypes.html#iterator-types|https://docs.python.org/3.14/reference/expressions.html#yield-expressions|https://docs.python.org/3.14/reference/datamodel.html#object.__iter__,candidate_plus_official,drafted,source locator TV_PYTHON_ITERATOR_AND_GENERATOR_04
PYI_08_007,topic::08_iterators_generators,cards/08_iterators_generators.txt,fc83efa2548043acb28cce3007bfa9f6ac571ccaa4b8e283e99debb933e1e6bf,https://github.com/tavor118/pj_python_interview_questions_and_answers/blob/02d57a7a9f34fd386eb8aa5c0094fe3f3c3ba141/docs/python/iterator_and_generator.md#L3-L18,https://docs.python.org/3.14/library/stdtypes.html#iterator-types|https://docs.python.org/3.14/reference/expressions.html#yield-expressions|https://docs.python.org/3.14/reference/datamodel.html#object.__iter__,candidate_plus_official,drafted,source locator TV_PYTHON_ITERATOR_AND_GENERATOR_01
PYI_08_008,topic::08_iterators_generators,cards/08_iterators_generators.txt,c729f9cadfc2a5d090cb3e55ccb646728c308070450b93fdb57d7c1f59e8c28b,https://github.com/tavor118/pj_python_interview_questions_and_answers/blob/02d57a7a9f34fd386eb8aa5c0094fe3f3c3ba141/docs/python/iterator_and_generator.md#L194-L235,https://docs.python.org/3.14/library/stdtypes.html#iterator-types|https://docs.python.org/3.14/reference/expressions.html#yield-expressions|https://docs.python.org/3.14/reference/datamodel.html#object.__iter__,candidate_plus_official,drafted,source locator TV_PYTHON_ITERATOR_AND_GENERATOR_04
PYI_08_009,topic::08_iterators_generators,cards/08_iterators_generators.txt,c08812e07772ba29f99930f63578a2b9ce025746dfe5ea082229ea441b6f651a,https://github.com/tavor118/pj_python_interview_questions_and_answers/blob/02d57a7a9f34fd386eb8aa5c0094fe3f3c3ba141/docs/python/iterator_and_generator.md#L270-L337,https://docs.python.org/3.14/library/stdtypes.html#iterator-types|https://docs.python.org/3.14/reference/expressions.html#yield-expressions|https://docs.python.org/3.14/reference/datamodel.html#object.__iter__,candidate_plus_official,drafted,source locator TV_PYTHON_ITERATOR_AND_GENERATOR_07
PYI_08_010,topic::08_iterators_generators,cards/08_iterators_generators.txt,b3b03084d5cc5119a112c20ad7caf98c5eb82e094181758827e38012f78791e5,https://github.com/tavor118/pj_python_interview_questions_and_answers/blob/02d57a7a9f34fd386eb8aa5c0094fe3f3c3ba141/docs/python/iterator_and_generator.md#L270-L337,https://docs.python.org/3.14/library/stdtypes.html#iterator-types|https://docs.python.org/3.14/reference/expressions.html#yield-expressions|https://docs.python.org/3.14/reference/datamodel.html#object.__iter__,candidate_plus_official,drafted,source locator TV_PYTHON_ITERATOR_AND_GENERATOR_07
PYI_08_011,topic::08_iterators_generators,cards/08_iterators_generators.txt,366570aff56d5a840eb51519418937d2944aa3485b08421f8c66de198ba3de53,https://github.com/tavor118/pj_python_interview_questions_and_answers/blob/02d57a7a9f34fd386eb8aa5c0094fe3f3c3ba141/docs/python/iterator_and_generator.md#L338-L429,https://docs.python.org/3.14/library/stdtypes.html#iterator-types|https://docs.python.org/3.14/reference/expressions.html#yield-expressions|https://docs.python.org/3.14/reference/datamodel.html#object.__iter__,candidate_plus_official,drafted,source locator TV_PYTHON_ITERATOR_AND_GENERATOR_08
PYI_08_012,topic::08_iterators_generators,cards/08_iterators_generators.txt,5f8fe7ff7b2a83cd33d7a09b7a0eaa98fb5b1c0d7ab9321b1da8f3be19e40937,https://github.com/tavor118/pj_python_interview_questions_and_answers/blob/02d57a7a9f34fd386eb8aa5c0094fe3f3c3ba141/docs/python/iterator_and_generator.md#L338-L429,https://docs.python.org/3.14/library/stdtypes.html#iterator-types|https://docs.python.org/3.14/reference/expressions.html#yield-expressions|https://docs.python.org/3.14/reference/datamodel.html#object.__iter__,candidate_plus_official,drafted,source locator TV_PYTHON_ITERATOR_AND_GENERATOR_08
PYI_08_013,topic::08_iterators_generators,cards/08_iterators_generators.txt,a6b2e8d9c83045c7422918da25f864ab20c8a3202783408c0513b28ee8a2cb79,https://github.com/tavor118/pj_python_interview_questions_and_answers/blob/02d57a7a9f34fd386eb8aa5c0094fe3f3c3ba141/docs/python/iterator_and_generator.md#L521-L526,https://docs.python.org/3.14/library/stdtypes.html#iterator-types|https://docs.python.org/3.14/reference/expressions.html#yield-expressions|https://docs.python.org/3.14/reference/datamodel.html#object.__iter__,candidate_plus_official,drafted,source locator TV_PYTHON_ITERATOR_AND_GENERATOR_14
PYI_08_014,topic::08_iterators_generators,cards/08_iterators_generators.txt,86839263ee2e5f808018f0c27cc6e369d61a7988ab46e2fc0d0df15b34f8dcb0,https://github.com/tavor118/pj_python_interview_questions_and_answers/blob/02d57a7a9f34fd386eb8aa5c0094fe3f3c3ba141/docs/python/iterator_and_generator.md#L105-L193,https://docs.python.org/3.14/library/stdtypes.html#iterator-types|https://docs.python.org/3.14/reference/expressions.html#yield-expressions|https://docs.python.org/3.14/reference/datamodel.html#object.__iter__,candidate_plus_official,drafted,source locator TV_PYTHON_ITERATOR_AND_GENERATOR_03
PYI_08_015,topic::08_iterators_generators,cards/08_iterators_generators.txt,4274852268e4dba0f07e1da29df0f6f58f9d0337fd1d6b8d49b1889838757b11,https://github.com/tavor118/pj_python_interview_questions_and_answers/blob/02d57a7a9f34fd386eb8aa5c0094fe3f3c3ba141/docs/python/iterator_and_generator.md#L512-L520,https://docs.python.org/3.14/library/stdtypes.html#iterator-types|https://docs.python.org/3.14/reference/expressions.html#yield-expressions|https://docs.python.org/3.14/reference/datamodel.html#object.__iter__,candidate_plus_official,drafted,source locator TV_PYTHON_ITERATOR_AND_GENERATOR_13
PYI_08_016,topic::08_iterators_generators,cards/08_iterators_generators.txt,a36cfc3c156f5781062a173cc9e4acabc3cf6deeaf3ad2d13c19df60f76d9077,https://github.com/tavor118/pj_python_interview_questions_and_answers/blob/02d57a7a9f34fd386eb8aa5c0094fe3f3c3ba141/docs/python/iterator_and_generator.md#L430-L435,https://docs.python.org/3.14/library/stdtypes.html#iterator-types|https://docs.python.org/3.14/reference/expressions.html#yield-expressions|https://docs.python.org/3.14/reference/datamodel.html#object.__iter__,candidate_plus_official,drafted,source locator TV_PYTHON_ITERATOR_AND_GENERATOR_09
PYI_08_017,topic::08_iterators_generators,cards/08_iterators_generators.txt,0eb84d720a7e0af662af00457f3bfc4ad7e5f068b99e74fc894797cfa3fb9863,,https://docs.python.org/3.14/library/stdtypes.html#iterator-types|https://docs.python.org/3.14/reference/expressions.html#yield-expressions|https://docs.python.org/3.14/reference/datamodel.html#object.__iter__,official_only,drafted,source locator OFFICIAL
PYI_08_018,topic::08_iterators_generators,cards/08_iterators_generators.txt,56a70272f72c1e78134d7060a137b0f0ff62e38e6f7925bfac5960cf725b445c,,https://docs.python.org/3.14/library/stdtypes.html#iterator-types|https://docs.python.org/3.14/reference/expressions.html#yield-expressions|https://docs.python.org/3.14/reference/datamodel.html#object.__iter__,official_only,drafted,source locator OFFICIAL
PYI_09_001,topic::09_context_managers,cards/09_context_managers.txt,e0949a0a4bc2f53058976711797f7dbad382c3da5f65d8eae6935de627760e95,https://github.com/tavor118/pj_python_interview_questions_and_answers/blob/02d57a7a9f34fd386eb8aa5c0094fe3f3c3ba141/docs/python/namespace_and_context_manager.md#L3-L98,https://docs.python.org/3.14/reference/datamodel.html#with-statement-context-managers|https://docs.python.org/3.14/library/contextlib.html|https://docs.python.org/3.14/library/asyncio-task.html#task-cancellation,candidate_plus_official,drafted,source locator TV_PYTHON_NAMESPACE_AND_CONTEXT_MANAGER_01
PYI_09_002,topic::09_context_managers,cards/09_context_managers.txt,2291cef87cf949f42a2210084b00b1891754b71100a70670ac334747404c843f,https://github.com/tavor118/pj_python_interview_questions_and_answers/blob/02d57a7a9f34fd386eb8aa5c0094fe3f3c3ba141/docs/python/namespace_and_context_manager.md#L3-L98,https://docs.python.org/3.14/reference/datamodel.html#with-statement-context-managers|https://docs.python.org/3.14/library/contextlib.html|https://docs.python.org/3.14/library/asyncio-task.html#task-cancellation,candidate_plus_official,drafted,source locator TV_PYTHON_NAMESPACE_AND_CONTEXT_MANAGER_01
PYI_09_003,topic::09_context_managers,cards/09_context_managers.txt,7af512493cae51b94cfe57af6b51e05f12eb2fd605429ef0c5dc7f359a87bb37,https://github.com/tavor118/pj_python_interview_questions_and_answers/blob/02d57a7a9f34fd386eb8aa5c0094fe3f3c3ba141/docs/python/namespace_and_context_manager.md#L3-L98,https://docs.python.org/3.14/reference/datamodel.html#with-statement-context-managers|https://docs.python.org/3.14/library/contextlib.html|https://docs.python.org/3.14/library/asyncio-task.html#task-cancellation,candidate_plus_official,drafted,source locator TV_PYTHON_NAMESPACE_AND_CONTEXT_MANAGER_01
PYI_09_004,topic::09_context_managers,cards/09_context_managers.txt,813aaed7ebcc7419456a23e886832c2ec73e79df3c8580fece9fbca69fa0b779,https://github.com/tavor118/pj_python_interview_questions_and_answers/blob/02d57a7a9f34fd386eb8aa5c0094fe3f3c3ba141/docs/python/namespace_and_context_manager.md#L3-L98,https://docs.python.org/3.14/reference/datamodel.html#with-statement-context-managers|https://docs.python.org/3.14/library/contextlib.html|https://docs.python.org/3.14/library/asyncio-task.html#task-cancellation,candidate_plus_official,drafted,source locator TV_PYTHON_NAMESPACE_AND_CONTEXT_MANAGER_01
PYI_09_005,topic::09_context_managers,cards/09_context_managers.txt,4615a15146f34678518c4921f410a072f95471ed1d706629d71d848030acb7f1,https://github.com/tavor118/pj_python_interview_questions_and_answers/blob/02d57a7a9f34fd386eb8aa5c0094fe3f3c3ba141/docs/python/namespace_and_context_manager.md#L3-L98,https://docs.python.org/3.14/reference/datamodel.html#with-statement-context-managers|https://docs.python.org/3.14/library/contextlib.html|https://docs.python.org/3.14/library/asyncio-task.html#task-cancellation,candidate_plus_official,drafted,source locator TV_PYTHON_NAMESPACE_AND_CONTEXT_MANAGER_01
PYI_09_006,topic::09_context_managers,cards/09_context_managers.txt,3407d1cee92a04080c4201f0c748ceb5d742104730c863269e83105ab2c3de91,https://github.com/tavor118/pj_python_interview_questions_and_answers/blob/02d57a7a9f34fd386eb8aa5c0094fe3f3c3ba141/docs/python/namespace_and_context_manager.md#L3-L98,https://docs.python.org/3.14/reference/datamodel.html#with-statement-context-managers|https://docs.python.org/3.14/library/contextlib.html|https://docs.python.org/3.14/library/asyncio-task.html#task-cancellation,candidate_plus_official,drafted,source locator TV_PYTHON_NAMESPACE_AND_CONTEXT_MANAGER_01
PYI_09_007,topic::09_context_managers,cards/09_context_managers.txt,33c7d0483d031ace218c3ed4553db3996ffbbb54f3dc865a0a078579b7b8cc2e,https://github.com/tavor118/pj_python_interview_questions_and_answers/blob/02d57a7a9f34fd386eb8aa5c0094fe3f3c3ba141/docs/python/namespace_and_context_manager.md#L3-L98,https://docs.python.org/3.14/reference/datamodel.html#with-statement-context-managers|https://docs.python.org/3.14/library/contextlib.html|https://docs.python.org/3.14/library/asyncio-task.html#task-cancellation,candidate_plus_official,drafted,source locator TV_PYTHON_NAMESPACE_AND_CONTEXT_MANAGER_01
PYI_09_008,topic::09_context_managers,cards/09_context_managers.txt,807b5f8820016454306592bb2ce9d75b00abb9ed48f7ba582ec426c078dd0340,https://github.com/tavor118/pj_python_interview_questions_and_answers/blob/02d57a7a9f34fd386eb8aa5c0094fe3f3c3ba141/docs/python/namespace_and_context_manager.md#L3-L98,https://docs.python.org/3.14/reference/datamodel.html#with-statement-context-managers|https://docs.python.org/3.14/library/contextlib.html|https://docs.python.org/3.14/library/asyncio-task.html#task-cancellation,candidate_plus_official,drafted,source locator TV_PYTHON_NAMESPACE_AND_CONTEXT_MANAGER_01
PYI_09_009,topic::09_context_managers,cards/09_context_managers.txt,d61ef942b7945f4d452e74813e709d75c89ac034d45b2d747ee6bd371e596b36,,https://docs.python.org/3.14/reference/datamodel.html#with-statement-context-managers|https://docs.python.org/3.14/library/contextlib.html|https://docs.python.org/3.14/library/asyncio-task.html#task-cancellation,official_only,drafted,source locator OFFICIAL
PYI_09_010,topic::09_context_managers,cards/09_context_managers.txt,21b65bf1594f5732cc757e8f281433b91817b30af62da5ba77e2f797431d3adf,,https://docs.python.org/3.14/reference/datamodel.html#with-statement-context-managers|https://docs.python.org/3.14/library/contextlib.html|https://docs.python.org/3.14/library/asyncio-task.html#task-cancellation,official_only,drafted,source locator OFFICIAL
PYI_10_001,topic::10_exceptions,cards/10_exceptions.txt,0c38868f0e8636e07c5750711bf7a08db0ebd1e814068153d80cd8a34e11faa8,https://github.com/tavor118/pj_python_interview_questions_and_answers/blob/02d57a7a9f34fd386eb8aa5c0094fe3f3c3ba141/docs/python/exceptions.md#L3-L28,https://docs.python.org/3.14/tutorial/errors.html|https://docs.python.org/3.14/library/exceptions.html|https://docs.python.org/3.14/reference/compound_stmts.html#the-try-statement,candidate_plus_official,drafted,source locator TV_PYTHON_EXCEPTIONS_01
PYI_10_002,topic::10_exceptions,cards/10_exceptions.txt,512983af98151506a7df7b331d3a2db967622aa4de78290819b3594009568147,https://github.com/tavor118/pj_python_interview_questions_and_answers/blob/02d57a7a9f34fd386eb8aa5c0094fe3f3c3ba141/docs/python/exceptions.md#L29-L64,https://docs.python.org/3.14/tutorial/errors.html|https://docs.python.org/3.14/library/exceptions.html|https://docs.python.org/3.14/reference/compound_stmts.html#the-try-statement,candidate_plus_official,drafted,source locator TV_PYTHON_EXCEPTIONS_02
PYI_10_003,topic::10_exceptions,cards/10_exceptions.txt,e1180a30f4b7b0d39d38c988fd4245436828afa727d3681f3dafb3258ea6905c,https://github.com/tavor118/pj_python_interview_questions_and_answers/blob/02d57a7a9f34fd386eb8aa5c0094fe3f3c3ba141/docs/python/exceptions.md#L312-L351,https://docs.python.org/3.14/tutorial/errors.html|https://docs.python.org/3.14/library/exceptions.html|https://docs.python.org/3.14/reference/compound_stmts.html#the-try-statement,candidate_plus_official,drafted,source locator TV_PYTHON_EXCEPTIONS_14
PYI_10_004,topic::10_exceptions,cards/10_exceptions.txt,b2e9c6e841734cccc6f1f0a90427f3bf117c7ec6015a47abf16f6c7daec9724d,https://github.com/tavor118/pj_python_interview_questions_and_answers/blob/02d57a7a9f34fd386eb8aa5c0094fe3f3c3ba141/docs/python/exceptions.md#L250-L259,https://docs.python.org/3.14/tutorial/errors.html|https://docs.python.org/3.14/library/exceptions.html|https://docs.python.org/3.14/reference/compound_stmts.html#the-try-statement,candidate_plus_official,drafted,source locator TV_PYTHON_EXCEPTIONS_10
PYI_10_005,topic::10_exceptions,cards/10_exceptions.txt,9d86a04741fbcc63279b20b0c012ef5e661cf84153e477dbd7cc6b404beeb376,https://github.com/tavor118/pj_python_interview_questions_and_answers/blob/02d57a7a9f34fd386eb8aa5c0094fe3f3c3ba141/docs/python/exceptions.md#L155-L199,https://docs.python.org/3.14/tutorial/errors.html|https://docs.python.org/3.14/library/exceptions.html|https://docs.python.org/3.14/reference/compound_stmts.html#the-try-statement,candidate_plus_official,drafted,source locator TV_PYTHON_EXCEPTIONS_07
PYI_10_006,topic::10_exceptions,cards/10_exceptions.txt,b45671a2bb2c060ad65d6e6ebe9c4229a31504d6a7d347d2bfd2114b5dee016d,https://github.com/tavor118/pj_python_interview_questions_and_answers/blob/02d57a7a9f34fd386eb8aa5c0094fe3f3c3ba141/docs/python/exceptions.md#L141-L154,https://docs.python.org/3.14/tutorial/errors.html|https://docs.python.org/3.14/library/exceptions.html|https://docs.python.org/3.14/reference/compound_stmts.html#the-try-statement,candidate_plus_official,drafted,source locator TV_PYTHON_EXCEPTIONS_06
PYI_10_007,topic::10_exceptions,cards/10_exceptions.txt,edeec2f0af6d3f9f2813a14a907bec2e33997810f18b9d9c9ad45cc94e3ec9bb,https://github.com/tavor118/pj_python_interview_questions_and_answers/blob/02d57a7a9f34fd386eb8aa5c0094fe3f3c3ba141/docs/python/exceptions.md#L200-L221,https://docs.python.org/3.14/tutorial/errors.html|https://docs.python.org/3.14/library/exceptions.html|https://docs.python.org/3.14/reference/compound_stmts.html#the-try-statement,candidate_plus_official,drafted,source locator TV_PYTHON_EXCEPTIONS_08
PYI_10_008,topic::10_exceptions,cards/10_exceptions.txt,f9a18cb6d7fcccf50d28b74162eade5626ca510dd5cffb4033fcba219cc5f1ed,https://github.com/tavor118/pj_python_interview_questions_and_answers/blob/02d57a7a9f34fd386eb8aa5c0094fe3f3c3ba141/docs/python/exceptions.md#L125-L140,https://docs.python.org/3.14/tutorial/errors.html|https://docs.python.org/3.14/library/exceptions.html|https://docs.python.org/3.14/reference/compound_stmts.html#the-try-statement,candidate_plus_official,drafted,source locator TV_PYTHON_EXCEPTIONS_05
PYI_10_009,topic::10_exceptions,cards/10_exceptions.txt,98af1152b2755e5b3180ae0c80643368432e8be795b0cd8f43e3571ddec59413,https://github.com/tavor118/pj_python_interview_questions_and_answers/blob/02d57a7a9f34fd386eb8aa5c0094fe3f3c3ba141/docs/python/exceptions.md#L200-L221,https://docs.python.org/3.14/tutorial/errors.html|https://docs.python.org/3.14/library/exceptions.html|https://docs.python.org/3.14/reference/compound_stmts.html#the-try-statement,candidate_plus_official,drafted,source locator TV_PYTHON_EXCEPTIONS_08
PYI_10_010,topic::10_exceptions,cards/10_exceptions.txt,3df01c7372ba1d5d372719bb0d31c3b168fc33df6eea6fe18a17608bd7a2dd03,https://github.com/tavor118/pj_python_interview_questions_and_answers/blob/02d57a7a9f34fd386eb8aa5c0094fe3f3c3ba141/docs/python/exceptions.md#L455-L461,https://docs.python.org/3.14/tutorial/errors.html|https://docs.python.org/3.14/library/exceptions.html|https://docs.python.org/3.14/reference/compound_stmts.html#the-try-statement,candidate_plus_official,drafted,source locator TV_PYTHON_EXCEPTIONS_17
PYI_10_011,topic::10_exceptions,cards/10_exceptions.txt,4d44d597e6ee9181cb5bd2f729e909fb5e4431bd347f6b457373c2edd3d57be8,https://github.com/tavor118/pj_python_interview_questions_and_answers/blob/02d57a7a9f34fd386eb8aa5c0094fe3f3c3ba141/docs/python/exceptions.md#L455-L461,https://docs.python.org/3.14/tutorial/errors.html|https://docs.python.org/3.14/library/exceptions.html|https://docs.python.org/3.14/reference/compound_stmts.html#the-try-statement,candidate_plus_official,drafted,source locator TV_PYTHON_EXCEPTIONS_17
PYI_10_012,topic::10_exceptions,cards/10_exceptions.txt,24a6a70a5b36d1cc4facee58c362d5a86f13e58098ce32db5d7708d50fcafa1a,https://github.com/tavor118/pj_python_interview_questions_and_answers/blob/02d57a7a9f34fd386eb8aa5c0094fe3f3c3ba141/docs/python/exceptions.md#L222-L249,https://docs.python.org/3.14/tutorial/errors.html|https://docs.python.org/3.14/library/exceptions.html|https://docs.python.org/3.14/reference/compound_stmts.html#the-try-statement,candidate_plus_official,drafted,source locator TV_PYTHON_EXCEPTIONS_09
PYI_10_013,topic::10_exceptions,cards/10_exceptions.txt,4538054882b1eaf20643299367350be8cb15e77c5aa8f037fd090b7a6bf8aa86,https://github.com/tavor118/pj_python_interview_questions_and_answers/blob/02d57a7a9f34fd386eb8aa5c0094fe3f3c3ba141/docs/python/exceptions.md#L222-L249,https://docs.python.org/3.14/tutorial/errors.html|https://docs.python.org/3.14/library/exceptions.html|https://docs.python.org/3.14/reference/compound_stmts.html#the-try-statement,candidate_plus_official,drafted,source locator TV_PYTHON_EXCEPTIONS_09
PYI_10_014,topic::10_exceptions,cards/10_exceptions.txt,ee1a0de3db3b3f1bcf11893fd1ddf6d23f19e0b1a5c6f0560e2262257e8e4bb3,https://github.com/tavor118/pj_python_interview_questions_and_answers/blob/02d57a7a9f34fd386eb8aa5c0094fe3f3c3ba141/docs/python/exceptions.md#L65-L111,https://docs.python.org/3.14/tutorial/errors.html|https://docs.python.org/3.14/library/exceptions.html|https://docs.python.org/3.14/reference/compound_stmts.html#the-try-statement,candidate_plus_official,drafted,source locator TV_PYTHON_EXCEPTIONS_03
PYI_10_015,topic::10_exceptions,cards/10_exceptions.txt,4599748b5ff87a36b0b2228d0dfd78992ddecf8b2411a0224fa5f7ecb8bb408b,https://github.com/tavor118/pj_python_interview_questions_and_answers/blob/02d57a7a9f34fd386eb8aa5c0094fe3f3c3ba141/docs/python/exceptions.md#L462-L472,https://docs.python.org/3.14/tutorial/errors.html|https://docs.python.org/3.14/library/exceptions.html|https://docs.python.org/3.14/reference/compound_stmts.html#the-try-statement,candidate_plus_official,drafted,source locator TV_PYTHON_EXCEPTIONS_18
PYI_10_016,topic::10_exceptions,cards/10_exceptions.txt,7bdc93c333ec888dfeac9039412ab93dbd0199a3de09fb64a8fe3b0704020821,https://github.com/tavor118/pj_python_interview_questions_and_answers/blob/02d57a7a9f34fd386eb8aa5c0094fe3f3c3ba141/docs/python/exceptions.md#L488-L592,https://docs.python.org/3.14/tutorial/errors.html|https://docs.python.org/3.14/library/exceptions.html|https://docs.python.org/3.14/reference/compound_stmts.html#the-try-statement,candidate_plus_official,drafted,source locator TV_PYTHON_EXCEPTIONS_20
PYI_11_001,topic::11_modules_packages_imports,cards/11_modules_packages_imports.txt,55d156df1b29041cac63d173f18e1a144fa8051091f6fb9235cc40fea6a73a92,https://github.com/tavor118/pj_python_interview_questions_and_answers/blob/02d57a7a9f34fd386eb8aa5c0094fe3f3c3ba141/docs/python/modules_and_packages.md#L51-L79,https://docs.python.org/3.14/reference/import.html|https://docs.python.org/3.14/library/importlib.html|https://packaging.python.org/en/latest/tutorials/packaging-projects/,candidate_plus_official,drafted,source locator TV_PYTHON_MODULES_AND_PACKAGES_05
PYI_11_002,topic::11_modules_packages_imports,cards/11_modules_packages_imports.txt,2fb62553f2e47a77b67a3f0946ae6a08f86be5fb5bef41a55c57ee9409e95757,https://github.com/tavor118/pj_python_interview_questions_and_answers/blob/02d57a7a9f34fd386eb8aa5c0094fe3f3c3ba141/docs/python/modules_and_packages.md#L51-L79,https://docs.python.org/3.14/reference/import.html|https://docs.python.org/3.14/library/importlib.html|https://packaging.python.org/en/latest/tutorials/packaging-projects/,candidate_plus_official,drafted,source locator TV_PYTHON_MODULES_AND_PACKAGES_05
PYI_11_003,topic::11_modules_packages_imports,cards/11_modules_packages_imports.txt,205df15637e42a036183c8622c390cc8c51bfc6d4584c585e37748ceb30b0362,https://github.com/tavor118/pj_python_interview_questions_and_answers/blob/02d57a7a9f34fd386eb8aa5c0094fe3f3c3ba141/docs/python/modules_and_packages.md#L51-L79,https://docs.python.org/3.14/reference/import.html|https://docs.python.org/3.14/library/importlib.html|https://packaging.python.org/en/latest/tutorials/packaging-projects/,candidate_plus_official,drafted,source locator TV_PYTHON_MODULES_AND_PACKAGES_05
PYI_11_004,topic::11_modules_packages_imports,cards/11_modules_packages_imports.txt,e1bc1bbba4d7eff7da9efa16806fdc0ec955e68e96834db2d802313d7d8695b6,https://github.com/tavor118/pj_python_interview_questions_and_answers/blob/02d57a7a9f34fd386eb8aa5c0094fe3f3c3ba141/docs/python/modules_and_packages.md#L51-L79,https://docs.python.org/3.14/reference/import.html|https://docs.python.org/3.14/library/importlib.html|https://packaging.python.org/en/latest/tutorials/packaging-projects/,candidate_plus_official,drafted,source locator TV_PYTHON_MODULES_AND_PACKAGES_05
PYI_11_005,topic::11_modules_packages_imports,cards/11_modules_packages_imports.txt,0337b5302d47749d4b4c49a1cf79c5899486a19db8fe7246c47c3a5fadd66cc0,https://github.com/tavor118/pj_python_interview_questions_and_answers/blob/02d57a7a9f34fd386eb8aa5c0094fe3f3c3ba141/docs/python/modules_and_packages.md#L22-L31,https://docs.python.org/3.14/reference/import.html|https://docs.python.org/3.14/library/importlib.html|https://packaging.python.org/en/latest/tutorials/packaging-projects/,candidate_plus_official,drafted,source locator TV_PYTHON_MODULES_AND_PACKAGES_03
PYI_11_006,topic::11_modules_packages_imports,cards/11_modules_packages_imports.txt,d812046959aea170bd1d0dac8d768f96cc24ef3f81a5444c09e79069b4ca3c4a,https://github.com/tavor118/pj_python_interview_questions_and_answers/blob/02d57a7a9f34fd386eb8aa5c0094fe3f3c3ba141/docs/python/modules_and_packages.md#L91-L95,https://docs.python.org/3.14/reference/import.html|https://docs.python.org/3.14/library/importlib.html|https://packaging.python.org/en/latest/tutorials/packaging-projects/,candidate_plus_official,drafted,source locator TV_PYTHON_MODULES_AND_PACKAGES_07
PYI_11_007,topic::11_modules_packages_imports,cards/11_modules_packages_imports.txt,fb97b28a2fe43419f93caf87a0bedcfb8432e241c653a0e6f07c8c83732699d3,https://github.com/tavor118/pj_python_interview_questions_and_answers/blob/02d57a7a9f34fd386eb8aa5c0094fe3f3c3ba141/docs/python/modules_and_packages.md#L15-L21,https://docs.python.org/3.14/reference/import.html|https://docs.python.org/3.14/library/importlib.html|https://packaging.python.org/en/latest/tutorials/packaging-projects/,candidate_plus_official,drafted,source locator TV_PYTHON_MODULES_AND_PACKAGES_02
PYI_11_008,topic::11_modules_packages_imports,cards/11_modules_packages_imports.txt,cb484b040637b83613974fcf1a75dc1c4ea13fe9e2643bc0721ad22277302ea6,https://github.com/tavor118/pj_python_interview_questions_and_answers/blob/02d57a7a9f34fd386eb8aa5c0094fe3f3c3ba141/docs/python/modules_and_packages.md#L80-L90,https://docs.python.org/3.14/reference/import.html|https://docs.python.org/3.14/library/importlib.html|https://packaging.python.org/en/latest/tutorials/packaging-projects/,candidate_plus_official,drafted,source locator TV_PYTHON_MODULES_AND_PACKAGES_06
PYI_11_009,topic::11_modules_packages_imports,cards/11_modules_packages_imports.txt,9241092c5f6668e08315301133d8aa4ac49cb584adff4fb2b1827032281df45f,https://github.com/tavor118/pj_python_interview_questions_and_answers/blob/02d57a7a9f34fd386eb8aa5c0094fe3f3c3ba141/docs/python/modules_and_packages.md#L80-L90,https://docs.python.org/3.14/reference/import.html|https://docs.python.org/3.14/library/importlib.html|https://packaging.python.org/en/latest/tutorials/packaging-projects/,candidate_plus_official,drafted,source locator TV_PYTHON_MODULES_AND_PACKAGES_06
PYI_11_010,topic::11_modules_packages_imports,cards/11_modules_packages_imports.txt,e8357c9b5fb0e1a2516a4dda8147f0afecc672eb4f1f975284cd952fe30cd289,https://github.com/tavor118/pj_python_interview_questions_and_answers/blob/02d57a7a9f34fd386eb8aa5c0094fe3f3c3ba141/docs/python/modules_and_packages.md#L32-L50,https://docs.python.org/3.14/reference/import.html|https://docs.python.org/3.14/library/importlib.html|https://packaging.python.org/en/latest/tutorials/packaging-projects/,candidate_plus_official,drafted,source locator TV_PYTHON_MODULES_AND_PACKAGES_04
PYI_11_011,topic::11_modules_packages_imports,cards/11_modules_packages_imports.txt,36d13990464bc8ca9ddd3ed1e53d6f51751420d808fc1cabeec33fad861b6af9,https://github.com/tavor118/pj_python_interview_questions_and_answers/blob/02d57a7a9f34fd386eb8aa5c0094fe3f3c3ba141/docs/python/modules_and_packages.md#L32-L50,https://docs.python.org/3.14/reference/import.html|https://docs.python.org/3.14/library/importlib.html|https://packaging.python.org/en/latest/tutorials/packaging-projects/,candidate_plus_official,drafted,source locator TV_PYTHON_MODULES_AND_PACKAGES_04
PYI_11_012,topic::11_modules_packages_imports,cards/11_modules_packages_imports.txt,118ba8ae9a554f37828844787f06ab11389475b3f7ce67129fc5af77a021b06e,https://github.com/tavor118/pj_python_interview_questions_and_answers/blob/02d57a7a9f34fd386eb8aa5c0094fe3f3c3ba141/docs/python/modules_and_packages.md#L15-L21,https://docs.python.org/3.14/reference/import.html|https://docs.python.org/3.14/library/importlib.html|https://packaging.python.org/en/latest/tutorials/packaging-projects/,candidate_plus_official,drafted,source locator TV_PYTHON_MODULES_AND_PACKAGES_02
PYI_11_013,topic::11_modules_packages_imports,cards/11_modules_packages_imports.txt,a83403784e216fdf915352fe8f9a38cb9f6fdc119214806c260577a7057c4674,https://github.com/tavor118/pj_python_interview_questions_and_answers/blob/02d57a7a9f34fd386eb8aa5c0094fe3f3c3ba141/docs/python/modules_and_packages.md#L51-L79,https://docs.python.org/3.14/reference/import.html|https://docs.python.org/3.14/library/importlib.html|https://packaging.python.org/en/latest/tutorials/packaging-projects/,candidate_plus_official,drafted,source locator TV_PYTHON_MODULES_AND_PACKAGES_05
PYI_11_014,topic::11_modules_packages_imports,cards/11_modules_packages_imports.txt,7789c36784e3205f59e7a4b5ab4cd329bd3dac4232c04ad2ab76b0caf034cd46,https://github.com/tavor118/pj_python_interview_questions_and_answers/blob/02d57a7a9f34fd386eb8aa5c0094fe3f3c3ba141/docs/python/python_packages.md#L3-L19,https://docs.python.org/3.14/reference/import.html|https://docs.python.org/3.14/library/importlib.html|https://packaging.python.org/en/latest/tutorials/packaging-projects/,candidate_plus_official,drafted,source locator TV_PYTHON_PYTHON_PACKAGES_01
PYI_12_001,topic::12_files_io,cards/12_files_io.txt,35bc0330e0492fc042923646e0110b73158831f7a00c822171b0dfb699149c34,https://github.com/tavor118/pj_python_interview_questions_and_answers/blob/02d57a7a9f34fd386eb8aa5c0094fe3f3c3ba141/docs/python/files_and_io.md#L19-L28,https://docs.python.org/3.14/library/io.html|https://docs.python.org/3.14/library/pathlib.html|https://docs.python.org/3.14/library/json.html|https://docs.python.org/3.14/library/pickle.html|https://docs.python.org/3.14/library/os.html#os.fsync|https://docs.python.org/3.14/library/os.html#os.replace|https://docs.python.org/3.14/library/tempfile.html,candidate_plus_official,drafted,source locator TV_PYTHON_FILES_AND_IO_03
PYI_12_002,topic::12_files_io,cards/12_files_io.txt,7631b5dd663baabaa97c6834f004846b9afc043590ccc6ea14e555755cb72232,https://github.com/tavor118/pj_python_interview_questions_and_answers/blob/02d57a7a9f34fd386eb8aa5c0094fe3f3c3ba141/docs/python/files_and_io.md#L29-L57,https://docs.python.org/3.14/library/io.html|https://docs.python.org/3.14/library/pathlib.html|https://docs.python.org/3.14/library/json.html|https://docs.python.org/3.14/library/pickle.html|https://docs.python.org/3.14/library/os.html#os.fsync|https://docs.python.org/3.14/library/os.html#os.replace|https://docs.python.org/3.14/library/tempfile.html,candidate_plus_official,drafted,source locator TV_PYTHON_FILES_AND_IO_04
PYI_12_003,topic::12_files_io,cards/12_files_io.txt,a2587daca5bdaac3a00b9a7be6f847ef7a0c2ab26acba3541fd812fc4539c168,https://github.com/tavor118/pj_python_interview_questions_and_answers/blob/02d57a7a9f34fd386eb8aa5c0094fe3f3c3ba141/docs/python/files_and_io.md#L29-L57,https://docs.python.org/3.14/library/io.html|https://docs.python.org/3.14/library/pathlib.html|https://docs.python.org/3.14/library/json.html|https://docs.python.org/3.14/library/pickle.html|https://docs.python.org/3.14/library/os.html#os.fsync|https://docs.python.org/3.14/library/os.html#os.replace|https://docs.python.org/3.14/library/tempfile.html,candidate_plus_official,drafted,source locator TV_PYTHON_FILES_AND_IO_04
PYI_12_004,topic::12_files_io,cards/12_files_io.txt,7999f4f0fdfab4683e4657b66f83162d2b0e2167e2937b30038afc1bf2a41131,,https://docs.python.org/3.14/library/io.html|https://docs.python.org/3.14/library/pathlib.html|https://docs.python.org/3.14/library/json.html|https://docs.python.org/3.14/library/pickle.html|https://docs.python.org/3.14/library/os.html#os.fsync|https://docs.python.org/3.14/library/os.html#os.replace|https://docs.python.org/3.14/library/tempfile.html,official_only,drafted,source locator OFFICIAL
PYI_12_005,topic::12_files_io,cards/12_files_io.txt,198ed0e5dd3f185a5e5c481aba396ebaa716832de874cc336d8f11921878f5db,https://github.com/tavor118/pj_python_interview_questions_and_answers/blob/02d57a7a9f34fd386eb8aa5c0094fe3f3c3ba141/docs/python/files_and_io.md#L99-L153,https://docs.python.org/3.14/library/io.html|https://docs.python.org/3.14/library/pathlib.html|https://docs.python.org/3.14/library/json.html|https://docs.python.org/3.14/library/pickle.html|https://docs.python.org/3.14/library/os.html#os.fsync|https://docs.python.org/3.14/library/os.html#os.replace|https://docs.python.org/3.14/library/tempfile.html,candidate_plus_official,drafted,source locator TV_PYTHON_FILES_AND_IO_09
PYI_12_006,topic::12_files_io,cards/12_files_io.txt,c210b2e19dcc6c31095168d120a51c22a8edf4f8c6858ff548d41798d95d389f,https://github.com/tavor118/pj_python_interview_questions_and_answers/blob/02d57a7a9f34fd386eb8aa5c0094fe3f3c3ba141/docs/python/files_and_io.md#L93-L98,https://docs.python.org/3.14/library/io.html|https://docs.python.org/3.14/library/pathlib.html|https://docs.python.org/3.14/library/json.html|https://docs.python.org/3.14/library/pickle.html|https://docs.python.org/3.14/library/os.html#os.fsync|https://docs.python.org/3.14/library/os.html#os.replace|https://docs.python.org/3.14/library/tempfile.html,candidate_plus_official,drafted,source locator TV_PYTHON_FILES_AND_IO_08
PYI_12_007,topic::12_files_io,cards/12_files_io.txt,43a54e546db08750aa64e7bab4739a57f05e99a791908aa0cfe24069ebe450ed,,https://docs.python.org/3.14/library/io.html|https://docs.python.org/3.14/library/pathlib.html|https://docs.python.org/3.14/library/json.html|https://docs.python.org/3.14/library/pickle.html|https://docs.python.org/3.14/library/os.html#os.fsync|https://docs.python.org/3.14/library/os.html#os.replace|https://docs.python.org/3.14/library/tempfile.html,official_only,drafted,source locator OFFICIAL
PYI_12_008,topic::12_files_io,cards/12_files_io.txt,ffa4901e2569526933b5ea7b2f5ece35eb21e00f7535a75dbf7fe1c77f8b013b,https://github.com/tavor118/pj_python_interview_questions_and_answers/blob/02d57a7a9f34fd386eb8aa5c0094fe3f3c3ba141/docs/python/files_and_io.md#L75-L83,https://docs.python.org/3.14/library/io.html|https://docs.python.org/3.14/library/pathlib.html|https://docs.python.org/3.14/library/json.html|https://docs.python.org/3.14/library/pickle.html|https://docs.python.org/3.14/library/os.html#os.fsync|https://docs.python.org/3.14/library/os.html#os.replace|https://docs.python.org/3.14/library/tempfile.html,candidate_plus_official,drafted,source locator TV_PYTHON_FILES_AND_IO_06
PYI_12_009,topic::12_files_io,cards/12_files_io.txt,fab3662a3b776548bc47b36dc8e6a1ccf8f86606a429b7df815962f7c14b6e9a,https://github.com/tavor118/pj_python_interview_questions_and_answers/blob/02d57a7a9f34fd386eb8aa5c0094fe3f3c3ba141/docs/python/files_and_io.md#L254-L365,https://docs.python.org/3.14/library/io.html|https://docs.python.org/3.14/library/pathlib.html|https://docs.python.org/3.14/library/json.html|https://docs.python.org/3.14/library/pickle.html|https://docs.python.org/3.14/library/os.html#os.fsync|https://docs.python.org/3.14/library/os.html#os.replace|https://docs.python.org/3.14/library/tempfile.html,candidate_plus_official,drafted,source locator TV_PYTHON_FILES_AND_IO_15
PYI_12_010,topic::12_files_io,cards/12_files_io.txt,00c4553a8d4aca356986d1fa208b2ef8ad8c62fd2369ed9cecb84e485bbb667a,,https://docs.python.org/3.14/library/io.html|https://docs.python.org/3.14/library/pathlib.html|https://docs.python.org/3.14/library/json.html|https://docs.python.org/3.14/library/pickle.html|https://docs.python.org/3.14/library/os.html#os.fsync|https://docs.python.org/3.14/library/os.html#os.replace|https://docs.python.org/3.14/library/tempfile.html,official_only,drafted,source locator OFFICIAL
PYI_12_011,topic::12_files_io,cards/12_files_io.txt,65a3d578eecf82c6487544b9182381b150a853e72e6994edfc1bbdf89f032f52,https://github.com/tavor118/pj_python_interview_questions_and_answers/blob/02d57a7a9f34fd386eb8aa5c0094fe3f3c3ba141/docs/python/files_and_io.md#L240-L245,https://docs.python.org/3.14/library/io.html|https://docs.python.org/3.14/library/pathlib.html|https://docs.python.org/3.14/library/json.html|https://docs.python.org/3.14/library/pickle.html|https://docs.python.org/3.14/library/os.html#os.fsync|https://docs.python.org/3.14/library/os.html#os.replace|https://docs.python.org/3.14/library/tempfile.html,candidate_plus_official,drafted,source locator TV_PYTHON_FILES_AND_IO_13
PYI_12_012,topic::12_files_io,cards/12_files_io.txt,8d59a7c13c8f9b211872142152ad57ef196e79a05b5d31139d617cf536d9e1b8,https://github.com/tavor118/pj_python_interview_questions_and_answers/blob/02d57a7a9f34fd386eb8aa5c0094fe3f3c3ba141/docs/python/files_and_io.md#L232-L239,https://docs.python.org/3.14/library/io.html|https://docs.python.org/3.14/library/pathlib.html|https://docs.python.org/3.14/library/json.html|https://docs.python.org/3.14/library/pickle.html|https://docs.python.org/3.14/library/os.html#os.fsync|https://docs.python.org/3.14/library/os.html#os.replace|https://docs.python.org/3.14/library/tempfile.html,candidate_plus_official,drafted,source locator TV_PYTHON_FILES_AND_IO_12
PYI_12_013,topic::12_files_io,cards/12_files_io.txt,e649853a3d49acdb270153f2cad51fa56ce7f81a33dfb0113d52902fdb414a80,https://github.com/tavor118/pj_python_interview_questions_and_answers/blob/02d57a7a9f34fd386eb8aa5c0094fe3f3c3ba141/docs/python/files_and_io.md#L246-L253,https://docs.python.org/3.14/library/io.html|https://docs.python.org/3.14/library/pathlib.html|https://docs.python.org/3.14/library/json.html|https://docs.python.org/3.14/library/pickle.html|https://docs.python.org/3.14/library/os.html#os.fsync|https://docs.python.org/3.14/library/os.html#os.replace|https://docs.python.org/3.14/library/tempfile.html,candidate_plus_official,drafted,source locator TV_PYTHON_FILES_AND_IO_14
PYI_12_014,topic::12_files_io,cards/12_files_io.txt,134f061ad94888cdef29f5adfdafe7eb86f709c4cb674e7a01fceda0b24c99cf,https://github.com/tavor118/pj_python_interview_questions_and_answers/blob/02d57a7a9f34fd386eb8aa5c0094fe3f3c3ba141/docs/python/files_and_io.md#L84-L92,https://docs.python.org/3.14/library/io.html|https://docs.python.org/3.14/library/pathlib.html|https://docs.python.org/3.14/library/json.html|https://docs.python.org/3.14/library/pickle.html|https://docs.python.org/3.14/library/os.html#os.fsync|https://docs.python.org/3.14/library/os.html#os.replace|https://docs.python.org/3.14/library/tempfile.html,candidate_plus_official,drafted,source locator TV_PYTHON_FILES_AND_IO_07
PYI_13_001,topic::13_comprehensions_functional,cards/13_comprehensions_functional.txt,9524a4b4e24045dcbfd5ccb4e9d83097cb583932057a533ae3b4eb0399df69b7,,https://docs.python.org/3.14/howto/functional.html|https://docs.python.org/3.14/library/itertools.html|https://docs.python.org/3.14/library/functools.html|https://docs.python.org/3.14/reference/expressions.html#displays-for-lists-sets-and-dictionaries,official_only,drafted,source locator OFFICIAL
PYI_13_002,topic::13_comprehensions_functional,cards/13_comprehensions_functional.txt,89c0262b1b88a389ccafafd2c6776f61da1f04f70e4b444cee4ac76118feb1e8,,https://docs.python.org/3.14/howto/functional.html|https://docs.python.org/3.14/library/itertools.html|https://docs.python.org/3.14/library/functools.html|https://docs.python.org/3.14/reference/expressions.html#displays-for-lists-sets-and-dictionaries,official_only,drafted,source locator OFFICIAL
PYI_13_003,topic::13_comprehensions_functional,cards/13_comprehensions_functional.txt,f91a8ec3b0644be84e5f64836d4506542171fe5c161ca61ef3309b9f9b99fce5,,https://docs.python.org/3.14/howto/functional.html|https://docs.python.org/3.14/library/itertools.html|https://docs.python.org/3.14/library/functools.html|https://docs.python.org/3.14/reference/expressions.html#displays-for-lists-sets-and-dictionaries,official_only,drafted,source locator OFFICIAL
PYI_13_004,topic::13_comprehensions_functional,cards/13_comprehensions_functional.txt,fd7fdc6da63e5d51892170ab85f1bcbf14076134debc7eb874c0f43463aad8ea,,https://docs.python.org/3.14/howto/functional.html|https://docs.python.org/3.14/library/itertools.html|https://docs.python.org/3.14/library/functools.html|https://docs.python.org/3.14/reference/expressions.html#displays-for-lists-sets-and-dictionaries,official_only,drafted,source locator OFFICIAL
PYI_13_005,topic::13_comprehensions_functional,cards/13_comprehensions_functional.txt,a97df00d2fbb83b5205a8a7fb3d679a1b413bd8bb829b23fa14f045962e3dc12,https://github.com/tavor118/pj_python_interview_questions_and_answers/blob/02d57a7a9f34fd386eb8aa5c0094fe3f3c3ba141/docs/python/functional_programming.md#L19-L28,https://docs.python.org/3.14/howto/functional.html|https://docs.python.org/3.14/library/itertools.html|https://docs.python.org/3.14/library/functools.html|https://docs.python.org/3.14/reference/expressions.html#displays-for-lists-sets-and-dictionaries,candidate_plus_official,drafted,source locator TV_PYTHON_FUNCTIONAL_PROGRAMMING_02
PYI_13_006,topic::13_comprehensions_functional,cards/13_comprehensions_functional.txt,fbfa31a52bb8f2570d40536f72a09abd3bd904ca524e53111a9d64b0c5e670cf,https://github.com/tavor118/pj_python_interview_questions_and_answers/blob/02d57a7a9f34fd386eb8aa5c0094fe3f3c3ba141/docs/python/functional_programming.md#L118-L132,https://docs.python.org/3.14/howto/functional.html|https://docs.python.org/3.14/library/itertools.html|https://docs.python.org/3.14/library/functools.html|https://docs.python.org/3.14/reference/expressions.html#displays-for-lists-sets-and-dictionaries,candidate_plus_official,drafted,source locator TV_PYTHON_FUNCTIONAL_PROGRAMMING_06
PYI_13_007,topic::13_comprehensions_functional,cards/13_comprehensions_functional.txt,65f0f1cd4387172df41136f90a011dda963720d46101b93e610692c89dcb5a4d,https://github.com/tavor118/pj_python_interview_questions_and_answers/blob/02d57a7a9f34fd386eb8aa5c0094fe3f3c3ba141/docs/python/functional_programming.md#L19-L28,https://docs.python.org/3.14/howto/functional.html|https://docs.python.org/3.14/library/itertools.html|https://docs.python.org/3.14/library/functools.html|https://docs.python.org/3.14/reference/expressions.html#displays-for-lists-sets-and-dictionaries,candidate_plus_official,drafted,source locator TV_PYTHON_FUNCTIONAL_PROGRAMMING_02
PYI_13_008,topic::13_comprehensions_functional,cards/13_comprehensions_functional.txt,1876e6b1a2ec3775ce6289b2aa98950ad87f98d798b7dc52d6b91fcb0cb248d9,https://github.com/tavor118/pj_python_interview_questions_and_answers/blob/02d57a7a9f34fd386eb8aa5c0094fe3f3c3ba141/docs/python/functional_programming.md#L29-L48,https://docs.python.org/3.14/howto/functional.html|https://docs.python.org/3.14/library/itertools.html|https://docs.python.org/3.14/library/functools.html|https://docs.python.org/3.14/reference/expressions.html#displays-for-lists-sets-and-dictionaries,candidate_plus_official,drafted,source locator TV_PYTHON_FUNCTIONAL_PROGRAMMING_03
PYI_13_009,topic::13_comprehensions_functional,cards/13_comprehensions_functional.txt,e47f351a21267fc00dc5c16cc17ad4278955a7d26ece9c732b27bb75171bfca7,https://github.com/tavor118/pj_python_interview_questions_and_answers/blob/02d57a7a9f34fd386eb8aa5c0094fe3f3c3ba141/docs/python/functional_programming.md#L65-L117,https://docs.python.org/3.14/howto/functional.html|https://docs.python.org/3.14/library/itertools.html|https://docs.python.org/3.14/library/functools.html|https://docs.python.org/3.14/reference/expressions.html#displays-for-lists-sets-and-dictionaries,candidate_plus_official,drafted,source locator TV_PYTHON_FUNCTIONAL_PROGRAMMING_05
PYI_13_010,topic::13_comprehensions_functional,cards/13_comprehensions_functional.txt,45ac68f28536e23e060699ca52c552a25777b73a9d9e6c7186af96de9acfdee7,https://github.com/tavor118/pj_python_interview_questions_and_answers/blob/02d57a7a9f34fd386eb8aa5c0094fe3f3c3ba141/docs/python/functional_programming.md#L49-L64,https://docs.python.org/3.14/howto/functional.html|https://docs.python.org/3.14/library/itertools.html|https://docs.python.org/3.14/library/functools.html|https://docs.python.org/3.14/reference/expressions.html#displays-for-lists-sets-and-dictionaries,candidate_plus_official,drafted,source locator TV_PYTHON_FUNCTIONAL_PROGRAMMING_04
PYI_13_011,topic::13_comprehensions_functional,cards/13_comprehensions_functional.txt,55b66fd3197795adffdc4d750ab277f004bbcbc18a6c7c954bb477c891aff7b8,https://github.com/tavor118/pj_python_interview_questions_and_answers/blob/02d57a7a9f34fd386eb8aa5c0094fe3f3c3ba141/docs/python/functional_programming.md#L118-L132,https://docs.python.org/3.14/howto/functional.html|https://docs.python.org/3.14/library/itertools.html|https://docs.python.org/3.14/library/functools.html|https://docs.python.org/3.14/reference/expressions.html#displays-for-lists-sets-and-dictionaries,candidate_plus_official,drafted,source locator TV_PYTHON_FUNCTIONAL_PROGRAMMING_06
PYI_13_012,topic::13_comprehensions_functional,cards/13_comprehensions_functional.txt,937ae8743b7157e51d18ceb69e524859971f1cfe5a8ed669352ab955dfead42f,https://github.com/tavor118/pj_python_interview_questions_and_answers/blob/02d57a7a9f34fd386eb8aa5c0094fe3f3c3ba141/docs/python/functional_programming.md#L118-L132,https://docs.python.org/3.14/howto/functional.html|https://docs.python.org/3.14/library/itertools.html|https://docs.python.org/3.14/library/functools.html|https://docs.python.org/3.14/reference/expressions.html#displays-for-lists-sets-and-dictionaries,candidate_plus_official,drafted,source locator TV_PYTHON_FUNCTIONAL_PROGRAMMING_06
PYI_14_001,topic::14_cpython_internals_memory,cards/14_cpython_internals_memory.txt,ea443da1e364c5a8ade3cd69178ebb37fc6992be970cec403d6c2365432e174b,https://github.com/tavor118/pj_python_interview_questions_and_answers/blob/02d57a7a9f34fd386eb8aa5c0094fe3f3c3ba141/docs/python/interpreter.md#L3-L26,https://docs.python.org/3.14/library/dis.html|https://docs.python.org/3.14/library/gc.html|https://docs.python.org/3.14/c-api/memory.html|https://docs.python.org/3.14/library/sys.html|https://docs.python.org/3.14/library/tracemalloc.html|https://docs.python.org/3.14/howto/free-threading-python.html|https://docs.python.org/3.14/reference/datamodel.html#traceback-objects,candidate_plus_official,drafted,source locator TV_PYTHON_INTERPRETER_01
PYI_14_002,topic::14_cpython_internals_memory,cards/14_cpython_internals_memory.txt,df31efc0a99d5b4992d3b8fd85fc579d53a223cd85a77d5a26b642ee0be92667,https://github.com/tavor118/pj_python_interview_questions_and_answers/blob/02d57a7a9f34fd386eb8aa5c0094fe3f3c3ba141/docs/python/interpreter.md#L242-L269,https://docs.python.org/3.14/library/dis.html|https://docs.python.org/3.14/library/gc.html|https://docs.python.org/3.14/c-api/memory.html|https://docs.python.org/3.14/library/sys.html|https://docs.python.org/3.14/library/tracemalloc.html|https://docs.python.org/3.14/howto/free-threading-python.html|https://docs.python.org/3.14/reference/datamodel.html#traceback-objects,candidate_plus_official,drafted,source locator TV_PYTHON_INTERPRETER_08
PYI_14_003,topic::14_cpython_internals_memory,cards/14_cpython_internals_memory.txt,032b95e8df34a52d8d211bf79b5be3ac522180e0d5ac1e35020b289e5e2e20dc,https://github.com/tavor118/pj_python_interview_questions_and_answers/blob/02d57a7a9f34fd386eb8aa5c0094fe3f3c3ba141/docs/python/interpreter.md#L3-L26,https://docs.python.org/3.14/library/dis.html|https://docs.python.org/3.14/library/gc.html|https://docs.python.org/3.14/c-api/memory.html|https://docs.python.org/3.14/library/sys.html|https://docs.python.org/3.14/library/tracemalloc.html|https://docs.python.org/3.14/howto/free-threading-python.html|https://docs.python.org/3.14/reference/datamodel.html#traceback-objects,candidate_plus_official,drafted,source locator TV_PYTHON_INTERPRETER_01
PYI_14_004,topic::14_cpython_internals_memory,cards/14_cpython_internals_memory.txt,27d2e8a48cbff3ef2012c7f2bae5f1b2b1c445c7528503382cd777983e849622,https://github.com/tavor118/pj_python_interview_questions_and_answers/blob/02d57a7a9f34fd386eb8aa5c0094fe3f3c3ba141/docs/python/interpreter.md#L3-L26,https://docs.python.org/3.14/library/dis.html|https://docs.python.org/3.14/library/gc.html|https://docs.python.org/3.14/c-api/memory.html|https://docs.python.org/3.14/library/sys.html|https://docs.python.org/3.14/library/tracemalloc.html|https://docs.python.org/3.14/howto/free-threading-python.html|https://docs.python.org/3.14/reference/datamodel.html#traceback-objects,candidate_plus_official,drafted,source locator TV_PYTHON_INTERPRETER_01
PYI_14_005,topic::14_cpython_internals_memory,cards/14_cpython_internals_memory.txt,d961b1962c94a89c2ec10e8cd01e2e569c26ed6ee40366ac695459dce58dc8d0,,https://docs.python.org/3.14/library/dis.html|https://docs.python.org/3.14/library/gc.html|https://docs.python.org/3.14/c-api/memory.html|https://docs.python.org/3.14/library/sys.html|https://docs.python.org/3.14/library/tracemalloc.html|https://docs.python.org/3.14/howto/free-threading-python.html|https://docs.python.org/3.14/reference/datamodel.html#traceback-objects,official_only,drafted,source locator OFFICIAL
PYI_14_006,topic::14_cpython_internals_memory,cards/14_cpython_internals_memory.txt,ec82d163dfbfa1ce4c228ca7c3bab635d3ed1133d7a9e3ab1904b84295bc7e42,https://github.com/tavor118/pj_python_interview_questions_and_answers/blob/02d57a7a9f34fd386eb8aa5c0094fe3f3c3ba141/docs/python/interpreter.md#L198-L241,https://docs.python.org/3.14/library/dis.html|https://docs.python.org/3.14/library/gc.html|https://docs.python.org/3.14/c-api/memory.html|https://docs.python.org/3.14/library/sys.html|https://docs.python.org/3.14/library/tracemalloc.html|https://docs.python.org/3.14/howto/free-threading-python.html|https://docs.python.org/3.14/reference/datamodel.html#traceback-objects,candidate_plus_official,drafted,source locator TV_PYTHON_INTERPRETER_07
PYI_14_007,topic::14_cpython_internals_memory,cards/14_cpython_internals_memory.txt,0993890a74bf1544e22ff814cbfba081ddce9630949380a725f38191b293098e,https://github.com/tavor118/pj_python_interview_questions_and_answers/blob/02d57a7a9f34fd386eb8aa5c0094fe3f3c3ba141/docs/python/interpreter.md#L198-L241,https://docs.python.org/3.14/library/dis.html|https://docs.python.org/3.14/library/gc.html|https://docs.python.org/3.14/c-api/memory.html|https://docs.python.org/3.14/library/sys.html|https://docs.python.org/3.14/library/tracemalloc.html|https://docs.python.org/3.14/howto/free-threading-python.html|https://docs.python.org/3.14/reference/datamodel.html#traceback-objects,candidate_plus_official,drafted,source locator TV_PYTHON_INTERPRETER_07
PYI_14_008,topic::14_cpython_internals_memory,cards/14_cpython_internals_memory.txt,831c016c80c80682ebb1bae96d47dd23f24a014c8f09e7122311d9ac6dd17a18,https://github.com/tavor118/pj_python_interview_questions_and_answers/blob/02d57a7a9f34fd386eb8aa5c0094fe3f3c3ba141/docs/python/interpreter.md#L27-L46,https://docs.python.org/3.14/library/dis.html|https://docs.python.org/3.14/library/gc.html|https://docs.python.org/3.14/c-api/memory.html|https://docs.python.org/3.14/library/sys.html|https://docs.python.org/3.14/library/tracemalloc.html|https://docs.python.org/3.14/howto/free-threading-python.html|https://docs.python.org/3.14/reference/datamodel.html#traceback-objects,candidate_plus_official,drafted,source locator TV_PYTHON_INTERPRETER_02
PYI_14_009,topic::14_cpython_internals_memory,cards/14_cpython_internals_memory.txt,7a2d766d8aeae01e4c3f50ee52963bcea1526b53f7f4d8db161a7338ad4c188d,https://github.com/tavor118/pj_python_interview_questions_and_answers/blob/02d57a7a9f34fd386eb8aa5c0094fe3f3c3ba141/docs/python/interpreter.md#L102-L197,https://docs.python.org/3.14/library/dis.html|https://docs.python.org/3.14/library/gc.html|https://docs.python.org/3.14/c-api/memory.html|https://docs.python.org/3.14/library/sys.html|https://docs.python.org/3.14/library/tracemalloc.html|https://docs.python.org/3.14/howto/free-threading-python.html|https://docs.python.org/3.14/reference/datamodel.html#traceback-objects,candidate_plus_official,drafted,source locator TV_PYTHON_INTERPRETER_06
PYI_14_010,topic::14_cpython_internals_memory,cards/14_cpython_internals_memory.txt,4ec749bc287e564ce24ff340f6bd7f395c8961612f00b6c8b40f2ceb5d5d1897,https://github.com/tavor118/pj_python_interview_questions_and_answers/blob/02d57a7a9f34fd386eb8aa5c0094fe3f3c3ba141/docs/python/interpreter.md#L102-L197,https://docs.python.org/3.14/library/dis.html|https://docs.python.org/3.14/library/gc.html|https://docs.python.org/3.14/c-api/memory.html|https://docs.python.org/3.14/library/sys.html|https://docs.python.org/3.14/library/tracemalloc.html|https://docs.python.org/3.14/howto/free-threading-python.html|https://docs.python.org/3.14/reference/datamodel.html#traceback-objects,candidate_plus_official,drafted,source locator TV_PYTHON_INTERPRETER_06
PYI_14_011,topic::14_cpython_internals_memory,cards/14_cpython_internals_memory.txt,30f686c4021c4e4124bf3b41b9957a4cac8603edbec1b2ba3007209b7db091b2,https://github.com/tavor118/pj_python_interview_questions_and_answers/blob/02d57a7a9f34fd386eb8aa5c0094fe3f3c3ba141/docs/python/interpreter.md#L102-L197,https://docs.python.org/3.14/library/dis.html|https://docs.python.org/3.14/library/gc.html|https://docs.python.org/3.14/c-api/memory.html|https://docs.python.org/3.14/library/sys.html|https://docs.python.org/3.14/library/tracemalloc.html|https://docs.python.org/3.14/howto/free-threading-python.html|https://docs.python.org/3.14/reference/datamodel.html#traceback-objects,candidate_plus_official,drafted,source locator TV_PYTHON_INTERPRETER_06
PYI_14_012,topic::14_cpython_internals_memory,cards/14_cpython_internals_memory.txt,fa36d1e5490d1e883a8c1e2f9827da959d4b732b780cfee14c9f96d484e1863f,https://github.com/tavor118/pj_python_interview_questions_and_answers/blob/02d57a7a9f34fd386eb8aa5c0094fe3f3c3ba141/docs/python/interpreter.md#L270-L333,https://docs.python.org/3.14/library/dis.html|https://docs.python.org/3.14/library/gc.html|https://docs.python.org/3.14/c-api/memory.html|https://docs.python.org/3.14/library/sys.html|https://docs.python.org/3.14/library/tracemalloc.html|https://docs.python.org/3.14/howto/free-threading-python.html|https://docs.python.org/3.14/reference/datamodel.html#traceback-objects,candidate_plus_official,drafted,source locator TV_PYTHON_INTERPRETER_09
PYI_14_013,topic::14_cpython_internals_memory,cards/14_cpython_internals_memory.txt,dc020d7506e643db5673968fa30703fa7fe3591b38e4b4691a1cd18e9eef0597,https://github.com/tavor118/pj_python_interview_questions_and_answers/blob/02d57a7a9f34fd386eb8aa5c0094fe3f3c3ba141/docs/python/interpreter.md#L270-L333,https://docs.python.org/3.14/library/dis.html|https://docs.python.org/3.14/library/gc.html|https://docs.python.org/3.14/c-api/memory.html|https://docs.python.org/3.14/library/sys.html|https://docs.python.org/3.14/library/tracemalloc.html|https://docs.python.org/3.14/howto/free-threading-python.html|https://docs.python.org/3.14/reference/datamodel.html#traceback-objects,candidate_plus_official,drafted,source locator TV_PYTHON_INTERPRETER_09
PYI_14_014,topic::14_cpython_internals_memory,cards/14_cpython_internals_memory.txt,b7c85024654da7e2dfed5edba86b9c57602f39ee7e8da42cbd3c9240335099f7,https://github.com/tavor118/pj_python_interview_questions_and_answers/blob/02d57a7a9f34fd386eb8aa5c0094fe3f3c3ba141/docs/python/interpreter.md#L87-L101,https://docs.python.org/3.14/library/dis.html|https://docs.python.org/3.14/library/gc.html|https://docs.python.org/3.14/c-api/memory.html|https://docs.python.org/3.14/library/sys.html|https://docs.python.org/3.14/library/tracemalloc.html|https://docs.python.org/3.14/howto/free-threading-python.html|https://docs.python.org/3.14/reference/datamodel.html#traceback-objects,candidate_plus_official,drafted,source locator TV_PYTHON_INTERPRETER_05
PYI_14_015,topic::14_cpython_internals_memory,cards/14_cpython_internals_memory.txt,4946c707aa23e7687c0a2c1d5cf96e8dc81d39e4fb6b799d73a77532aada4b72,,https://docs.python.org/3.14/library/dis.html|https://docs.python.org/3.14/library/gc.html|https://docs.python.org/3.14/c-api/memory.html|https://docs.python.org/3.14/library/sys.html|https://docs.python.org/3.14/library/tracemalloc.html|https://docs.python.org/3.14/howto/free-threading-python.html|https://docs.python.org/3.14/reference/datamodel.html#traceback-objects,official_only,drafted,source locator OFFICIAL
PYI_14_016,topic::14_cpython_internals_memory,cards/14_cpython_internals_memory.txt,911c8d75105aceacab552f73325d9831fc2a7a10d91506847a0cad9257522e4b,,https://docs.python.org/3.14/library/dis.html|https://docs.python.org/3.14/library/gc.html|https://docs.python.org/3.14/c-api/memory.html|https://docs.python.org/3.14/library/sys.html|https://docs.python.org/3.14/library/tracemalloc.html|https://docs.python.org/3.14/howto/free-threading-python.html|https://docs.python.org/3.14/reference/datamodel.html#traceback-objects,official_only,drafted,source locator OFFICIAL
PYI_14_017,topic::14_cpython_internals_memory,cards/14_cpython_internals_memory.txt,d1fcb0eed0cbbca6d15544f1c2eacbd86de60ff88d0a232a196d97392b3eae1a,https://github.com/tavor118/pj_python_interview_questions_and_answers/blob/02d57a7a9f34fd386eb8aa5c0094fe3f3c3ba141/docs/python/interpreter.md#L3-L26,https://docs.python.org/3.14/library/dis.html|https://docs.python.org/3.14/library/gc.html|https://docs.python.org/3.14/c-api/memory.html|https://docs.python.org/3.14/library/sys.html|https://docs.python.org/3.14/library/tracemalloc.html|https://docs.python.org/3.14/howto/free-threading-python.html|https://docs.python.org/3.14/reference/datamodel.html#traceback-objects,candidate_plus_official,drafted,source locator TV_PYTHON_INTERPRETER_01
PYI_14_018,topic::14_cpython_internals_memory,cards/14_cpython_internals_memory.txt,c4a4850375d37d708002847b677882d75fdd505a31aa983322f3fa18a16a4b75,https://github.com/tavor118/pj_python_interview_questions_and_answers/blob/02d57a7a9f34fd386eb8aa5c0094fe3f3c3ba141/docs/python/interpreter.md#L334-L381,https://docs.python.org/3.14/library/dis.html|https://docs.python.org/3.14/library/gc.html|https://docs.python.org/3.14/c-api/memory.html|https://docs.python.org/3.14/library/sys.html|https://docs.python.org/3.14/library/tracemalloc.html|https://docs.python.org/3.14/howto/free-threading-python.html|https://docs.python.org/3.14/reference/datamodel.html#traceback-objects,candidate_plus_official,drafted,source locator TV_PYTHON_INTERPRETER_10
PYI_14_019,topic::14_cpython_internals_memory,cards/14_cpython_internals_memory.txt,083672c326093f12063dd9f422af0e59d9856bd1a82de7acb0520afd577baaee,https://github.com/tavor118/pj_python_interview_questions_and_answers/blob/02d57a7a9f34fd386eb8aa5c0094fe3f3c3ba141/docs/python/interpreter.md#L334-L381,https://docs.python.org/3.14/library/dis.html|https://docs.python.org/3.14/library/gc.html|https://docs.python.org/3.14/c-api/memory.html|https://docs.python.org/3.14/library/sys.html|https://docs.python.org/3.14/library/tracemalloc.html|https://docs.python.org/3.14/howto/free-threading-python.html|https://docs.python.org/3.14/reference/datamodel.html#traceback-objects,candidate_plus_official,drafted,source locator TV_PYTHON_INTERPRETER_10
PYI_14_020,topic::14_cpython_internals_memory,cards/14_cpython_internals_memory.txt,567b58e7aa4323ba54af77873ec0fdc17225e8657782de671b149302ae2feedf,https://github.com/tavor118/pj_python_interview_questions_and_answers/blob/02d57a7a9f34fd386eb8aa5c0094fe3f3c3ba141/docs/python/interpreter.md#L27-L46,https://docs.python.org/3.14/library/dis.html|https://docs.python.org/3.14/library/gc.html|https://docs.python.org/3.14/c-api/memory.html|https://docs.python.org/3.14/library/sys.html|https://docs.python.org/3.14/library/tracemalloc.html|https://docs.python.org/3.14/howto/free-threading-python.html|https://docs.python.org/3.14/reference/datamodel.html#traceback-objects,candidate_plus_official,drafted,source locator TV_PYTHON_INTERPRETER_02
PYI_15_001,topic::15_gil_threads_processes,cards/15_gil_threads_processes.txt,c9a3a9adb674bc0cb6e472910a7a347510822a482b5a7bfdf18c407422cc5aaa,https://github.com/tavor118/pj_python_interview_questions_and_answers/blob/02d57a7a9f34fd386eb8aa5c0094fe3f3c3ba141/docs/python/gil_threads_processes.md#L29-L64,https://docs.python.org/3.14/library/threading.html|https://docs.python.org/3.14/library/multiprocessing.html|https://docs.python.org/3.14/library/concurrent.futures.html|https://docs.python.org/3.14/howto/free-threading-python.html|https://docs.python.org/3.14/howto/free-threading-extensions.html,candidate_plus_official,drafted,source locator TV_PYTHON_GIL_THREADS_PROCESSES_02
PYI_15_002,topic::15_gil_threads_processes,cards/15_gil_threads_processes.txt,5eaec4a1a3ad8080d31dac70c707f2a93af36e1d97ccb856b8dafd43b7592402,https://github.com/tavor118/pj_python_interview_questions_and_answers/blob/02d57a7a9f34fd386eb8aa5c0094fe3f3c3ba141/docs/python/gil_threads_processes.md#L3-L28,https://docs.python.org/3.14/library/threading.html|https://docs.python.org/3.14/library/multiprocessing.html|https://docs.python.org/3.14/library/concurrent.futures.html|https://docs.python.org/3.14/howto/free-threading-python.html|https://docs.python.org/3.14/howto/free-threading-extensions.html,candidate_plus_official,drafted,source locator TV_PYTHON_GIL_THREADS_PROCESSES_01
PYI_15_003,topic::15_gil_threads_processes,cards/15_gil_threads_processes.txt,162238c3c25d1c05decefdc62936bfd50b0e4baac818c2aa8f701f95835045a8,https://github.com/tavor118/pj_python_interview_questions_and_answers/blob/02d57a7a9f34fd386eb8aa5c0094fe3f3c3ba141/docs/python/gil_threads_processes.md#L29-L64,https://docs.python.org/3.14/library/threading.html|https://docs.python.org/3.14/library/multiprocessing.html|https://docs.python.org/3.14/library/concurrent.futures.html|https://docs.python.org/3.14/howto/free-threading-python.html|https://docs.python.org/3.14/howto/free-threading-extensions.html,candidate_plus_official,drafted,source locator TV_PYTHON_GIL_THREADS_PROCESSES_02
PYI_15_004,topic::15_gil_threads_processes,cards/15_gil_threads_processes.txt,8cf9aa90323b12d4ab80c40d1a6abc7534ba5017ea01aee297c78ff5dcbdd031,https://github.com/tavor118/pj_python_interview_questions_and_answers/blob/02d57a7a9f34fd386eb8aa5c0094fe3f3c3ba141/docs/python/gil_threads_processes.md#L689-L849,https://docs.python.org/3.14/library/threading.html|https://docs.python.org/3.14/library/multiprocessing.html|https://docs.python.org/3.14/library/concurrent.futures.html|https://docs.python.org/3.14/howto/free-threading-python.html|https://docs.python.org/3.14/howto/free-threading-extensions.html,candidate_plus_official,drafted,source locator TV_PYTHON_GIL_THREADS_PROCESSES_08
PYI_15_005,topic::15_gil_threads_processes,cards/15_gil_threads_processes.txt,0f0ee6a2301081d070378bfb35d60694750be671c86a05d19ac2e63a1c60cdc0,https://github.com/tavor118/pj_python_interview_questions_and_answers/blob/02d57a7a9f34fd386eb8aa5c0094fe3f3c3ba141/docs/python/gil_threads_processes.md#L689-L849,https://docs.python.org/3.14/library/threading.html|https://docs.python.org/3.14/library/multiprocessing.html|https://docs.python.org/3.14/library/concurrent.futures.html|https://docs.python.org/3.14/howto/free-threading-python.html|https://docs.python.org/3.14/howto/free-threading-extensions.html,candidate_plus_official,drafted,source locator TV_PYTHON_GIL_THREADS_PROCESSES_08
PYI_15_006,topic::15_gil_threads_processes,cards/15_gil_threads_processes.txt,3550c41e6d7c406f06fd1a29bf58752586764c05129a515cec63b3a29269e048,https://github.com/tavor118/pj_python_interview_questions_and_answers/blob/02d57a7a9f34fd386eb8aa5c0094fe3f3c3ba141/docs/python/gil_threads_processes.md#L559-L688,https://docs.python.org/3.14/library/threading.html|https://docs.python.org/3.14/library/multiprocessing.html|https://docs.python.org/3.14/library/concurrent.futures.html|https://docs.python.org/3.14/howto/free-threading-python.html|https://docs.python.org/3.14/howto/free-threading-extensions.html,candidate_plus_official,drafted,source locator TV_PYTHON_GIL_THREADS_PROCESSES_07
PYI_15_007,topic::15_gil_threads_processes,cards/15_gil_threads_processes.txt,8894395e7214c8472b8b3264b43cf85cfc3a1fd1fb1f706b544922cce9e1b57c,https://github.com/tavor118/pj_python_interview_questions_and_answers/blob/02d57a7a9f34fd386eb8aa5c0094fe3f3c3ba141/docs/python/gil_threads_processes.md#L689-L849,https://docs.python.org/3.14/library/threading.html|https://docs.python.org/3.14/library/multiprocessing.html|https://docs.python.org/3.14/library/concurrent.futures.html|https://docs.python.org/3.14/howto/free-threading-python.html|https://docs.python.org/3.14/howto/free-threading-extensions.html,candidate_plus_official,drafted,source locator TV_PYTHON_GIL_THREADS_PROCESSES_08
PYI_15_008,topic::15_gil_threads_processes,cards/15_gil_threads_processes.txt,83d15c6080bb8f35822a0d97cd365553f689efa2ae44a2c4c07a2a304d047e99,https://github.com/tavor118/pj_python_interview_questions_and_answers/blob/02d57a7a9f34fd386eb8aa5c0094fe3f3c3ba141/docs/python/gil_threads_processes.md#L689-L849,https://docs.python.org/3.14/library/threading.html|https://docs.python.org/3.14/library/multiprocessing.html|https://docs.python.org/3.14/library/concurrent.futures.html|https://docs.python.org/3.14/howto/free-threading-python.html|https://docs.python.org/3.14/howto/free-threading-extensions.html,candidate_plus_official,drafted,source locator TV_PYTHON_GIL_THREADS_PROCESSES_08
PYI_15_009,topic::15_gil_threads_processes,cards/15_gil_threads_processes.txt,6ea86b7ba6e6d9013861e0e884cc78c9957e436eb797afff5a19fb9e7e2ccba0,https://github.com/tavor118/pj_python_interview_questions_and_answers/blob/02d57a7a9f34fd386eb8aa5c0094fe3f3c3ba141/docs/python/gil_threads_processes.md#L689-L849,https://docs.python.org/3.14/library/threading.html|https://docs.python.org/3.14/library/multiprocessing.html|https://docs.python.org/3.14/library/concurrent.futures.html|https://docs.python.org/3.14/howto/free-threading-python.html|https://docs.python.org/3.14/howto/free-threading-extensions.html,candidate_plus_official,drafted,source locator TV_PYTHON_GIL_THREADS_PROCESSES_08
PYI_15_010,topic::15_gil_threads_processes,cards/15_gil_threads_processes.txt,88d8b17d0e1a69586d164c1088c624320e5e5aa7c804014c8877c586719f309b,,https://docs.python.org/3.14/library/threading.html|https://docs.python.org/3.14/library/multiprocessing.html|https://docs.python.org/3.14/library/concurrent.futures.html|https://docs.python.org/3.14/howto/free-threading-python.html|https://docs.python.org/3.14/howto/free-threading-extensions.html,official_only,drafted,source locator OFFICIAL
PYI_15_011,topic::15_gil_threads_processes,cards/15_gil_threads_processes.txt,552c47876b83bcb75161822a50dafa76cc1183ad54c9be23e4a4369177ee16d2,https://github.com/tavor118/pj_python_interview_questions_and_answers/blob/02d57a7a9f34fd386eb8aa5c0094fe3f3c3ba141/docs/python/gil_threads_processes.md#L940-L986,https://docs.python.org/3.14/library/threading.html|https://docs.python.org/3.14/library/multiprocessing.html|https://docs.python.org/3.14/library/concurrent.futures.html|https://docs.python.org/3.14/howto/free-threading-python.html|https://docs.python.org/3.14/howto/free-threading-extensions.html,candidate_plus_official,drafted,source locator TV_PYTHON_GIL_THREADS_PROCESSES_12
PYI_15_012,topic::15_gil_threads_processes,cards/15_gil_threads_processes.txt,92fa13f121aed204b61b65828abe941d1f386778c1d0cebf0125343d0783765f,https://github.com/tavor118/pj_python_interview_questions_and_answers/blob/02d57a7a9f34fd386eb8aa5c0094fe3f3c3ba141/docs/python/gil_threads_processes.md#L1065-L1081,https://docs.python.org/3.14/library/threading.html|https://docs.python.org/3.14/library/multiprocessing.html|https://docs.python.org/3.14/library/concurrent.futures.html|https://docs.python.org/3.14/howto/free-threading-python.html|https://docs.python.org/3.14/howto/free-threading-extensions.html,candidate_plus_official,drafted,source locator TV_PYTHON_GIL_THREADS_PROCESSES_15
PYI_15_013,topic::15_gil_threads_processes,cards/15_gil_threads_processes.txt,b8cdf503f38e7eedc5e3d2689e481434bfe09c17784c5d4732f36a4de7769467,https://github.com/tavor118/pj_python_interview_questions_and_answers/blob/02d57a7a9f34fd386eb8aa5c0094fe3f3c3ba141/docs/python/gil_threads_processes.md#L1082-L1090,https://docs.python.org/3.14/library/threading.html|https://docs.python.org/3.14/library/multiprocessing.html|https://docs.python.org/3.14/library/concurrent.futures.html|https://docs.python.org/3.14/howto/free-threading-python.html|https://docs.python.org/3.14/howto/free-threading-extensions.html,candidate_plus_official,drafted,source locator TV_PYTHON_GIL_THREADS_PROCESSES_16
PYI_15_014,topic::15_gil_threads_processes,cards/15_gil_threads_processes.txt,a6fe1ddb4d6b4ca6fbf6828a22de5a51c772bb26a74beb81935074714df9dae7,https://github.com/tavor118/pj_python_interview_questions_and_answers/blob/02d57a7a9f34fd386eb8aa5c0094fe3f3c3ba141/docs/python/gil_threads_processes.md#L559-L688,https://docs.python.org/3.14/library/threading.html|https://docs.python.org/3.14/library/multiprocessing.html|https://docs.python.org/3.14/library/concurrent.futures.html|https://docs.python.org/3.14/howto/free-threading-python.html|https://docs.python.org/3.14/howto/free-threading-extensions.html,candidate_plus_official,drafted,source locator TV_PYTHON_GIL_THREADS_PROCESSES_07
PYI_15_015,topic::15_gil_threads_processes,cards/15_gil_threads_processes.txt,50fb8f23ee5f8d1c8d50aa6836261ebc1392805e22d8b6d38a7d9ec88aa45961,https://github.com/tavor118/pj_python_interview_questions_and_answers/blob/02d57a7a9f34fd386eb8aa5c0094fe3f3c3ba141/docs/python/gil_threads_processes.md#L126-L420,https://docs.python.org/3.14/library/threading.html|https://docs.python.org/3.14/library/multiprocessing.html|https://docs.python.org/3.14/library/concurrent.futures.html|https://docs.python.org/3.14/howto/free-threading-python.html|https://docs.python.org/3.14/howto/free-threading-extensions.html,candidate_plus_official,drafted,source locator TV_PYTHON_GIL_THREADS_PROCESSES_04
PYI_15_016,topic::15_gil_threads_processes,cards/15_gil_threads_processes.txt,d07b7ca311ec38603b3c1a3e40e748234aaaf8e0f352608d4882ad076b7eed79,https://github.com/tavor118/pj_python_interview_questions_and_answers/blob/02d57a7a9f34fd386eb8aa5c0094fe3f3c3ba141/docs/python/gil_threads_processes.md#L421-L483,https://docs.python.org/3.14/library/threading.html|https://docs.python.org/3.14/library/multiprocessing.html|https://docs.python.org/3.14/library/concurrent.futures.html|https://docs.python.org/3.14/howto/free-threading-python.html|https://docs.python.org/3.14/howto/free-threading-extensions.html,candidate_plus_official,drafted,source locator TV_PYTHON_GIL_THREADS_PROCESSES_05
PYI_15_017,topic::15_gil_threads_processes,cards/15_gil_threads_processes.txt,ded29116b9446e4def6141fc51628848efd1309519cbc83172e22caf4480867c,https://github.com/tavor118/pj_python_interview_questions_and_answers/blob/02d57a7a9f34fd386eb8aa5c0094fe3f3c3ba141/docs/python/gil_threads_processes.md#L126-L420,https://docs.python.org/3.14/library/threading.html|https://docs.python.org/3.14/library/multiprocessing.html|https://docs.python.org/3.14/library/concurrent.futures.html|https://docs.python.org/3.14/howto/free-threading-python.html|https://docs.python.org/3.14/howto/free-threading-extensions.html,candidate_plus_official,drafted,source locator TV_PYTHON_GIL_THREADS_PROCESSES_04
PYI_15_018,topic::15_gil_threads_processes,cards/15_gil_threads_processes.txt,31f89493c81459dca560b1a2804c53a69eecae2d59ce47747d6fe4fee0fd8b67,https://github.com/tavor118/pj_python_interview_questions_and_answers/blob/02d57a7a9f34fd386eb8aa5c0094fe3f3c3ba141/docs/python/gil_threads_processes.md#L1344-L1416,https://docs.python.org/3.14/library/threading.html|https://docs.python.org/3.14/library/multiprocessing.html|https://docs.python.org/3.14/library/concurrent.futures.html|https://docs.python.org/3.14/howto/free-threading-python.html|https://docs.python.org/3.14/howto/free-threading-extensions.html,candidate_plus_official,drafted,source locator TV_PYTHON_GIL_THREADS_PROCESSES_22
PYI_15_019,topic::15_gil_threads_processes,cards/15_gil_threads_processes.txt,532a33ea0f7474a5590697feb680769742c1a851a9c322bceeb7cd07366e9fc4,https://github.com/tavor118/pj_python_interview_questions_and_answers/blob/02d57a7a9f34fd386eb8aa5c0094fe3f3c3ba141/docs/python/gil_threads_processes.md#L940-L986,https://docs.python.org/3.14/library/threading.html|https://docs.python.org/3.14/library/multiprocessing.html|https://docs.python.org/3.14/library/concurrent.futures.html|https://docs.python.org/3.14/howto/free-threading-python.html|https://docs.python.org/3.14/howto/free-threading-extensions.html,candidate_plus_official,drafted,source locator TV_PYTHON_GIL_THREADS_PROCESSES_12
PYI_15_020,topic::15_gil_threads_processes,cards/15_gil_threads_processes.txt,348a19d4958bdb66c4ad0f03cc13ff59f51a3174c37cd9280b081f38e9502243,https://github.com/tavor118/pj_python_interview_questions_and_answers/blob/02d57a7a9f34fd386eb8aa5c0094fe3f3c3ba141/docs/python/gil_threads_processes.md#L1274-L1328,https://docs.python.org/3.14/library/threading.html|https://docs.python.org/3.14/library/multiprocessing.html|https://docs.python.org/3.14/library/concurrent.futures.html|https://docs.python.org/3.14/howto/free-threading-python.html|https://docs.python.org/3.14/howto/free-threading-extensions.html,candidate_plus_official,drafted,source locator TV_PYTHON_GIL_THREADS_PROCESSES_20
PYI_15_021,topic::15_gil_threads_processes,cards/15_gil_threads_processes.txt,cdf118c29d5e3bde1aed4a0eea1c62b447a5ac38b4f42758abc16e00194b3440,https://github.com/tavor118/pj_python_interview_questions_and_answers/blob/02d57a7a9f34fd386eb8aa5c0094fe3f3c3ba141/docs/python/gil_threads_processes.md#L126-L420,https://docs.python.org/3.14/library/threading.html|https://docs.python.org/3.14/library/multiprocessing.html|https://docs.python.org/3.14/library/concurrent.futures.html|https://docs.python.org/3.14/howto/free-threading-python.html|https://docs.python.org/3.14/howto/free-threading-extensions.html,candidate_plus_official,drafted,source locator TV_PYTHON_GIL_THREADS_PROCESSES_04
PYI_15_022,topic::15_gil_threads_processes,cards/15_gil_threads_processes.txt,b0c5c952bdf25eaa4739c6b3837d7ab257eba9d0f895bb29bbd4f6ce4ca50083,https://github.com/tavor118/pj_python_interview_questions_and_answers/blob/02d57a7a9f34fd386eb8aa5c0094fe3f3c3ba141/docs/python/gil_threads_processes.md#L987-L1043,https://docs.python.org/3.14/library/threading.html|https://docs.python.org/3.14/library/multiprocessing.html|https://docs.python.org/3.14/library/concurrent.futures.html|https://docs.python.org/3.14/howto/free-threading-python.html|https://docs.python.org/3.14/howto/free-threading-extensions.html,candidate_plus_official,drafted,source locator TV_PYTHON_GIL_THREADS_PROCESSES_13
PYI_16_001,topic::16_asyncio,cards/16_asyncio.txt,7a7415ef26d36e962c8ddd96fd06398995b20abf202d7623963df44505bceac6,https://github.com/tavor118/pj_python_interview_questions_and_answers/blob/02d57a7a9f34fd386eb8aa5c0094fe3f3c3ba141/docs/python/async.md#L17-L43,https://docs.python.org/3.14/library/asyncio-task.html|https://docs.python.org/3.14/library/asyncio-eventloop.html|https://docs.python.org/3.14/library/asyncio-dev.html,candidate_plus_official,drafted,source locator TV_PYTHON_ASYNC_02
PYI_16_002,topic::16_asyncio,cards/16_asyncio.txt,1ad6a3f50e8d837b5f69d86a79766f3e59adc6580edba5a98691a71f9c1d9d1e,https://github.com/tavor118/pj_python_interview_questions_and_answers/blob/02d57a7a9f34fd386eb8aa5c0094fe3f3c3ba141/docs/python/async.md#L135-L203,https://docs.python.org/3.14/library/asyncio-task.html|https://docs.python.org/3.14/library/asyncio-eventloop.html|https://docs.python.org/3.14/library/asyncio-dev.html,candidate_plus_official,drafted,source locator TV_PYTHON_ASYNC_05
PYI_16_003,topic::16_asyncio,cards/16_asyncio.txt,72d9b88c18221b3bb1636cdf95d208de5172f46b1fede7a1e09925fb1770c7fd,https://github.com/tavor118/pj_python_interview_questions_and_answers/blob/02d57a7a9f34fd386eb8aa5c0094fe3f3c3ba141/docs/python/async.md#L590-L652,https://docs.python.org/3.14/library/asyncio-task.html|https://docs.python.org/3.14/library/asyncio-eventloop.html|https://docs.python.org/3.14/library/asyncio-dev.html,candidate_plus_official,drafted,source locator TV_PYTHON_ASYNC_10
PYI_16_004,topic::16_asyncio,cards/16_asyncio.txt,fc90b4548f1188bfc9815315e5cf373bb62245f2e88d7b45143aca100923020e,https://github.com/tavor118/pj_python_interview_questions_and_answers/blob/02d57a7a9f34fd386eb8aa5c0094fe3f3c3ba141/docs/python/async.md#L665-L745,https://docs.python.org/3.14/library/asyncio-task.html|https://docs.python.org/3.14/library/asyncio-eventloop.html|https://docs.python.org/3.14/library/asyncio-dev.html,candidate_plus_official,drafted,source locator TV_PYTHON_ASYNC_12
PYI_16_005,topic::16_asyncio,cards/16_asyncio.txt,3eb4bdcb6e9e462ddf5ee68446602b5461ac5b9a0158c0bdfad20608b49cfaa1,https://github.com/tavor118/pj_python_interview_questions_and_answers/blob/02d57a7a9f34fd386eb8aa5c0094fe3f3c3ba141/docs/python/async.md#L204-L259,https://docs.python.org/3.14/library/asyncio-task.html|https://docs.python.org/3.14/library/asyncio-eventloop.html|https://docs.python.org/3.14/library/asyncio-dev.html,candidate_plus_official,drafted,source locator TV_PYTHON_ASYNC_06
PYI_16_006,topic::16_asyncio,cards/16_asyncio.txt,babb4b02e9b91b9dc7ab7cf4b9f787cf91282df3afe1647dd93cd00612315e71,https://github.com/tavor118/pj_python_interview_questions_and_answers/blob/02d57a7a9f34fd386eb8aa5c0094fe3f3c3ba141/docs/python/async.md#L590-L652,https://docs.python.org/3.14/library/asyncio-task.html|https://docs.python.org/3.14/library/asyncio-eventloop.html|https://docs.python.org/3.14/library/asyncio-dev.html,candidate_plus_official,drafted,source locator TV_PYTHON_ASYNC_10
PYI_16_007,topic::16_asyncio,cards/16_asyncio.txt,b77b6b8ed0a951882d214d286078fb47cc4b67291cdf0e31107ac5494cd6bc46,https://github.com/tavor118/pj_python_interview_questions_and_answers/blob/02d57a7a9f34fd386eb8aa5c0094fe3f3c3ba141/docs/python/async.md#L1222-L1247,https://docs.python.org/3.14/library/asyncio-task.html|https://docs.python.org/3.14/library/asyncio-eventloop.html|https://docs.python.org/3.14/library/asyncio-dev.html,candidate_plus_official,drafted,source locator TV_PYTHON_ASYNC_20
PYI_16_008,topic::16_asyncio,cards/16_asyncio.txt,4edb1d0d2251d2a99df50fc02d55bfe9e1353aaaddef4caaa09083d7c8167b23,https://github.com/tavor118/pj_python_interview_questions_and_answers/blob/02d57a7a9f34fd386eb8aa5c0094fe3f3c3ba141/docs/python/async.md#L1305-L1325,https://docs.python.org/3.14/library/asyncio-task.html|https://docs.python.org/3.14/library/asyncio-eventloop.html|https://docs.python.org/3.14/library/asyncio-dev.html,candidate_plus_official,drafted,source locator TV_PYTHON_ASYNC_23
PYI_16_009,topic::16_asyncio,cards/16_asyncio.txt,36943fbf6174dee43db4bcb0633218b014af83b42d6e0d343c6ea9a7942a210d,https://github.com/tavor118/pj_python_interview_questions_and_answers/blob/02d57a7a9f34fd386eb8aa5c0094fe3f3c3ba141/docs/python/async.md#L746-L791,https://docs.python.org/3.14/library/asyncio-task.html|https://docs.python.org/3.14/library/asyncio-eventloop.html|https://docs.python.org/3.14/library/asyncio-dev.html,candidate_plus_official,drafted,source locator TV_PYTHON_ASYNC_13
PYI_16_010,topic::16_asyncio,cards/16_asyncio.txt,7101e24d621e545363aacf64b3837c6a1b5b3ad1f6e50ee987a7aee399b9f319,https://github.com/tavor118/pj_python_interview_questions_and_answers/blob/02d57a7a9f34fd386eb8aa5c0094fe3f3c3ba141/docs/python/async.md#L746-L791,https://docs.python.org/3.14/library/asyncio-task.html|https://docs.python.org/3.14/library/asyncio-eventloop.html|https://docs.python.org/3.14/library/asyncio-dev.html,candidate_plus_official,drafted,source locator TV_PYTHON_ASYNC_13
PYI_16_011,topic::16_asyncio,cards/16_asyncio.txt,dcd2c0db9665314e6787616f91f6727669ee86b6e4c82c87506414204160f40f,https://github.com/tavor118/pj_python_interview_questions_and_answers/blob/02d57a7a9f34fd386eb8aa5c0094fe3f3c3ba141/docs/python/async.md#L746-L791,https://docs.python.org/3.14/library/asyncio-task.html|https://docs.python.org/3.14/library/asyncio-eventloop.html|https://docs.python.org/3.14/library/asyncio-dev.html,candidate_plus_official,drafted,source locator TV_PYTHON_ASYNC_13
PYI_16_012,topic::16_asyncio,cards/16_asyncio.txt,157dac5872ba011e2649653fb05949512d53cc7c0a62161a28cd9c7d4a773e2e,https://github.com/tavor118/pj_python_interview_questions_and_answers/blob/02d57a7a9f34fd386eb8aa5c0094fe3f3c3ba141/docs/python/async.md#L792-L832,https://docs.python.org/3.14/library/asyncio-task.html|https://docs.python.org/3.14/library/asyncio-eventloop.html|https://docs.python.org/3.14/library/asyncio-dev.html,candidate_plus_official,drafted,source locator TV_PYTHON_ASYNC_14
PYI_16_013,topic::16_asyncio,cards/16_asyncio.txt,5ff0f79f987c18150cc5ab90f525fd71030aed798dbc86c71ddbb84f0dd4385c,https://github.com/tavor118/pj_python_interview_questions_and_answers/blob/02d57a7a9f34fd386eb8aa5c0094fe3f3c3ba141/docs/python/async.md#L833-L937,https://docs.python.org/3.14/library/asyncio-task.html|https://docs.python.org/3.14/library/asyncio-eventloop.html|https://docs.python.org/3.14/library/asyncio-dev.html,candidate_plus_official,drafted,source locator TV_PYTHON_ASYNC_15
PYI_16_014,topic::16_asyncio,cards/16_asyncio.txt,8a394a4ee5ccceed282bf2b5028e51f5c6c55759cb26a7132a4c2d85d8e4aa24,https://github.com/tavor118/pj_python_interview_questions_and_answers/blob/02d57a7a9f34fd386eb8aa5c0094fe3f3c3ba141/docs/python/async.md#L792-L832,https://docs.python.org/3.14/library/asyncio-task.html|https://docs.python.org/3.14/library/asyncio-eventloop.html|https://docs.python.org/3.14/library/asyncio-dev.html,candidate_plus_official,drafted,source locator TV_PYTHON_ASYNC_14
PYI_16_015,topic::16_asyncio,cards/16_asyncio.txt,30abcc2fec4eba925d5886839add8ffdfc331c478288aa8dd81bd6c939c80278,https://github.com/tavor118/pj_python_interview_questions_and_answers/blob/02d57a7a9f34fd386eb8aa5c0094fe3f3c3ba141/docs/python/async.md#L1248-L1289,https://docs.python.org/3.14/library/asyncio-task.html|https://docs.python.org/3.14/library/asyncio-eventloop.html|https://docs.python.org/3.14/library/asyncio-dev.html,candidate_plus_official,drafted,source locator TV_PYTHON_ASYNC_21
PYI_16_016,topic::16_asyncio,cards/16_asyncio.txt,0a261395841227cc11609fdfe786864a036cd3ae87b400cffa8dd4026eea11b2,https://github.com/tavor118/pj_python_interview_questions_and_answers/blob/02d57a7a9f34fd386eb8aa5c0094fe3f3c3ba141/docs/python/async.md#L833-L937,https://docs.python.org/3.14/library/asyncio-task.html|https://docs.python.org/3.14/library/asyncio-eventloop.html|https://docs.python.org/3.14/library/asyncio-dev.html,candidate_plus_official,drafted,source locator TV_PYTHON_ASYNC_15
PYI_16_017,topic::16_asyncio,cards/16_asyncio.txt,8c15e8bafff53afc40c38accd1588e90238261406c8ad39c927f2286b1eae73d,https://github.com/tavor118/pj_python_interview_questions_and_answers/blob/02d57a7a9f34fd386eb8aa5c0094fe3f3c3ba141/docs/python/async.md#L1248-L1289,https://docs.python.org/3.14/library/asyncio-task.html|https://docs.python.org/3.14/library/asyncio-eventloop.html|https://docs.python.org/3.14/library/asyncio-dev.html,candidate_plus_official,drafted,source locator TV_PYTHON_ASYNC_21
PYI_16_018,topic::16_asyncio,cards/16_asyncio.txt,b4b66e3816a848b559a300e8acbbdb3adf6242d2e9fb080c9b7ae68d1e7eb791,https://github.com/tavor118/pj_python_interview_questions_and_answers/blob/02d57a7a9f34fd386eb8aa5c0094fe3f3c3ba141/docs/python/async.md#L1248-L1289,https://docs.python.org/3.14/library/asyncio-task.html|https://docs.python.org/3.14/library/asyncio-eventloop.html|https://docs.python.org/3.14/library/asyncio-dev.html,candidate_plus_official,drafted,source locator TV_PYTHON_ASYNC_21
PYI_16_019,topic::16_asyncio,cards/16_asyncio.txt,b1e033255b0b61af99bd265a2c2b9e9b5fc8ecf5b379642c61ef6cb810f2ff27,https://github.com/tavor118/pj_python_interview_questions_and_answers/blob/02d57a7a9f34fd386eb8aa5c0094fe3f3c3ba141/docs/python/async.md#L938-L1042,https://docs.python.org/3.14/library/asyncio-task.html|https://docs.python.org/3.14/library/asyncio-eventloop.html|https://docs.python.org/3.14/library/asyncio-dev.html,candidate_plus_official,drafted,source locator TV_PYTHON_ASYNC_16
PYI_16_020,topic::16_asyncio,cards/16_asyncio.txt,8dfb2b088e83ed424832a62b61442dda421193769cb4d60f03df5cd0111ce87a,https://github.com/tavor118/pj_python_interview_questions_and_answers/blob/02d57a7a9f34fd386eb8aa5c0094fe3f3c3ba141/docs/python/async.md#L938-L1042,https://docs.python.org/3.14/library/asyncio-task.html|https://docs.python.org/3.14/library/asyncio-eventloop.html|https://docs.python.org/3.14/library/asyncio-dev.html,candidate_plus_official,drafted,source locator TV_PYTHON_ASYNC_16
PYI_16_021,topic::16_asyncio,cards/16_asyncio.txt,03c92f1bd459e7b39da83223aaaf7a0a08c4b3b1812e9c76c1fd3c80f5058a88,https://github.com/tavor118/pj_python_interview_questions_and_answers/blob/02d57a7a9f34fd386eb8aa5c0094fe3f3c3ba141/docs/python/async.md#L1141-L1186,https://docs.python.org/3.14/library/asyncio-task.html|https://docs.python.org/3.14/library/asyncio-eventloop.html|https://docs.python.org/3.14/library/asyncio-dev.html,candidate_plus_official,drafted,source locator TV_PYTHON_ASYNC_18
PYI_16_022,topic::16_asyncio,cards/16_asyncio.txt,15e340269ae7485ecdb4b233f184b25f19912b1c4dbd123e01330bb3062217ee,https://github.com/tavor118/pj_python_interview_questions_and_answers/blob/02d57a7a9f34fd386eb8aa5c0094fe3f3c3ba141/docs/python/async.md#L1141-L1186,https://docs.python.org/3.14/library/asyncio-task.html|https://docs.python.org/3.14/library/asyncio-eventloop.html|https://docs.python.org/3.14/library/asyncio-dev.html,candidate_plus_official,drafted,source locator TV_PYTHON_ASYNC_18
PYI_16_023,topic::16_asyncio,cards/16_asyncio.txt,2e2a922ea9cf50b0ea0d3a3e6d8dd6f4d56d2e204f5a91e7cf377723aa7f3720,https://github.com/tavor118/pj_python_interview_questions_and_answers/blob/02d57a7a9f34fd386eb8aa5c0094fe3f3c3ba141/docs/python/async.md#L1443-L1542,https://docs.python.org/3.14/library/asyncio-task.html|https://docs.python.org/3.14/library/asyncio-eventloop.html|https://docs.python.org/3.14/library/asyncio-dev.html,candidate_plus_official,drafted,source locator TV_PYTHON_ASYNC_27
PYI_16_024,topic::16_asyncio,cards/16_asyncio.txt,3c2b1fed27edbb97603f718ca12c8bad6b211437b9d3e74aa8238bda4f9201bf,https://github.com/tavor118/pj_python_interview_questions_and_answers/blob/02d57a7a9f34fd386eb8aa5c0094fe3f3c3ba141/docs/python/async.md#L1305-L1325,https://docs.python.org/3.14/library/asyncio-task.html|https://docs.python.org/3.14/library/asyncio-eventloop.html|https://docs.python.org/3.14/library/asyncio-dev.html,candidate_plus_official,drafted,source locator TV_PYTHON_ASYNC_23
PYI_17_001,topic::17_standard_library,cards/17_standard_library.txt,b28590357391b06713f392d0af0f06caf0d6ef229607b34655b0e4030086c112,https://github.com/tavor118/pj_python_interview_questions_and_answers/blob/02d57a7a9f34fd386eb8aa5c0094fe3f3c3ba141/docs/python/standard_library.md#L101-L159,https://docs.python.org/3.14/library/collections.html|https://docs.python.org/3.14/library/itertools.html|https://docs.python.org/3.14/library/functools.html|https://docs.python.org/3.14/library/pathlib.html|https://docs.python.org/3.14/library/datetime.html|https://docs.python.org/3.14/library/re.html|https://owasp.org/www-community/attacks/Regular_expression_Denial_of_Service_-_ReDoS,candidate_plus_official,drafted,source locator TV_PYTHON_STANDARD_LIBRARY_03
PYI_17_002,topic::17_standard_library,cards/17_standard_library.txt,4a9806658ed13b87dd27027f20e326601b5287382b3162a79075e4d91472f8c3,https://github.com/tavor118/pj_python_interview_questions_and_answers/blob/02d57a7a9f34fd386eb8aa5c0094fe3f3c3ba141/docs/python/standard_library.md#L101-L159,https://docs.python.org/3.14/library/collections.html|https://docs.python.org/3.14/library/itertools.html|https://docs.python.org/3.14/library/functools.html|https://docs.python.org/3.14/library/pathlib.html|https://docs.python.org/3.14/library/datetime.html|https://docs.python.org/3.14/library/re.html|https://owasp.org/www-community/attacks/Regular_expression_Denial_of_Service_-_ReDoS,candidate_plus_official,drafted,source locator TV_PYTHON_STANDARD_LIBRARY_03
PYI_17_003,topic::17_standard_library,cards/17_standard_library.txt,0b6603bf0097a0d2f5d813ddbcb0f46838748afad8a205b5a9d325e0d81291eb,https://github.com/tavor118/pj_python_interview_questions_and_answers/blob/02d57a7a9f34fd386eb8aa5c0094fe3f3c3ba141/docs/python/standard_library.md#L101-L159,https://docs.python.org/3.14/library/collections.html|https://docs.python.org/3.14/library/itertools.html|https://docs.python.org/3.14/library/functools.html|https://docs.python.org/3.14/library/pathlib.html|https://docs.python.org/3.14/library/datetime.html|https://docs.python.org/3.14/library/re.html|https://owasp.org/www-community/attacks/Regular_expression_Denial_of_Service_-_ReDoS,candidate_plus_official,drafted,source locator TV_PYTHON_STANDARD_LIBRARY_03
PYI_17_004,topic::17_standard_library,cards/17_standard_library.txt,8d4ccaf601757788cd42213dc07e1202220ead3693b8b8dccea78a0022cd86f4,https://github.com/tavor118/pj_python_interview_questions_and_answers/blob/02d57a7a9f34fd386eb8aa5c0094fe3f3c3ba141/docs/python/standard_library.md#L20-L100,https://docs.python.org/3.14/library/collections.html|https://docs.python.org/3.14/library/itertools.html|https://docs.python.org/3.14/library/functools.html|https://docs.python.org/3.14/library/pathlib.html|https://docs.python.org/3.14/library/datetime.html|https://docs.python.org/3.14/library/re.html|https://owasp.org/www-community/attacks/Regular_expression_Denial_of_Service_-_ReDoS,candidate_plus_official,drafted,source locator TV_PYTHON_STANDARD_LIBRARY_02
PYI_17_005,topic::17_standard_library,cards/17_standard_library.txt,07c7d878187ed32a2d08544c65461c0a2c573b6afdefb207c1d023d341bd4cd8,https://github.com/tavor118/pj_python_interview_questions_and_answers/blob/02d57a7a9f34fd386eb8aa5c0094fe3f3c3ba141/docs/python/standard_library.md#L20-L100,https://docs.python.org/3.14/library/collections.html|https://docs.python.org/3.14/library/itertools.html|https://docs.python.org/3.14/library/functools.html|https://docs.python.org/3.14/library/pathlib.html|https://docs.python.org/3.14/library/datetime.html|https://docs.python.org/3.14/library/re.html|https://owasp.org/www-community/attacks/Regular_expression_Denial_of_Service_-_ReDoS,candidate_plus_official,drafted,source locator TV_PYTHON_STANDARD_LIBRARY_02
PYI_17_006,topic::17_standard_library,cards/17_standard_library.txt,c2c5f5100fa41d71b2ffe196bb4f787ee951e983c7145f82270778d879bf62e6,https://github.com/tavor118/pj_python_interview_questions_and_answers/blob/02d57a7a9f34fd386eb8aa5c0094fe3f3c3ba141/docs/python/standard_library.md#L20-L100,https://docs.python.org/3.14/library/collections.html|https://docs.python.org/3.14/library/itertools.html|https://docs.python.org/3.14/library/functools.html|https://docs.python.org/3.14/library/pathlib.html|https://docs.python.org/3.14/library/datetime.html|https://docs.python.org/3.14/library/re.html|https://owasp.org/www-community/attacks/Regular_expression_Denial_of_Service_-_ReDoS,candidate_plus_official,drafted,source locator TV_PYTHON_STANDARD_LIBRARY_02
PYI_17_008,topic::17_standard_library,cards/17_standard_library.txt,ceac9d7aea2757a59a134a1c03df153327195ab14ce18f8a279b19617317a135,https://github.com/tavor118/pj_python_interview_questions_and_answers/blob/02d57a7a9f34fd386eb8aa5c0094fe3f3c3ba141/docs/python/standard_library.md#L557-L604,https://docs.python.org/3.14/library/collections.html|https://docs.python.org/3.14/library/itertools.html|https://docs.python.org/3.14/library/functools.html|https://docs.python.org/3.14/library/pathlib.html|https://docs.python.org/3.14/library/datetime.html|https://docs.python.org/3.14/library/re.html|https://owasp.org/www-community/attacks/Regular_expression_Denial_of_Service_-_ReDoS,candidate_plus_official,drafted,source locator TV_PYTHON_STANDARD_LIBRARY_14
PYI_17_009,topic::17_standard_library,cards/17_standard_library.txt,abfa2ce614ff6d3f02fdd844458973c52580fe2dc903a0aa61d76d7263c57f71,https://github.com/tavor118/pj_python_interview_questions_and_answers/blob/02d57a7a9f34fd386eb8aa5c0094fe3f3c3ba141/docs/python/standard_library.md#L557-L604,https://docs.python.org/3.14/library/collections.html|https://docs.python.org/3.14/library/itertools.html|https://docs.python.org/3.14/library/functools.html|https://docs.python.org/3.14/library/pathlib.html|https://docs.python.org/3.14/library/datetime.html|https://docs.python.org/3.14/library/re.html|https://owasp.org/www-community/attacks/Regular_expression_Denial_of_Service_-_ReDoS,candidate_plus_official,drafted,source locator TV_PYTHON_STANDARD_LIBRARY_14
PYI_17_010,topic::17_standard_library,cards/17_standard_library.txt,cf7e6bacdf98c8234839ca45f3eecfb176de0284a7573b4ff950afb64067629f,https://github.com/tavor118/pj_python_interview_questions_and_answers/blob/02d57a7a9f34fd386eb8aa5c0094fe3f3c3ba141/docs/python/standard_library.md#L351-L392,https://docs.python.org/3.14/library/collections.html|https://docs.python.org/3.14/library/itertools.html|https://docs.python.org/3.14/library/functools.html|https://docs.python.org/3.14/library/pathlib.html|https://docs.python.org/3.14/library/datetime.html|https://docs.python.org/3.14/library/re.html|https://owasp.org/www-community/attacks/Regular_expression_Denial_of_Service_-_ReDoS,candidate_plus_official,drafted,source locator TV_PYTHON_STANDARD_LIBRARY_09
PYI_17_011,topic::17_standard_library,cards/17_standard_library.txt,52cde1b3fda2bfb631a89337e7137e9af2b0244d5382fc3b53143c726ae80e5a,https://github.com/tavor118/pj_python_interview_questions_and_answers/blob/02d57a7a9f34fd386eb8aa5c0094fe3f3c3ba141/docs/python/standard_library.md#L269-L296,https://docs.python.org/3.14/library/collections.html|https://docs.python.org/3.14/library/itertools.html|https://docs.python.org/3.14/library/functools.html|https://docs.python.org/3.14/library/pathlib.html|https://docs.python.org/3.14/library/datetime.html|https://docs.python.org/3.14/library/re.html|https://owasp.org/www-community/attacks/Regular_expression_Denial_of_Service_-_ReDoS,candidate_plus_official,drafted,source locator TV_PYTHON_STANDARD_LIBRARY_07
PYI_17_012,topic::17_standard_library,cards/17_standard_library.txt,e0de50f15f1f8f9f7109a7e60dfdec626af0ea32926be9cef0e1589d0bf3c635,https://github.com/tavor118/pj_python_interview_questions_and_answers/blob/02d57a7a9f34fd386eb8aa5c0094fe3f3c3ba141/docs/python/standard_library.md#L195-L231,https://docs.python.org/3.14/library/collections.html|https://docs.python.org/3.14/library/itertools.html|https://docs.python.org/3.14/library/functools.html|https://docs.python.org/3.14/library/pathlib.html|https://docs.python.org/3.14/library/datetime.html|https://docs.python.org/3.14/library/re.html|https://owasp.org/www-community/attacks/Regular_expression_Denial_of_Service_-_ReDoS,candidate_plus_official,drafted,source locator TV_PYTHON_STANDARD_LIBRARY_05
PYI_17_013,topic::17_standard_library,cards/17_standard_library.txt,c105a968de058a7da4773d6896e9d9dd8c5e50a68c54605736c3f0c7b100aa6f,https://github.com/tavor118/pj_python_interview_questions_and_answers/blob/02d57a7a9f34fd386eb8aa5c0094fe3f3c3ba141/docs/python/standard_library.md#L195-L231,https://docs.python.org/3.14/library/collections.html|https://docs.python.org/3.14/library/itertools.html|https://docs.python.org/3.14/library/functools.html|https://docs.python.org/3.14/library/pathlib.html|https://docs.python.org/3.14/library/datetime.html|https://docs.python.org/3.14/library/re.html|https://owasp.org/www-community/attacks/Regular_expression_Denial_of_Service_-_ReDoS,candidate_plus_official,drafted,source locator TV_PYTHON_STANDARD_LIBRARY_05
PYI_17_014,topic::17_standard_library,cards/17_standard_library.txt,462ec13f52839220c6b971eb52d280705037ce9726541a1c1e6a4bf9206c2c14,https://github.com/tavor118/pj_python_interview_questions_and_answers/blob/02d57a7a9f34fd386eb8aa5c0094fe3f3c3ba141/docs/python/standard_library.md#L3-L19,https://docs.python.org/3.14/library/collections.html|https://docs.python.org/3.14/library/itertools.html|https://docs.python.org/3.14/library/functools.html|https://docs.python.org/3.14/library/pathlib.html|https://docs.python.org/3.14/library/datetime.html|https://docs.python.org/3.14/library/re.html|https://owasp.org/www-community/attacks/Regular_expression_Denial_of_Service_-_ReDoS,candidate_plus_official,drafted,source locator TV_PYTHON_STANDARD_LIBRARY_01
PYI_17_015,topic::17_standard_library,cards/17_standard_library.txt,dc778fbfa4a482221a65bbc147e2598951c931979f098aeaacc2b4955c6cc9b3,https://github.com/tavor118/pj_python_interview_questions_and_answers/blob/02d57a7a9f34fd386eb8aa5c0094fe3f3c3ba141/docs/python/standard_library.md#L3-L19,https://docs.python.org/3.14/library/collections.html|https://docs.python.org/3.14/library/itertools.html|https://docs.python.org/3.14/library/functools.html|https://docs.python.org/3.14/library/pathlib.html|https://docs.python.org/3.14/library/datetime.html|https://docs.python.org/3.14/library/re.html|https://owasp.org/www-community/attacks/Regular_expression_Denial_of_Service_-_ReDoS,candidate_plus_official,drafted,source locator TV_PYTHON_STANDARD_LIBRARY_01
PYI_17_016,topic::17_standard_library,cards/17_standard_library.txt,f283c8dcab4f3a41181230dc0238a40ce82a84d1cb809fdf301c10416df57e4d,https://github.com/tavor118/pj_python_interview_questions_and_answers/blob/02d57a7a9f34fd386eb8aa5c0094fe3f3c3ba141/docs/python/standard_library.md#L442-L508,https://docs.python.org/3.14/library/collections.html|https://docs.python.org/3.14/library/itertools.html|https://docs.python.org/3.14/library/functools.html|https://docs.python.org/3.14/library/pathlib.html|https://docs.python.org/3.14/library/datetime.html|https://docs.python.org/3.14/library/re.html|https://owasp.org/www-community/attacks/Regular_expression_Denial_of_Service_-_ReDoS,candidate_plus_official,drafted,source locator TV_PYTHON_STANDARD_LIBRARY_11
PYI_17_017,topic::17_standard_library,cards/17_standard_library.txt,8ce4902c1d309bfdbb61b0225b5a99723bb2eb14f7fd6d7feff0d5aa300f1924,https://github.com/tavor118/pj_python_interview_questions_and_answers/blob/02d57a7a9f34fd386eb8aa5c0094fe3f3c3ba141/docs/python/standard_library.md#L3-L19,https://docs.python.org/3.14/library/collections.html|https://docs.python.org/3.14/library/itertools.html|https://docs.python.org/3.14/library/functools.html|https://docs.python.org/3.14/library/pathlib.html|https://docs.python.org/3.14/library/datetime.html|https://docs.python.org/3.14/library/re.html|https://owasp.org/www-community/attacks/Regular_expression_Denial_of_Service_-_ReDoS,candidate_plus_official,drafted,source locator TV_PYTHON_STANDARD_LIBRARY_01
PYI_17_018,topic::17_standard_library,cards/17_standard_library.txt,1c442714d22933f3d0c6ea8622baa1e9621d96f5581853aa274fb6f7f1b6bd0f,https://github.com/tavor118/pj_python_interview_questions_and_answers/blob/02d57a7a9f34fd386eb8aa5c0094fe3f3c3ba141/docs/python/standard_library.md#L605-L665,https://docs.python.org/3.14/library/collections.html|https://docs.python.org/3.14/library/itertools.html|https://docs.python.org/3.14/library/functools.html|https://docs.python.org/3.14/library/pathlib.html|https://docs.python.org/3.14/library/datetime.html|https://docs.python.org/3.14/library/re.html|https://owasp.org/www-community/attacks/Regular_expression_Denial_of_Service_-_ReDoS,candidate_plus_official,drafted,source locator TV_PYTHON_STANDARD_LIBRARY_15
PYI_17_019,topic::17_standard_library,cards/17_standard_library.txt,1e648c99b025c53f2335af6f83a399a211d78d0954e1f6d3537f6a4493b44034,,https://docs.python.org/3.14/library/collections.html|https://docs.python.org/3.14/library/itertools.html|https://docs.python.org/3.14/library/functools.html|https://docs.python.org/3.14/library/pathlib.html|https://docs.python.org/3.14/library/datetime.html|https://docs.python.org/3.14/library/re.html|https://owasp.org/www-community/attacks/Regular_expression_Denial_of_Service_-_ReDoS,official_only,drafted,source locator OFFICIAL
PYI_18_001,topic::18_testing,cards/18_testing.txt,eaeab6619c4fb8530f4ba06dac6993eca89a47de3c63726bd9a70cb7c78a3da7,https://github.com/tavor118/pj_python_interview_questions_and_answers/blob/02d57a7a9f34fd386eb8aa5c0094fe3f3c3ba141/docs/computer_science/testing.md#L49-L69,https://docs.python.org/3.14/library/unittest.html|https://docs.python.org/3.14/library/unittest.mock.html|https://docs.pytest.org/en/stable/|https://hypothesis.readthedocs.io/en/latest/|https://mutmut.readthedocs.io/en/latest/,candidate_plus_official,drafted,source locator TV_COMPUTER_SCIENCE_TESTING_02
PYI_18_002,topic::18_testing,cards/18_testing.txt,6e1fecf2176b7e4a60a2e0f69c57fc7185b79606cec1a57bcfc01abb845135cf,https://github.com/tavor118/pj_python_interview_questions_and_answers/blob/02d57a7a9f34fd386eb8aa5c0094fe3f3c3ba141/docs/computer_science/testing.md#L70-L97,https://docs.python.org/3.14/library/unittest.html|https://docs.python.org/3.14/library/unittest.mock.html|https://docs.pytest.org/en/stable/|https://hypothesis.readthedocs.io/en/latest/|https://mutmut.readthedocs.io/en/latest/,candidate_plus_official,drafted,source locator TV_COMPUTER_SCIENCE_TESTING_03
PYI_18_003,topic::18_testing,cards/18_testing.txt,396c6a5c24a3b2df7d7a92c210b2c137a5f83d76cdfcfa018019821f3bc50c0f,https://github.com/tavor118/pj_python_interview_questions_and_answers/blob/02d57a7a9f34fd386eb8aa5c0094fe3f3c3ba141/docs/computer_science/testing.md#L3-L48,https://docs.python.org/3.14/library/unittest.html|https://docs.python.org/3.14/library/unittest.mock.html|https://docs.pytest.org/en/stable/|https://hypothesis.readthedocs.io/en/latest/|https://mutmut.readthedocs.io/en/latest/,candidate_plus_official,drafted,source locator TV_COMPUTER_SCIENCE_TESTING_01
PYI_18_004,topic::18_testing,cards/18_testing.txt,b1ad04a49fa20be7de45d746d7e70fa00c4a00585d8847d1ff316f3a6f9f3f28,https://github.com/tavor118/pj_python_interview_questions_and_answers/blob/02d57a7a9f34fd386eb8aa5c0094fe3f3c3ba141/docs/computer_science/testing.md#L397-L406,https://docs.python.org/3.14/library/unittest.html|https://docs.python.org/3.14/library/unittest.mock.html|https://docs.pytest.org/en/stable/|https://hypothesis.readthedocs.io/en/latest/|https://mutmut.readthedocs.io/en/latest/,candidate_plus_official,drafted,source locator TV_COMPUTER_SCIENCE_TESTING_13
PYI_18_005,topic::18_testing,cards/18_testing.txt,4f1359acc873c802e6d9eb5c5ea06cadfe121bd8ed580d992f0aa3c9dcc0ad61,https://github.com/tavor118/pj_python_interview_questions_and_answers/blob/02d57a7a9f34fd386eb8aa5c0094fe3f3c3ba141/docs/computer_science/testing.md#L397-L406,https://docs.python.org/3.14/library/unittest.html|https://docs.python.org/3.14/library/unittest.mock.html|https://docs.pytest.org/en/stable/|https://hypothesis.readthedocs.io/en/latest/|https://mutmut.readthedocs.io/en/latest/,candidate_plus_official,drafted,source locator TV_COMPUTER_SCIENCE_TESTING_13
PYI_18_006,topic::18_testing,cards/18_testing.txt,dab190d8fa7a5807c5e2d78c663736a74e6ec830fcdad741fc0ec51e4a2fd43c,https://github.com/tavor118/pj_python_interview_questions_and_answers/blob/02d57a7a9f34fd386eb8aa5c0094fe3f3c3ba141/docs/computer_science/testing.md#L397-L406,https://docs.python.org/3.14/library/unittest.html|https://docs.python.org/3.14/library/unittest.mock.html|https://docs.pytest.org/en/stable/|https://hypothesis.readthedocs.io/en/latest/|https://mutmut.readthedocs.io/en/latest/,candidate_plus_official,drafted,source locator TV_COMPUTER_SCIENCE_TESTING_13
PYI_18_007,topic::18_testing,cards/18_testing.txt,8cf84157e160c33fbe0a812b9935b0274011330410c7c0d79a2d4b4f29836b36,https://github.com/tavor118/pj_python_interview_questions_and_answers/blob/02d57a7a9f34fd386eb8aa5c0094fe3f3c3ba141/docs/python/python_packages.md#L122-L168,https://docs.python.org/3.14/library/unittest.html|https://docs.python.org/3.14/library/unittest.mock.html|https://docs.pytest.org/en/stable/|https://hypothesis.readthedocs.io/en/latest/|https://mutmut.readthedocs.io/en/latest/,candidate_plus_official,drafted,source locator TV_PYTHON_PYTHON_PACKAGES_06
PYI_18_008,topic::18_testing,cards/18_testing.txt,5ee3a3763fb253afbb27b62880ae760bd7051534f68de9313286f8a20f8f6785,https://github.com/tavor118/pj_python_interview_questions_and_answers/blob/02d57a7a9f34fd386eb8aa5c0094fe3f3c3ba141/docs/python/python_packages.md#L122-L168,https://docs.python.org/3.14/library/unittest.html|https://docs.python.org/3.14/library/unittest.mock.html|https://docs.pytest.org/en/stable/|https://hypothesis.readthedocs.io/en/latest/|https://mutmut.readthedocs.io/en/latest/,candidate_plus_official,drafted,source locator TV_PYTHON_PYTHON_PACKAGES_06
PYI_18_009,topic::18_testing,cards/18_testing.txt,caa491b9465a47c9731ee87f3747f6dd6859614955cee8138469df8f9661014a,https://github.com/tavor118/pj_python_interview_questions_and_answers/blob/02d57a7a9f34fd386eb8aa5c0094fe3f3c3ba141/docs/python/python_packages.md#L122-L168,https://docs.python.org/3.14/library/unittest.html|https://docs.python.org/3.14/library/unittest.mock.html|https://docs.pytest.org/en/stable/|https://hypothesis.readthedocs.io/en/latest/|https://mutmut.readthedocs.io/en/latest/,candidate_plus_official,drafted,source locator TV_PYTHON_PYTHON_PACKAGES_06
PYI_18_010,topic::18_testing,cards/18_testing.txt,a4b3c0922614a4b5419a404dfae439f56531f14b978fc878f2829bfd02207f98,https://github.com/tavor118/pj_python_interview_questions_and_answers/blob/02d57a7a9f34fd386eb8aa5c0094fe3f3c3ba141/docs/computer_science/testing.md#L212-L346,https://docs.python.org/3.14/library/unittest.html|https://docs.python.org/3.14/library/unittest.mock.html|https://docs.pytest.org/en/stable/|https://hypothesis.readthedocs.io/en/latest/|https://mutmut.readthedocs.io/en/latest/,candidate_plus_official,drafted,source locator TV_COMPUTER_SCIENCE_TESTING_10
PYI_18_011,topic::18_testing,cards/18_testing.txt,9e6b868b73c261c3cb2672669b5e9c954bf05cda66162b65127ec3081dff4d15,https://github.com/tavor118/pj_python_interview_questions_and_answers/blob/02d57a7a9f34fd386eb8aa5c0094fe3f3c3ba141/docs/computer_science/testing.md#L190-L211,https://docs.python.org/3.14/library/unittest.html|https://docs.python.org/3.14/library/unittest.mock.html|https://docs.pytest.org/en/stable/|https://hypothesis.readthedocs.io/en/latest/|https://mutmut.readthedocs.io/en/latest/,candidate_plus_official,drafted,source locator TV_COMPUTER_SCIENCE_TESTING_09
PYI_18_012,topic::18_testing,cards/18_testing.txt,f4793895bc68b97d776d59797a6e454515d346ad5ad6247a934724adac34ab5a,https://github.com/tavor118/pj_python_interview_questions_and_answers/blob/02d57a7a9f34fd386eb8aa5c0094fe3f3c3ba141/docs/computer_science/testing.md#L190-L211,https://docs.python.org/3.14/library/unittest.html|https://docs.python.org/3.14/library/unittest.mock.html|https://docs.pytest.org/en/stable/|https://hypothesis.readthedocs.io/en/latest/|https://mutmut.readthedocs.io/en/latest/,candidate_plus_official,drafted,source locator TV_COMPUTER_SCIENCE_TESTING_09
PYI_18_013,topic::18_testing,cards/18_testing.txt,2207e344135994e8c7e4ededcfa2ae1458f28d95dbc3af1df88a86e3d90556bd,https://github.com/tavor118/pj_python_interview_questions_and_answers/blob/02d57a7a9f34fd386eb8aa5c0094fe3f3c3ba141/docs/computer_science/testing.md#L190-L211,https://docs.python.org/3.14/library/unittest.html|https://docs.python.org/3.14/library/unittest.mock.html|https://docs.pytest.org/en/stable/|https://hypothesis.readthedocs.io/en/latest/|https://mutmut.readthedocs.io/en/latest/,candidate_plus_official,drafted,source locator TV_COMPUTER_SCIENCE_TESTING_09
PYI_18_014,topic::18_testing,cards/18_testing.txt,07618a7a9cc6905e5fc5a175b31f76946e5ce40d93d4bca0740ac475024fc041,https://github.com/tavor118/pj_python_interview_questions_and_answers/blob/02d57a7a9f34fd386eb8aa5c0094fe3f3c3ba141/docs/computer_science/testing.md#L190-L211,https://docs.python.org/3.14/library/unittest.html|https://docs.python.org/3.14/library/unittest.mock.html|https://docs.pytest.org/en/stable/|https://hypothesis.readthedocs.io/en/latest/|https://mutmut.readthedocs.io/en/latest/,candidate_plus_official,drafted,source locator TV_COMPUTER_SCIENCE_TESTING_09
PYI_18_015,topic::18_testing,cards/18_testing.txt,20398665cd5baa27f2f72c1c158bacf72f0dadc823d3b5ae31c696be10b6f9b3,https://github.com/tavor118/pj_python_interview_questions_and_answers/blob/02d57a7a9f34fd386eb8aa5c0094fe3f3c3ba141/docs/computer_science/testing.md#L347-L376,https://docs.python.org/3.14/library/unittest.html|https://docs.python.org/3.14/library/unittest.mock.html|https://docs.pytest.org/en/stable/|https://hypothesis.readthedocs.io/en/latest/|https://mutmut.readthedocs.io/en/latest/,candidate_plus_official,drafted,source locator TV_COMPUTER_SCIENCE_TESTING_11
PYI_18_016,topic::18_testing,cards/18_testing.txt,a80c95ffe5071fbf5709fdecb8f2f507279a84cc0c46857d2064fb16a713b702,,https://docs.python.org/3.14/library/unittest.html|https://docs.python.org/3.14/library/unittest.mock.html|https://docs.pytest.org/en/stable/|https://hypothesis.readthedocs.io/en/latest/|https://mutmut.readthedocs.io/en/latest/,official_only,drafted,source locator OFFICIAL
PYI_18_017,topic::18_testing,cards/18_testing.txt,0726e02b14fd24c83ab1023dfcb3ad063d5f69bd5e0b127436838f30781c2619,https://github.com/tavor118/pj_python_interview_questions_and_answers/blob/02d57a7a9f34fd386eb8aa5c0094fe3f3c3ba141/docs/computer_science/testing.md#L3-L48,https://docs.python.org/3.14/library/unittest.html|https://docs.python.org/3.14/library/unittest.mock.html|https://docs.pytest.org/en/stable/|https://hypothesis.readthedocs.io/en/latest/|https://mutmut.readthedocs.io/en/latest/,candidate_plus_official,drafted,source locator TV_COMPUTER_SCIENCE_TESTING_01
PYI_18_018,topic::18_testing,cards/18_testing.txt,f6fb3b4c3fe2cc441b300dd9a0a823a20c3aa2845e0ac3cb397022a148215db6,https://github.com/tavor118/pj_python_interview_questions_and_answers/blob/02d57a7a9f34fd386eb8aa5c0094fe3f3c3ba141/docs/computer_science/testing.md#L3-L48,https://docs.python.org/3.14/library/unittest.html|https://docs.python.org/3.14/library/unittest.mock.html|https://docs.pytest.org/en/stable/|https://hypothesis.readthedocs.io/en/latest/|https://mutmut.readthedocs.io/en/latest/,candidate_plus_official,drafted,source locator TV_COMPUTER_SCIENCE_TESTING_01
PYI_18_019,topic::18_testing,cards/18_testing.txt,832d60315c21175f81646657b34219730fd72e0b9b33701d8c46412d0542306f,,https://docs.python.org/3.14/library/unittest.html|https://docs.python.org/3.14/library/unittest.mock.html|https://docs.pytest.org/en/stable/|https://hypothesis.readthedocs.io/en/latest/|https://mutmut.readthedocs.io/en/latest/,official_only,drafted,source locator OFFICIAL
PYI_19_001,topic::19_performance_best_practices,cards/19_performance_best_practices.txt,ab608a6a1c87160278514c2167c412418922baed4b0cdf169095131354667440,https://github.com/tavor118/pj_python_interview_questions_and_answers/blob/02d57a7a9f34fd386eb8aa5c0094fe3f3c3ba141/docs/python/python_packages.md#L207-L243,https://docs.python.org/3.14/library/profile.html|https://docs.python.org/3.14/library/timeit.html|https://docs.python.org/3.14/library/tracemalloc.html|https://docs.python.org/3.14/library/concurrent.futures.html|https://docs.python.org/3.14/faq/programming.html#performance|https://docs.python.org/3.14/library/functools.html#functools.lru_cache|https://docs.python.org/3.14/library/stdtypes.html#common-sequence-operations,candidate_plus_official,drafted,source locator TV_PYTHON_PYTHON_PACKAGES_08
PYI_19_002,topic::19_performance_best_practices,cards/19_performance_best_practices.txt,d7a7a4cf881d4a07835e0ae02e144c084435d805d51e12500cf71712241a6651,https://github.com/tavor118/pj_python_interview_questions_and_answers/blob/02d57a7a9f34fd386eb8aa5c0094fe3f3c3ba141/docs/python/python_packages.md#L207-L243,https://docs.python.org/3.14/library/profile.html|https://docs.python.org/3.14/library/timeit.html|https://docs.python.org/3.14/library/tracemalloc.html|https://docs.python.org/3.14/library/concurrent.futures.html|https://docs.python.org/3.14/faq/programming.html#performance|https://docs.python.org/3.14/library/functools.html#functools.lru_cache|https://docs.python.org/3.14/library/stdtypes.html#common-sequence-operations,candidate_plus_official,drafted,source locator TV_PYTHON_PYTHON_PACKAGES_08
PYI_19_003,topic::19_performance_best_practices,cards/19_performance_best_practices.txt,1c807bb225a69c59ecbf126441c7c0405e1ecc59ee620de0b18e1af7ee7fcc0a,https://github.com/tavor118/pj_python_interview_questions_and_answers/blob/02d57a7a9f34fd386eb8aa5c0094fe3f3c3ba141/docs/python/python_packages.md#L207-L243,https://docs.python.org/3.14/library/profile.html|https://docs.python.org/3.14/library/timeit.html|https://docs.python.org/3.14/library/tracemalloc.html|https://docs.python.org/3.14/library/concurrent.futures.html|https://docs.python.org/3.14/faq/programming.html#performance|https://docs.python.org/3.14/library/functools.html#functools.lru_cache|https://docs.python.org/3.14/library/stdtypes.html#common-sequence-operations,candidate_plus_official,drafted,source locator TV_PYTHON_PYTHON_PACKAGES_08
PYI_19_004,topic::19_performance_best_practices,cards/19_performance_best_practices.txt,f1ed688746b39d395a2e193df02f1223d5023b58d677309ce77220da2fc94e8a,https://github.com/tavor118/pj_python_interview_questions_and_answers/blob/02d57a7a9f34fd386eb8aa5c0094fe3f3c3ba141/docs/python/python_packages.md#L207-L243,https://docs.python.org/3.14/library/profile.html|https://docs.python.org/3.14/library/timeit.html|https://docs.python.org/3.14/library/tracemalloc.html|https://docs.python.org/3.14/library/concurrent.futures.html|https://docs.python.org/3.14/faq/programming.html#performance|https://docs.python.org/3.14/library/functools.html#functools.lru_cache|https://docs.python.org/3.14/library/stdtypes.html#common-sequence-operations,candidate_plus_official,drafted,source locator TV_PYTHON_PYTHON_PACKAGES_08
PYI_19_005,topic::19_performance_best_practices,cards/19_performance_best_practices.txt,a028cf113602c91ece4704a567a2c10220e883d0adfeec31a1b876a69b142dc9,https://github.com/tavor118/pj_python_interview_questions_and_answers/blob/02d57a7a9f34fd386eb8aa5c0094fe3f3c3ba141/docs/python/python_packages.md#L244-L269,https://docs.python.org/3.14/library/profile.html|https://docs.python.org/3.14/library/timeit.html|https://docs.python.org/3.14/library/tracemalloc.html|https://docs.python.org/3.14/library/concurrent.futures.html|https://docs.python.org/3.14/faq/programming.html#performance|https://docs.python.org/3.14/library/functools.html#functools.lru_cache|https://docs.python.org/3.14/library/stdtypes.html#common-sequence-operations,candidate_plus_official,drafted,source locator TV_PYTHON_PYTHON_PACKAGES_09
PYI_19_006,topic::19_performance_best_practices,cards/19_performance_best_practices.txt,92d747a13f145cbdb06a5e48cac3b0eebbd6b34564151fd9198ed43c138ec2a3,https://github.com/tavor118/pj_python_interview_questions_and_answers/blob/02d57a7a9f34fd386eb8aa5c0094fe3f3c3ba141/docs/python/python_packages.md#L244-L269,https://docs.python.org/3.14/library/profile.html|https://docs.python.org/3.14/library/timeit.html|https://docs.python.org/3.14/library/tracemalloc.html|https://docs.python.org/3.14/library/concurrent.futures.html|https://docs.python.org/3.14/faq/programming.html#performance|https://docs.python.org/3.14/library/functools.html#functools.lru_cache|https://docs.python.org/3.14/library/stdtypes.html#common-sequence-operations,candidate_plus_official,drafted,source locator TV_PYTHON_PYTHON_PACKAGES_09
PYI_19_007,topic::19_performance_best_practices,cards/19_performance_best_practices.txt,ad5ff134a03376c54fe6fc45c90916f58e2ff39b3e23549d007425e4391e8ae3,https://github.com/tavor118/pj_python_interview_questions_and_answers/blob/02d57a7a9f34fd386eb8aa5c0094fe3f3c3ba141/docs/python/python_packages.md#L244-L269,https://docs.python.org/3.14/library/profile.html|https://docs.python.org/3.14/library/timeit.html|https://docs.python.org/3.14/library/tracemalloc.html|https://docs.python.org/3.14/library/concurrent.futures.html|https://docs.python.org/3.14/faq/programming.html#performance|https://docs.python.org/3.14/library/functools.html#functools.lru_cache|https://docs.python.org/3.14/library/stdtypes.html#common-sequence-operations,candidate_plus_official,drafted,source locator TV_PYTHON_PYTHON_PACKAGES_09
PYI_19_008,topic::19_performance_best_practices,cards/19_performance_best_practices.txt,dc106a34394756ff854287352b57f2df3c930458d716eafef02cfd8ae57e59bc,,https://docs.python.org/3.14/library/profile.html|https://docs.python.org/3.14/library/timeit.html|https://docs.python.org/3.14/library/tracemalloc.html|https://docs.python.org/3.14/library/concurrent.futures.html|https://docs.python.org/3.14/faq/programming.html#performance|https://docs.python.org/3.14/library/functools.html#functools.lru_cache|https://docs.python.org/3.14/library/stdtypes.html#common-sequence-operations,official_only,drafted,source locator OFFICIAL
PYI_19_009,topic::19_performance_best_practices,cards/19_performance_best_practices.txt,1f290fe3c47b98ecc87e8b3b854bd73497a5f439ef357066484b8da1bd546ac7,https://github.com/tavor118/pj_python_interview_questions_and_answers/blob/02d57a7a9f34fd386eb8aa5c0094fe3f3c3ba141/docs/python/python_packages.md#L244-L269,https://docs.python.org/3.14/library/profile.html|https://docs.python.org/3.14/library/timeit.html|https://docs.python.org/3.14/library/tracemalloc.html|https://docs.python.org/3.14/library/concurrent.futures.html|https://docs.python.org/3.14/faq/programming.html#performance|https://docs.python.org/3.14/library/functools.html#functools.lru_cache|https://docs.python.org/3.14/library/stdtypes.html#common-sequence-operations,candidate_plus_official,drafted,source locator TV_PYTHON_PYTHON_PACKAGES_09
PYI_19_010,topic::19_performance_best_practices,cards/19_performance_best_practices.txt,35863e68f709f89d5c01e35968ca7c17b1818add04bab1e6b171e450fa2865d5,,https://docs.python.org/3.14/library/profile.html|https://docs.python.org/3.14/library/timeit.html|https://docs.python.org/3.14/library/tracemalloc.html|https://docs.python.org/3.14/library/concurrent.futures.html|https://docs.python.org/3.14/faq/programming.html#performance|https://docs.python.org/3.14/library/functools.html#functools.lru_cache|https://docs.python.org/3.14/library/stdtypes.html#common-sequence-operations,official_only,drafted,source locator OFFICIAL
PYI_19_011,topic::19_performance_best_practices,cards/19_performance_best_practices.txt,0f64c5141254e6b6711f70bf3ec4bd9aff570ecc02ebc6ac97df93a2344add07,https://github.com/tavor118/pj_python_interview_questions_and_answers/blob/02d57a7a9f34fd386eb8aa5c0094fe3f3c3ba141/docs/python/standard_library.md#L666-L695,https://docs.python.org/3.14/library/profile.html|https://docs.python.org/3.14/library/timeit.html|https://docs.python.org/3.14/library/tracemalloc.html|https://docs.python.org/3.14/library/concurrent.futures.html|https://docs.python.org/3.14/faq/programming.html#performance|https://docs.python.org/3.14/library/functools.html#functools.lru_cache|https://docs.python.org/3.14/library/stdtypes.html#common-sequence-operations,candidate_plus_official,drafted,source locator TV_PYTHON_STANDARD_LIBRARY_16
PYI_19_012,topic::19_performance_best_practices,cards/19_performance_best_practices.txt,0692a5da95cd72571fe62d12104e1169b44f9317c8556a5d0839baedfd28bde0,https://github.com/tavor118/pj_python_interview_questions_and_answers/blob/02d57a7a9f34fd386eb8aa5c0094fe3f3c3ba141/docs/python/standard_library.md#L666-L695,https://docs.python.org/3.14/library/profile.html|https://docs.python.org/3.14/library/timeit.html|https://docs.python.org/3.14/library/tracemalloc.html|https://docs.python.org/3.14/library/concurrent.futures.html|https://docs.python.org/3.14/faq/programming.html#performance|https://docs.python.org/3.14/library/functools.html#functools.lru_cache|https://docs.python.org/3.14/library/stdtypes.html#common-sequence-operations,candidate_plus_official,drafted,source locator TV_PYTHON_STANDARD_LIBRARY_16
PYI_19_013,topic::19_performance_best_practices,cards/19_performance_best_practices.txt,00f7524c7dbe0efc42ba55df6e2774d9a42684ba44ebd0bcc39ed51b8598483f,,https://docs.python.org/3.14/library/profile.html|https://docs.python.org/3.14/library/timeit.html|https://docs.python.org/3.14/library/tracemalloc.html|https://docs.python.org/3.14/library/concurrent.futures.html|https://docs.python.org/3.14/faq/programming.html#performance|https://docs.python.org/3.14/library/functools.html#functools.lru_cache|https://docs.python.org/3.14/library/stdtypes.html#common-sequence-operations,official_only,drafted,source locator OFFICIAL
PYI_19_014,topic::19_performance_best_practices,cards/19_performance_best_practices.txt,1a607e69dec59108a5f39908e31cdb612056211d7f7d8802e82a6b3d5689dc9f,https://github.com/tavor118/pj_python_interview_questions_and_answers/blob/02d57a7a9f34fd386eb8aa5c0094fe3f3c3ba141/docs/python/python_packages.md#L244-L269,https://docs.python.org/3.14/library/profile.html|https://docs.python.org/3.14/library/timeit.html|https://docs.python.org/3.14/library/tracemalloc.html|https://docs.python.org/3.14/library/concurrent.futures.html|https://docs.python.org/3.14/faq/programming.html#performance|https://docs.python.org/3.14/library/functools.html#functools.lru_cache|https://docs.python.org/3.14/library/stdtypes.html#common-sequence-operations,candidate_plus_official,drafted,source locator TV_PYTHON_PYTHON_PACKAGES_09
PYI_19_015,topic::19_performance_best_practices,cards/19_performance_best_practices.txt,1d6d7cf08ef4d8ce42f785b5f1af0e868d69058af6c9b8a4fa933882eeb5e9a0,https://github.com/tavor118/pj_python_interview_questions_and_answers/blob/02d57a7a9f34fd386eb8aa5c0094fe3f3c3ba141/docs/python/python_packages.md#L244-L269,https://docs.python.org/3.14/library/profile.html|https://docs.python.org/3.14/library/timeit.html|https://docs.python.org/3.14/library/tracemalloc.html|https://docs.python.org/3.14/library/concurrent.futures.html|https://docs.python.org/3.14/faq/programming.html#performance|https://docs.python.org/3.14/library/functools.html#functools.lru_cache|https://docs.python.org/3.14/library/stdtypes.html#common-sequence-operations,candidate_plus_official,drafted,source locator TV_PYTHON_PYTHON_PACKAGES_09
PYI_19_016,topic::19_performance_best_practices,cards/19_performance_best_practices.txt,4e466df52982854bf1cc74dc0bb2bda1f829b6a987ccf100188b4c8341f37f19,https://github.com/tavor118/pj_python_interview_questions_and_answers/blob/02d57a7a9f34fd386eb8aa5c0094fe3f3c3ba141/docs/python/python_packages.md#L244-L269,https://docs.python.org/3.14/library/profile.html|https://docs.python.org/3.14/library/timeit.html|https://docs.python.org/3.14/library/tracemalloc.html|https://docs.python.org/3.14/library/concurrent.futures.html|https://docs.python.org/3.14/faq/programming.html#performance|https://docs.python.org/3.14/library/functools.html#functools.lru_cache|https://docs.python.org/3.14/library/stdtypes.html#common-sequence-operations,candidate_plus_official,drafted,source locator TV_PYTHON_PYTHON_PACKAGES_09
PYI_19_017,topic::19_performance_best_practices,cards/19_performance_best_practices.txt,aaf278d23726772b4ccc9ef12aab4acc7658a2651fc8b6fe62c35498828d0458,https://github.com/tavor118/pj_python_interview_questions_and_answers/blob/02d57a7a9f34fd386eb8aa5c0094fe3f3c3ba141/docs/python/python_packages.md#L244-L269,https://docs.python.org/3.14/library/profile.html|https://docs.python.org/3.14/library/timeit.html|https://docs.python.org/3.14/library/tracemalloc.html|https://docs.python.org/3.14/library/concurrent.futures.html|https://docs.python.org/3.14/faq/programming.html#performance|https://docs.python.org/3.14/library/functools.html#functools.lru_cache|https://docs.python.org/3.14/library/stdtypes.html#common-sequence-operations,candidate_plus_official,drafted,source locator TV_PYTHON_PYTHON_PACKAGES_09
PYI_19_018,topic::19_performance_best_practices,cards/19_performance_best_practices.txt,e72fb3011a9618f3bc7fa591b7ec26c19d39d846b6208804284d8891396f14ac,https://github.com/tavor118/pj_python_interview_questions_and_answers/blob/02d57a7a9f34fd386eb8aa5c0094fe3f3c3ba141/docs/python/python_packages.md#L244-L269,https://docs.python.org/3.14/library/profile.html|https://docs.python.org/3.14/library/timeit.html|https://docs.python.org/3.14/library/tracemalloc.html|https://docs.python.org/3.14/library/concurrent.futures.html|https://docs.python.org/3.14/faq/programming.html#performance|https://docs.python.org/3.14/library/functools.html#functools.lru_cache|https://docs.python.org/3.14/library/stdtypes.html#common-sequence-operations,candidate_plus_official,drafted,source locator TV_PYTHON_PYTHON_PACKAGES_09
PYI_19_019,topic::19_performance_best_practices,cards/19_performance_best_practices.txt,1da8d00383f9a14ac297499a5eb73c54b4a2e0e0e414a1c7eabf86f5d4c543e6,https://github.com/tavor118/pj_python_interview_questions_and_answers/blob/02d57a7a9f34fd386eb8aa5c0094fe3f3c3ba141/docs/python/python_packages.md#L207-L243,https://docs.python.org/3.14/library/profile.html|https://docs.python.org/3.14/library/timeit.html|https://docs.python.org/3.14/library/tracemalloc.html|https://docs.python.org/3.14/library/concurrent.futures.html|https://docs.python.org/3.14/faq/programming.html#performance|https://docs.python.org/3.14/library/functools.html#functools.lru_cache|https://docs.python.org/3.14/library/stdtypes.html#common-sequence-operations,candidate_plus_official,drafted,source locator TV_PYTHON_PYTHON_PACKAGES_08
PYI_19_020,topic::19_performance_best_practices,cards/19_performance_best_practices.txt,d8b68b4f4308708b3611f0c1865a91244fd37377239092b39db4be3f4ea8b256,https://github.com/tavor118/pj_python_interview_questions_and_answers/blob/02d57a7a9f34fd386eb8aa5c0094fe3f3c3ba141/docs/python/python_packages.md#L207-L243,https://docs.python.org/3.14/library/profile.html|https://docs.python.org/3.14/library/timeit.html|https://docs.python.org/3.14/library/tracemalloc.html|https://docs.python.org/3.14/library/concurrent.futures.html|https://docs.python.org/3.14/faq/programming.html#performance|https://docs.python.org/3.14/library/functools.html#functools.lru_cache|https://docs.python.org/3.14/library/stdtypes.html#common-sequence-operations,candidate_plus_official,drafted,source locator TV_PYTHON_PYTHON_PACKAGES_08
PYI_19_021,topic::19_performance_best_practices,cards/19_performance_best_practices.txt,106f9bf985078438c5e35ee749863a7622ad5bff0857256eeb5d5b51706a77ba,https://github.com/tavor118/pj_python_interview_questions_and_answers/blob/02d57a7a9f34fd386eb8aa5c0094fe3f3c3ba141/docs/python/standard_library.md#L666-L695,https://docs.python.org/3.14/library/profile.html|https://docs.python.org/3.14/library/timeit.html|https://docs.python.org/3.14/library/tracemalloc.html|https://docs.python.org/3.14/library/concurrent.futures.html|https://docs.python.org/3.14/faq/programming.html#performance|https://docs.python.org/3.14/library/functools.html#functools.lru_cache|https://docs.python.org/3.14/library/stdtypes.html#common-sequence-operations,candidate_plus_official,drafted,source locator TV_PYTHON_STANDARD_LIBRARY_16
PYI_20_001,topic::20_practical_coding,cards/20_practical_coding.txt,56418255680be694293a991b9c19bd6e548dde7cf14553032d8cd6846cdd87ba,https://github.com/tavor118/pj_python_interview_questions_and_answers/blob/02d57a7a9f34fd386eb8aa5c0094fe3f3c3ba141/docs/python/coding.md#L3-L20,https://docs.python.org/3.14/tutorial/|https://docs.python.org/3.14/reference/|https://docs.python.org/3.14/library/threading.html|https://docs.python.org/3.14/library/time.html#time.monotonic,candidate_plus_official,drafted,source locator TV_PYTHON_CODING_01
PYI_20_002,topic::20_practical_coding,cards/20_practical_coding.txt,960ae5c66648737223d7b96982fd8ebd1aefd1193b840d06941177ce550715e0,,https://docs.python.org/3.14/tutorial/|https://docs.python.org/3.14/reference/|https://docs.python.org/3.14/library/threading.html|https://docs.python.org/3.14/library/time.html#time.monotonic,official_only,drafted,source locator OFFICIAL
PYI_20_003,topic::20_practical_coding,cards/20_practical_coding.txt,486f3d76a31c3bc47d08ad0c3bc3038b469a6b7851f177b229689a0044de0529,,https://docs.python.org/3.14/tutorial/|https://docs.python.org/3.14/reference/|https://docs.python.org/3.14/library/threading.html|https://docs.python.org/3.14/library/time.html#time.monotonic,official_only,drafted,source locator OFFICIAL
PYI_20_004,topic::20_practical_coding,cards/20_practical_coding.txt,65c6fe8d82b57246a0985fc64fa859c929e3e99d32e0cce8b3bb5fe8e4596e35,https://github.com/tavor118/pj_python_interview_questions_and_answers/blob/02d57a7a9f34fd386eb8aa5c0094fe3f3c3ba141/docs/python/coding.md#L422-L452,https://docs.python.org/3.14/tutorial/|https://docs.python.org/3.14/reference/|https://docs.python.org/3.14/library/threading.html|https://docs.python.org/3.14/library/time.html#time.monotonic,candidate_plus_official,drafted,source locator TV_PYTHON_CODING_17
PYI_20_005,topic::20_practical_coding,cards/20_practical_coding.txt,7606bbf3868cf2f7a03447e886c251dcab36ddec19489b99d4be7f8f64b0d6ec,https://github.com/tavor118/pj_python_interview_questions_and_answers/blob/02d57a7a9f34fd386eb8aa5c0094fe3f3c3ba141/docs/python/coding.md#L21-L44,https://docs.python.org/3.14/tutorial/|https://docs.python.org/3.14/reference/|https://docs.python.org/3.14/library/threading.html|https://docs.python.org/3.14/library/time.html#time.monotonic,candidate_plus_official,drafted,source locator TV_PYTHON_CODING_02
PYI_20_006,topic::20_practical_coding,cards/20_practical_coding.txt,353056efa5b9b8dcd2ca9838f593920bb863a0bc58dd7415cffbf7b9b7df2674,https://github.com/tavor118/pj_python_interview_questions_and_answers/blob/02d57a7a9f34fd386eb8aa5c0094fe3f3c3ba141/docs/python/coding.md#L105-L114,https://docs.python.org/3.14/tutorial/|https://docs.python.org/3.14/reference/|https://docs.python.org/3.14/library/threading.html|https://docs.python.org/3.14/library/time.html#time.monotonic,candidate_plus_official,drafted,source locator TV_PYTHON_CODING_05
PYI_20_007,topic::20_practical_coding,cards/20_practical_coding.txt,e1a6c689aef654e398181df420c051a298fa667303fbb198fccfb3e93d57045b,https://github.com/tavor118/pj_python_interview_questions_and_answers/blob/02d57a7a9f34fd386eb8aa5c0094fe3f3c3ba141/docs/python/coding.md#L275-L293,https://docs.python.org/3.14/tutorial/|https://docs.python.org/3.14/reference/|https://docs.python.org/3.14/library/threading.html|https://docs.python.org/3.14/library/time.html#time.monotonic,candidate_plus_official,drafted,source locator TV_PYTHON_CODING_12
PYI_20_008,topic::20_practical_coding,cards/20_practical_coding.txt,739ea3b8070feea4ac3ddfc681ef5b3382536766adfb98c77162d164c9c4a38f,https://github.com/tavor118/pj_python_interview_questions_and_answers/blob/02d57a7a9f34fd386eb8aa5c0094fe3f3c3ba141/docs/python/coding.md#L294-L341,https://docs.python.org/3.14/tutorial/|https://docs.python.org/3.14/reference/|https://docs.python.org/3.14/library/threading.html|https://docs.python.org/3.14/library/time.html#time.monotonic,candidate_plus_official,drafted,source locator TV_PYTHON_CODING_13
PYI_20_009,topic::20_practical_coding,cards/20_practical_coding.txt,b3e46312ab93bd4cc23f59023d195c04b526e6ee4240e1fd549c18000f0bc0ac,https://github.com/tavor118/pj_python_interview_questions_and_answers/blob/02d57a7a9f34fd386eb8aa5c0094fe3f3c3ba141/docs/python/coding.md#L222-L254,https://docs.python.org/3.14/tutorial/|https://docs.python.org/3.14/reference/|https://docs.python.org/3.14/library/threading.html|https://docs.python.org/3.14/library/time.html#time.monotonic,candidate_plus_official,drafted,source locator TV_PYTHON_CODING_10
PYI_20_010,topic::20_practical_coding,cards/20_practical_coding.txt,f1cb9b057b6fdd625b05971408608ec384e5cc76c134aa5b734ab79bf3bdc615,https://github.com/tavor118/pj_python_interview_questions_and_answers/blob/02d57a7a9f34fd386eb8aa5c0094fe3f3c3ba141/docs/python/coding.md#L453-L511,https://docs.python.org/3.14/tutorial/|https://docs.python.org/3.14/reference/|https://docs.python.org/3.14/library/threading.html|https://docs.python.org/3.14/library/time.html#time.monotonic,candidate_plus_official,drafted,source locator TV_PYTHON_CODING_18
PYI_20_011,topic::20_practical_coding,cards/20_practical_coding.txt,a7c549e450ef8cc2b64a7b7fd679d73a3c97a6108ba3f8916743dbbc73b71a44,https://github.com/tavor118/pj_python_interview_questions_and_answers/blob/02d57a7a9f34fd386eb8aa5c0094fe3f3c3ba141/docs/python/coding.md#L391-L421,https://docs.python.org/3.14/tutorial/|https://docs.python.org/3.14/reference/|https://docs.python.org/3.14/library/threading.html|https://docs.python.org/3.14/library/time.html#time.monotonic,candidate_plus_official,drafted,source locator TV_PYTHON_CODING_16
PYI_20_012,topic::20_practical_coding,cards/20_practical_coding.txt,044d998f9a15a4c0c169e2b777b28a40ceb915304b8c80d78b23c21f9750459f,https://github.com/tavor118/pj_python_interview_questions_and_answers/blob/02d57a7a9f34fd386eb8aa5c0094fe3f3c3ba141/docs/python/coding.md#L828-L849,https://docs.python.org/3.14/tutorial/|https://docs.python.org/3.14/reference/|https://docs.python.org/3.14/library/threading.html|https://docs.python.org/3.14/library/time.html#time.monotonic,candidate_plus_official,drafted,source locator TV_PYTHON_CODING_26
PYI_20_013,topic::20_practical_coding,cards/20_practical_coding.txt,813b67fad516aa1ac7477637e591529421f7e0e2efe5924cab4e86cfafd0e128,https://github.com/tavor118/pj_python_interview_questions_and_answers/blob/02d57a7a9f34fd386eb8aa5c0094fe3f3c3ba141/docs/python/coding.md#L800-L827,https://docs.python.org/3.14/tutorial/|https://docs.python.org/3.14/reference/|https://docs.python.org/3.14/library/threading.html|https://docs.python.org/3.14/library/time.html#time.monotonic,candidate_plus_official,drafted,source locator TV_PYTHON_CODING_25
PYI_20_014,topic::20_practical_coding,cards/20_practical_coding.txt,5c5e80668b296243026dccaf7d2e738163e3ce4ec7d104c082748ee149d9041e,https://github.com/tavor118/pj_python_interview_questions_and_answers/blob/02d57a7a9f34fd386eb8aa5c0094fe3f3c3ba141/docs/python/coding.md#L726-L760,https://docs.python.org/3.14/tutorial/|https://docs.python.org/3.14/reference/|https://docs.python.org/3.14/library/threading.html|https://docs.python.org/3.14/library/time.html#time.monotonic,candidate_plus_official,drafted,source locator TV_PYTHON_CODING_23
PYI_20_015,topic::20_practical_coding,cards/20_practical_coding.txt,c4486f48a9e96f8950d2e927bbca738b08396e817eca98c60ab06e9c4d911c03,https://github.com/tavor118/pj_python_interview_questions_and_answers/blob/02d57a7a9f34fd386eb8aa5c0094fe3f3c3ba141/docs/python/coding.md#L115-L131,https://docs.python.org/3.14/tutorial/|https://docs.python.org/3.14/reference/|https://docs.python.org/3.14/library/threading.html|https://docs.python.org/3.14/library/time.html#time.monotonic,candidate_plus_official,drafted,source locator TV_PYTHON_CODING_06
PYI_20_016,topic::20_practical_coding,cards/20_practical_coding.txt,83e92cc2672f5fb167e4b7902badeacf899be7f77fd8d37f51a67e3393d0b733,https://github.com/tavor118/pj_python_interview_questions_and_answers/blob/02d57a7a9f34fd386eb8aa5c0094fe3f3c3ba141/docs/python/coding.md#L198-L221,https://docs.python.org/3.14/tutorial/|https://docs.python.org/3.14/reference/|https://docs.python.org/3.14/library/threading.html|https://docs.python.org/3.14/library/time.html#time.monotonic,candidate_plus_official,drafted,source locator TV_PYTHON_CODING_09
PYI_20_017,topic::20_practical_coding,cards/20_practical_coding.txt,234fca69ff38e8f4abdf59532ef520a2e12b6c42a8015380ccbb73276b7ce0ba,https://github.com/tavor118/pj_python_interview_questions_and_answers/blob/02d57a7a9f34fd386eb8aa5c0094fe3f3c3ba141/docs/python/coding.md#L761-L799,https://docs.python.org/3.14/tutorial/|https://docs.python.org/3.14/reference/|https://docs.python.org/3.14/library/threading.html|https://docs.python.org/3.14/library/time.html#time.monotonic,candidate_plus_official,drafted,source locator TV_PYTHON_CODING_24
PYI_20_018,topic::20_practical_coding,cards/20_practical_coding.txt,4ef00f372bf00f36e107f1210f128ae4e57c0a34c2288050d81a1f17b7078dbe,,https://docs.python.org/3.14/tutorial/|https://docs.python.org/3.14/reference/|https://docs.python.org/3.14/library/threading.html|https://docs.python.org/3.14/library/time.html#time.monotonic,official_only,drafted,source locator OFFICIAL
PYI_20_019,topic::20_practical_coding,cards/20_practical_coding.txt,31aadeb3630425e4ba45b44b1026af5a1bdd1c7054f7e4d25535c8e9838e7114,https://github.com/tavor118/pj_python_interview_questions_and_answers/blob/02d57a7a9f34fd386eb8aa5c0094fe3f3c3ba141/docs/python/coding.md#L453-L511,https://docs.python.org/3.14/tutorial/|https://docs.python.org/3.14/reference/|https://docs.python.org/3.14/library/threading.html|https://docs.python.org/3.14/library/time.html#time.monotonic,candidate_plus_official,drafted,source locator TV_PYTHON_CODING_18
PYI_20_020,topic::20_practical_coding,cards/20_practical_coding.txt,2b4f4409235d305d1c5dcd3f47f753261e77d0deb58a93b65c6624e5ac808e77,https://github.com/tavor118/pj_python_interview_questions_and_answers/blob/02d57a7a9f34fd386eb8aa5c0094fe3f3c3ba141/docs/python/coding.md#L422-L452,https://docs.python.org/3.14/tutorial/|https://docs.python.org/3.14/reference/|https://docs.python.org/3.14/library/threading.html|https://docs.python.org/3.14/library/time.html#time.monotonic,candidate_plus_official,drafted,source locator TV_PYTHON_CODING_17
PYI_20_021,topic::20_practical_coding,cards/20_practical_coding.txt,723615dead51d6d03e64fa81a270a9d23b74bad61373caca239265f2f468708f,https://github.com/tavor118/pj_python_interview_questions_and_answers/blob/02d57a7a9f34fd386eb8aa5c0094fe3f3c3ba141/docs/python/coding.md#L83-L104,https://docs.python.org/3.14/tutorial/|https://docs.python.org/3.14/reference/|https://docs.python.org/3.14/library/threading.html|https://docs.python.org/3.14/library/time.html#time.monotonic,candidate_plus_official,drafted,source locator TV_PYTHON_CODING_04
PYI_20_022,topic::20_practical_coding,cards/20_practical_coding.txt,4ff39b72b5568ea687834ec44af4ada9b67a399a66c133e2c980cda1321daf60,https://github.com/tavor118/pj_python_interview_questions_and_answers/blob/02d57a7a9f34fd386eb8aa5c0094fe3f3c3ba141/docs/python/coding.md#L850-L880,https://docs.python.org/3.14/tutorial/|https://docs.python.org/3.14/reference/|https://docs.python.org/3.14/library/threading.html|https://docs.python.org/3.14/library/time.html#time.monotonic,candidate_plus_official,drafted,source locator TV_PYTHON_CODING_27
PYI_20_023,topic::20_practical_coding,cards/20_practical_coding.txt,c3dcd0cd71ee017de73a61f21048cde6ec604d0757d8fe205505413629ee2f04,https://github.com/tavor118/pj_python_interview_questions_and_answers/blob/02d57a7a9f34fd386eb8aa5c0094fe3f3c3ba141/docs/python/coding.md#L585-L632,https://docs.python.org/3.14/tutorial/|https://docs.python.org/3.14/reference/|https://docs.python.org/3.14/library/threading.html|https://docs.python.org/3.14/library/time.html#time.monotonic,candidate_plus_official,drafted,source locator TV_PYTHON_CODING_20
PYI_20_024,topic::20_practical_coding,cards/20_practical_coding.txt,d079aadc5dd9336073bb2f5c72c243122ac293cf51fea400f99f924cf3935016,https://github.com/tavor118/pj_python_interview_questions_and_answers/blob/02d57a7a9f34fd386eb8aa5c0094fe3f3c3ba141/docs/python/coding.md#L800-L827,https://docs.python.org/3.14/tutorial/|https://docs.python.org/3.14/reference/|https://docs.python.org/3.14/library/threading.html|https://docs.python.org/3.14/library/time.html#time.monotonic,candidate_plus_official,drafted,source locator TV_PYTHON_CODING_25
PYI_21_001,topic::21_algorithms_data_structures,cards/21_algorithms_data_structures.txt,44edf8326f51f2dbebb5f4e87ac0f9d544a050b22608fdc201de292a64f8a325,https://github.com/tavor118/pj_python_interview_questions_and_answers/blob/02d57a7a9f34fd386eb8aa5c0094fe3f3c3ba141/docs/computer_science/algorithmes.md#L156-L161,https://docs.python.org/3.14/library/collections.html|https://docs.python.org/3.14/library/heapq.html|https://docs.python.org/3.14/library/bisect.html,candidate_plus_official,drafted,source locator TV_COMPUTER_SCIENCE_ALGORITHMES_04
PYI_21_002,topic::21_algorithms_data_structures,cards/21_algorithms_data_structures.txt,88f71f0789cdf9041e3408e11045b5b0417c1891cac65ac0eaa5c93a42d3ce33,https://github.com/tavor118/pj_python_interview_questions_and_answers/blob/02d57a7a9f34fd386eb8aa5c0094fe3f3c3ba141/docs/computer_science/algorithmes.md#L156-L161,https://docs.python.org/3.14/library/collections.html|https://docs.python.org/3.14/library/heapq.html|https://docs.python.org/3.14/library/bisect.html,candidate_plus_official,drafted,source locator TV_COMPUTER_SCIENCE_ALGORITHMES_04
PYI_21_003,topic::21_algorithms_data_structures,cards/21_algorithms_data_structures.txt,9f95601d5eff901d1c1df2539388eee2814f4d8367dea51c47a7c802fdf92abf,https://github.com/tavor118/pj_python_interview_questions_and_answers/blob/02d57a7a9f34fd386eb8aa5c0094fe3f3c3ba141/docs/computer_science/data_structures.md#L85-L154,https://docs.python.org/3.14/library/collections.html|https://docs.python.org/3.14/library/heapq.html|https://docs.python.org/3.14/library/bisect.html,candidate_plus_official,drafted,source locator TV_COMPUTER_SCIENCE_DATA_STRUCTURES_04
PYI_21_004,topic::21_algorithms_data_structures,cards/21_algorithms_data_structures.txt,a812e020c2d08eab08782feab9b763786150c29c721f188aadd180486a0bd451,https://github.com/tavor118/pj_python_interview_questions_and_answers/blob/02d57a7a9f34fd386eb8aa5c0094fe3f3c3ba141/docs/computer_science/data_structures.md#L367-L398,https://docs.python.org/3.14/library/collections.html|https://docs.python.org/3.14/library/heapq.html|https://docs.python.org/3.14/library/bisect.html,candidate_plus_official,drafted,source locator TV_COMPUTER_SCIENCE_DATA_STRUCTURES_10
PYI_21_005,topic::21_algorithms_data_structures,cards/21_algorithms_data_structures.txt,8f48eaf2addb499084852f3457d4cfb2bb054604f3ede3d2618353df954d6f1c,https://github.com/tavor118/pj_python_interview_questions_and_answers/blob/02d57a7a9f34fd386eb8aa5c0094fe3f3c3ba141/docs/computer_science/algorithmes.md#L168-L198,https://docs.python.org/3.14/library/collections.html|https://docs.python.org/3.14/library/heapq.html|https://docs.python.org/3.14/library/bisect.html,candidate_plus_official,drafted,source locator TV_COMPUTER_SCIENCE_ALGORITHMES_06
PYI_21_006,topic::21_algorithms_data_structures,cards/21_algorithms_data_structures.txt,43b664fab119ee2a701ecfa6c76e454a712e62d5eacb4584d08a9547fc33046d,https://github.com/tavor118/pj_python_interview_questions_and_answers/blob/02d57a7a9f34fd386eb8aa5c0094fe3f3c3ba141/docs/computer_science/algorithmes.md#L416-L436,https://docs.python.org/3.14/library/collections.html|https://docs.python.org/3.14/library/heapq.html|https://docs.python.org/3.14/library/bisect.html,candidate_plus_official,drafted,source locator TV_COMPUTER_SCIENCE_ALGORITHMES_13
PYI_21_007,topic::21_algorithms_data_structures,cards/21_algorithms_data_structures.txt,4fab18891d5337b8271634db6089377703870feab9f320d24b833074254f1b30,https://github.com/tavor118/pj_python_interview_questions_and_answers/blob/02d57a7a9f34fd386eb8aa5c0094fe3f3c3ba141/docs/computer_science/algorithmes.md#L516-L530,https://docs.python.org/3.14/library/collections.html|https://docs.python.org/3.14/library/heapq.html|https://docs.python.org/3.14/library/bisect.html,candidate_plus_official,drafted,source locator TV_COMPUTER_SCIENCE_ALGORITHMES_18
PYI_22_001,topic::22_databases_sql,cards/22_databases_sql.txt,44916c50fa6033d464ac2a2a6a3368449a84f857037a5330c868c1d7b729b99f,https://github.com/tavor118/pj_python_interview_questions_and_answers/blob/02d57a7a9f34fd386eb8aa5c0094fe3f3c3ba141/docs/infrastructure/database.md#L406-L463,https://www.postgresql.org/docs/current/indexes.html|https://www.postgresql.org/docs/current/transaction-iso.html|https://www.postgresql.org/docs/current/using-explain.html|https://www.postgresql.org/docs/current/ddl-constraints.html|https://www.postgresql.org/docs/current/indexes-ordering.html|https://www.postgresql.org/docs/current/queries-table-expressions.html,candidate_plus_official,drafted,source locator TV_INFRASTRUCTURE_DATABASE_10
PYI_22_002,topic::22_databases_sql,cards/22_databases_sql.txt,71fcaf6a2d66f0f9bc7eb84c5f4423e28b29899f9f8e1ec01949e49fef0df46a,https://github.com/tavor118/pj_python_interview_questions_and_answers/blob/02d57a7a9f34fd386eb8aa5c0094fe3f3c3ba141/docs/infrastructure/sql.md#L154-L245,https://www.postgresql.org/docs/current/indexes.html|https://www.postgresql.org/docs/current/transaction-iso.html|https://www.postgresql.org/docs/current/using-explain.html|https://www.postgresql.org/docs/current/ddl-constraints.html|https://www.postgresql.org/docs/current/indexes-ordering.html|https://www.postgresql.org/docs/current/queries-table-expressions.html,candidate_plus_official,drafted,source locator TV_INFRASTRUCTURE_SQL_05
PYI_22_003,topic::22_databases_sql,cards/22_databases_sql.txt,cb11379b52c4afd97bd4e6cef11c07d879b3a82ce5b7a874a774642e25da9518,https://github.com/tavor118/pj_python_interview_questions_and_answers/blob/02d57a7a9f34fd386eb8aa5c0094fe3f3c3ba141/docs/infrastructure/database.md#L652-L733,https://www.postgresql.org/docs/current/indexes.html|https://www.postgresql.org/docs/current/transaction-iso.html|https://www.postgresql.org/docs/current/using-explain.html|https://www.postgresql.org/docs/current/ddl-constraints.html|https://www.postgresql.org/docs/current/indexes-ordering.html|https://www.postgresql.org/docs/current/queries-table-expressions.html,candidate_plus_official,drafted,source locator TV_INFRASTRUCTURE_DATABASE_17
PYI_22_004,topic::22_databases_sql,cards/22_databases_sql.txt,da6cfce68fe3d2df72c3f948eaab02654266021c05e1569f09f3b6ac4edac9b5,https://github.com/tavor118/pj_python_interview_questions_and_answers/blob/02d57a7a9f34fd386eb8aa5c0094fe3f3c3ba141/docs/infrastructure/database.md#L753-L902,https://www.postgresql.org/docs/current/indexes.html|https://www.postgresql.org/docs/current/transaction-iso.html|https://www.postgresql.org/docs/current/using-explain.html|https://www.postgresql.org/docs/current/ddl-constraints.html|https://www.postgresql.org/docs/current/indexes-ordering.html|https://www.postgresql.org/docs/current/queries-table-expressions.html,candidate_plus_official,drafted,source locator TV_INFRASTRUCTURE_DATABASE_19
PYI_22_005,topic::22_databases_sql,cards/22_databases_sql.txt,696f09989282476a009efa9d71f12ba681cbd64ea374953ef5e504b9cc4a6aa1,https://github.com/tavor118/pj_python_interview_questions_and_answers/blob/02d57a7a9f34fd386eb8aa5c0094fe3f3c3ba141/docs/infrastructure/sql.md#L65-L85,https://www.postgresql.org/docs/current/indexes.html|https://www.postgresql.org/docs/current/transaction-iso.html|https://www.postgresql.org/docs/current/using-explain.html|https://www.postgresql.org/docs/current/ddl-constraints.html|https://www.postgresql.org/docs/current/indexes-ordering.html|https://www.postgresql.org/docs/current/queries-table-expressions.html,candidate_plus_official,drafted,source locator TV_INFRASTRUCTURE_SQL_03
PYI_22_006,topic::22_databases_sql,cards/22_databases_sql.txt,1feb9bdfc6f33352dad77343f2567a8125582ce21884be2f5db5d19a8987a95f,https://github.com/tavor118/pj_python_interview_questions_and_answers/blob/02d57a7a9f34fd386eb8aa5c0094fe3f3c3ba141/docs/infrastructure/sql.md#L853-L893,https://www.postgresql.org/docs/current/indexes.html|https://www.postgresql.org/docs/current/transaction-iso.html|https://www.postgresql.org/docs/current/using-explain.html|https://www.postgresql.org/docs/current/ddl-constraints.html|https://www.postgresql.org/docs/current/indexes-ordering.html|https://www.postgresql.org/docs/current/queries-table-expressions.html,candidate_plus_official,drafted,source locator TV_INFRASTRUCTURE_SQL_16
PYI_22_007,topic::22_databases_sql,cards/22_databases_sql.txt,dae90f88aa8fa04bc8eb90f989042dc3471cb10cd80b469f51106ccd17da0bc5,https://github.com/tavor118/pj_python_interview_questions_and_answers/blob/02d57a7a9f34fd386eb8aa5c0094fe3f3c3ba141/docs/infrastructure/sql.md#L1207-L1250,https://www.postgresql.org/docs/current/indexes.html|https://www.postgresql.org/docs/current/transaction-iso.html|https://www.postgresql.org/docs/current/using-explain.html|https://www.postgresql.org/docs/current/ddl-constraints.html|https://www.postgresql.org/docs/current/indexes-ordering.html|https://www.postgresql.org/docs/current/queries-table-expressions.html,candidate_plus_official,drafted,source locator TV_INFRASTRUCTURE_SQL_21
PYI_23_001,topic::23_git_cicd_sdlc,cards/23_git_cicd_sdlc.txt,4dc2312f24ac6476d9ba60c2993936dfbf6ac3e7e6bc21c6735a7dd4b60be169,https://github.com/tavor118/pj_python_interview_questions_and_answers/blob/02d57a7a9f34fd386eb8aa5c0094fe3f3c3ba141/docs/development/git.md#L165-L204,https://git-scm.com/docs/git-merge|https://git-scm.com/docs/git-rebase|https://git-scm.com/docs/git-revert|https://git-scm.com/docs/git-reset|https://git-scm.com/docs/git-reflog|https://docs.github.com/en/actions/get-started/continuous-integration|https://docs.cloud.google.com/deploy/docs/deployment-strategies|https://google.github.io/eng-practices/review/reviewer/standard.html,candidate_plus_official,drafted,source locator TV_DEVELOPMENT_GIT_05
PYI_23_002,topic::23_git_cicd_sdlc,cards/23_git_cicd_sdlc.txt,721d1b5175a4ac0d26bf3b98dfba73f5629baf01d92fc4e2c1dabda32af63d3a,https://github.com/tavor118/pj_python_interview_questions_and_answers/blob/02d57a7a9f34fd386eb8aa5c0094fe3f3c3ba141/docs/development/git.md#L109-L164,https://git-scm.com/docs/git-merge|https://git-scm.com/docs/git-rebase|https://git-scm.com/docs/git-revert|https://git-scm.com/docs/git-reset|https://git-scm.com/docs/git-reflog|https://docs.github.com/en/actions/get-started/continuous-integration|https://docs.cloud.google.com/deploy/docs/deployment-strategies|https://google.github.io/eng-practices/review/reviewer/standard.html,candidate_plus_official,drafted,source locator TV_DEVELOPMENT_GIT_04
PYI_23_003,topic::23_git_cicd_sdlc,cards/23_git_cicd_sdlc.txt,adf8a7e4fc4a84e81811396a00b41d4068a04421f48bc07ac22146ac5ecd233b,,https://git-scm.com/docs/git-merge|https://git-scm.com/docs/git-rebase|https://git-scm.com/docs/git-revert|https://git-scm.com/docs/git-reset|https://git-scm.com/docs/git-reflog|https://docs.github.com/en/actions/get-started/continuous-integration|https://docs.cloud.google.com/deploy/docs/deployment-strategies|https://google.github.io/eng-practices/review/reviewer/standard.html,official_only,drafted,source locator OFFICIAL
PYI_23_004,topic::23_git_cicd_sdlc,cards/23_git_cicd_sdlc.txt,3faa16de96a35fe29b205eb2b5f791d2ae22a13b3994f7df5be66d22886a0271,https://github.com/tavor118/pj_python_interview_questions_and_answers/blob/02d57a7a9f34fd386eb8aa5c0094fe3f3c3ba141/docs/development/ci_cd.md#L3-L60,https://git-scm.com/docs/git-merge|https://git-scm.com/docs/git-rebase|https://git-scm.com/docs/git-revert|https://git-scm.com/docs/git-reset|https://git-scm.com/docs/git-reflog|https://docs.github.com/en/actions/get-started/continuous-integration|https://docs.cloud.google.com/deploy/docs/deployment-strategies|https://google.github.io/eng-practices/review/reviewer/standard.html,candidate_plus_official,drafted,source locator TV_DEVELOPMENT_CI_CD_01
PYI_23_005,topic::23_git_cicd_sdlc,cards/23_git_cicd_sdlc.txt,44e8c2db68125b7fe8e0ac3e976ccfab43c555f8a79b917bbff4ad089a592153,https://github.com/tavor118/pj_python_interview_questions_and_answers/blob/02d57a7a9f34fd386eb8aa5c0094fe3f3c3ba141/docs/development/ci_cd.md#L61-L95,https://git-scm.com/docs/git-merge|https://git-scm.com/docs/git-rebase|https://git-scm.com/docs/git-revert|https://git-scm.com/docs/git-reset|https://git-scm.com/docs/git-reflog|https://docs.github.com/en/actions/get-started/continuous-integration|https://docs.cloud.google.com/deploy/docs/deployment-strategies|https://google.github.io/eng-practices/review/reviewer/standard.html,candidate_plus_official,drafted,source locator TV_DEVELOPMENT_CI_CD_02
PYI_23_006,topic::23_git_cicd_sdlc,cards/23_git_cicd_sdlc.txt,ab759cc1ed581d677f032136460e3292b3fe75230518ec54568d3f6cb3bfa046,https://github.com/tavor118/pj_python_interview_questions_and_answers/blob/02d57a7a9f34fd386eb8aa5c0094fe3f3c3ba141/docs/development/ci_cd.md#L3-L60,https://git-scm.com/docs/git-merge|https://git-scm.com/docs/git-rebase|https://git-scm.com/docs/git-revert|https://git-scm.com/docs/git-reset|https://git-scm.com/docs/git-reflog|https://docs.github.com/en/actions/get-started/continuous-integration|https://docs.cloud.google.com/deploy/docs/deployment-strategies|https://google.github.io/eng-practices/review/reviewer/standard.html,candidate_plus_official,drafted,source locator TV_DEVELOPMENT_CI_CD_01
PYI_23_007,topic::23_git_cicd_sdlc,cards/23_git_cicd_sdlc.txt,2ff2bf58e6cb6faf65d2e83c4b2b41241d39d79b6007d7bf9f13ad1a1bc97a74,,https://git-scm.com/docs/git-merge|https://git-scm.com/docs/git-rebase|https://git-scm.com/docs/git-revert|https://git-scm.com/docs/git-reset|https://git-scm.com/docs/git-reflog|https://docs.github.com/en/actions/get-started/continuous-integration|https://docs.cloud.google.com/deploy/docs/deployment-strategies|https://google.github.io/eng-practices/review/reviewer/standard.html,official_only,drafted,source locator OFFICIAL
