ref_tag,source_file,question_ordinal,start_line,end_line,popularity_score,answer_ref
TV_ARCHITECTURE_ARCHITECTURE_PATTERNS_01,architecture/architecture_patterns.md,1,3,37,20,https://github.com/tavor118/pj_python_interview_questions_and_answers/blob/02d57a7a9f34fd386eb8aa5c0094fe3f3c3ba141/docs/architecture/architecture_patterns.md#L3-L37
TV_ARCHITECTURE_ARCHITECTURE_PATTERNS_02,architecture/architecture_patterns.md,2,38,93,,https://github.com/tavor118/pj_python_interview_questions_and_answers/blob/02d57a7a9f34fd386eb8aa5c0094fe3f3c3ba141/docs/architecture/architecture_patterns.md#L38-L93
TV_ARCHITECTURE_ARCHITECTURE_PATTERNS_03,architecture/architecture_patterns.md,3,94,174,,https://github.com/tavor118/pj_python_interview_questions_and_answers/blob/02d57a7a9f34fd386eb8aa5c0094fe3f3c3ba141/docs/architecture/architecture_patterns.md#L94-L174
TV_ARCHITECTURE_ARCHITECTURE_PATTERNS_04,architecture/architecture_patterns.md,4,175,214,13,https://github.com/tavor118/pj_python_interview_questions_and_answers/blob/02d57a7a9f34fd386eb8aa5c0094fe3f3c3ba141/docs/architecture/architecture_patterns.md#L175-L214
TV_ARCHITECTURE_ARCHITECTURE_PATTERNS_05,architecture/architecture_patterns.md,5,215,242,,https://github.com/tavor118/pj_python_interview_questions_and_answers/blob/02d57a7a9f34fd386eb8aa5c0094fe3f3c3ba141/docs/architecture/architecture_patterns.md#L215-L242
TV_ARCHITECTURE_ARCHITECTURE_PATTERNS_06,architecture/architecture_patterns.md,6,243,330,26,https://github.com/tavor118/pj_python_interview_questions_and_answers/blob/02d57a7a9f34fd386eb8aa5c0094fe3f3c3ba141/docs/architecture/architecture_patterns.md#L243-L330
TV_ARCHITECTURE_ARCHITECTURE_PATTERNS_07,architecture/architecture_patterns.md,7,331,339,,https://github.com/tavor118/pj_python_interview_questions_and_answers/blob/02d57a7a9f34fd386eb8aa5c0094fe3f3c3ba141/docs/architecture/architecture_patterns.md#L331-L339
TV_ARCHITECTURE_ARCHITECTURE_PATTERNS_08,architecture/architecture_patterns.md,8,340,408,19,https://github.com/tavor118/pj_python_interview_questions_and_answers/blob/02d57a7a9f34fd386eb8aa5c0094fe3f3c3ba141/docs/architecture/architecture_patterns.md#L340-L408
TV_ARCHITECTURE_ARCHITECTURE_PATTERNS_09,architecture/architecture_patterns.md,9,409,488,26,https://github.com/tavor118/pj_python_interview_questions_and_answers/blob/02d57a7a9f34fd386eb8aa5c0094fe3f3c3ba141/docs/architecture/architecture_patterns.md#L409-L488
TV_ARCHITECTURE_ARCHITECTURE_PATTERNS_10,architecture/architecture_patterns.md,10,489,598,,https://github.com/tavor118/pj_python_interview_questions_and_answers/blob/02d57a7a9f34fd386eb8aa5c0094fe3f3c3ba141/docs/architecture/architecture_patterns.md#L489-L598
TV_ARCHITECTURE_ARCHITECTURE_PATTERNS_11,architecture/architecture_patterns.md,11,599,632,,https://github.com/tavor118/pj_python_interview_questions_and_answers/blob/02d57a7a9f34fd386eb8aa5c0094fe3f3c3ba141/docs/architecture/architecture_patterns.md#L599-L632
TV_ARCHITECTURE_ARCHITECTURE_PATTERNS_12,architecture/architecture_patterns.md,12,633,767,13,https://github.com/tavor118/pj_python_interview_questions_and_answers/blob/02d57a7a9f34fd386eb8aa5c0094fe3f3c3ba141/docs/architecture/architecture_patterns.md#L633-L767
TV_ARCHITECTURE_ARCHITECTURE_PATTERNS_13,architecture/architecture_patterns.md,13,768,834,,https://github.com/tavor118/pj_python_interview_questions_and_answers/blob/02d57a7a9f34fd386eb8aa5c0094fe3f3c3ba141/docs/architecture/architecture_patterns.md#L768-L834
TV_ARCHITECTURE_ARCHITECTURE_PATTERNS_14,architecture/architecture_patterns.md,14,835,937,18,https://github.com/tavor118/pj_python_interview_questions_and_answers/blob/02d57a7a9f34fd386eb8aa5c0094fe3f3c3ba141/docs/architecture/architecture_patterns.md#L835-L937
TV_ARCHITECTURE_ARCHITECTURE_PATTERNS_15,architecture/architecture_patterns.md,15,938,970,24,https://github.com/tavor118/pj_python_interview_questions_and_answers/blob/02d57a7a9f34fd386eb8aa5c0094fe3f3c3ba141/docs/architecture/architecture_patterns.md#L938-L970
TV_ARCHITECTURE_ARCHITECTURE_PATTERNS_16,architecture/architecture_patterns.md,16,971,1049,,https://github.com/tavor118/pj_python_interview_questions_and_answers/blob/02d57a7a9f34fd386eb8aa5c0094fe3f3c3ba141/docs/architecture/architecture_patterns.md#L971-L1049
TV_ARCHITECTURE_ARCHITECTURE_PATTERNS_17,architecture/architecture_patterns.md,17,1050,1146,,https://github.com/tavor118/pj_python_interview_questions_and_answers/blob/02d57a7a9f34fd386eb8aa5c0094fe3f3c3ba141/docs/architecture/architecture_patterns.md#L1050-L1146
TV_ARCHITECTURE_ARCHITECTURE_PATTERNS_18,architecture/architecture_patterns.md,18,1147,1229,12,https://github.com/tavor118/pj_python_interview_questions_and_answers/blob/02d57a7a9f34fd386eb8aa5c0094fe3f3c3ba141/docs/architecture/architecture_patterns.md#L1147-L1229
TV_ARCHITECTURE_ARCHITECTURE_PATTERNS_19,architecture/architecture_patterns.md,19,1230,1297,17,https://github.com/tavor118/pj_python_interview_questions_and_answers/blob/02d57a7a9f34fd386eb8aa5c0094fe3f3c3ba141/docs/architecture/architecture_patterns.md#L1230-L1297
TV_ARCHITECTURE_ARCHITECTURE_PATTERNS_20,architecture/architecture_patterns.md,20,1298,1354,,https://github.com/tavor118/pj_python_interview_questions_and_answers/blob/02d57a7a9f34fd386eb8aa5c0094fe3f3c3ba141/docs/architecture/architecture_patterns.md#L1298-L1354
TV_ARCHITECTURE_ARCHITECTURE_PATTERNS_21,architecture/architecture_patterns.md,21,1355,1423,,https://github.com/tavor118/pj_python_interview_questions_and_answers/blob/02d57a7a9f34fd386eb8aa5c0094fe3f3c3ba141/docs/architecture/architecture_patterns.md#L1355-L1423
TV_ARCHITECTURE_ARCHITECTURE_PATTERNS_22,architecture/architecture_patterns.md,22,1424,1486,12,https://github.com/tavor118/pj_python_interview_questions_and_answers/blob/02d57a7a9f34fd386eb8aa5c0094fe3f3c3ba141/docs/architecture/architecture_patterns.md#L1424-L1486
TV_ARCHITECTURE_ARCHITECTURE_PATTERNS_23,architecture/architecture_patterns.md,23,1487,1553,,https://github.com/tavor118/pj_python_interview_questions_and_answers/blob/02d57a7a9f34fd386eb8aa5c0094fe3f3c3ba141/docs/architecture/architecture_patterns.md#L1487-L1553
TV_ARCHITECTURE_ARCHITECTURE_PATTERNS_24,architecture/architecture_patterns.md,24,1554,1612,,https://github.com/tavor118/pj_python_interview_questions_and_answers/blob/02d57a7a9f34fd386eb8aa5c0094fe3f3c3ba141/docs/architecture/architecture_patterns.md#L1554-L1612
TV_ARCHITECTURE_ARCHITECTURE_PATTERNS_25,architecture/architecture_patterns.md,25,1613,1770,,https://github.com/tavor118/pj_python_interview_questions_and_answers/blob/02d57a7a9f34fd386eb8aa5c0094fe3f3c3ba141/docs/architecture/architecture_patterns.md#L1613-L1770
TV_ARCHITECTURE_ARCHITECTURE_PATTERNS_26,architecture/architecture_patterns.md,26,1771,1864,,https://github.com/tavor118/pj_python_interview_questions_and_answers/blob/02d57a7a9f34fd386eb8aa5c0094fe3f3c3ba141/docs/architecture/architecture_patterns.md#L1771-L1864
TV_ARCHITECTURE_ARCHITECTURE_PATTERNS_27,architecture/architecture_patterns.md,27,1865,1977,,https://github.com/tavor118/pj_python_interview_questions_and_answers/blob/02d57a7a9f34fd386eb8aa5c0094fe3f3c3ba141/docs/architecture/architecture_patterns.md#L1865-L1977
TV_ARCHITECTURE_ARCHITECTURE_PATTERNS_28,architecture/architecture_patterns.md,28,1978,2035,,https://github.com/tavor118/pj_python_interview_questions_and_answers/blob/02d57a7a9f34fd386eb8aa5c0094fe3f3c3ba141/docs/architecture/architecture_patterns.md#L1978-L2035
TV_ARCHITECTURE_ARCHITECTURE_PATTERNS_29,architecture/architecture_patterns.md,29,2036,2087,,https://github.com/tavor118/pj_python_interview_questions_and_answers/blob/02d57a7a9f34fd386eb8aa5c0094fe3f3c3ba141/docs/architecture/architecture_patterns.md#L2036-L2087
TV_ARCHITECTURE_DDD_01,architecture/ddd.md,1,3,58,29,https://github.com/tavor118/pj_python_interview_questions_and_answers/blob/02d57a7a9f34fd386eb8aa5c0094fe3f3c3ba141/docs/architecture/ddd.md#L3-L58
TV_ARCHITECTURE_DDD_02,architecture/ddd.md,2,59,317,10,https://github.com/tavor118/pj_python_interview_questions_and_answers/blob/02d57a7a9f34fd386eb8aa5c0094fe3f3c3ba141/docs/architecture/ddd.md#L59-L317
TV_ARCHITECTURE_DDD_03,architecture/ddd.md,3,318,374,11,https://github.com/tavor118/pj_python_interview_questions_and_answers/blob/02d57a7a9f34fd386eb8aa5c0094fe3f3c3ba141/docs/architecture/ddd.md#L318-L374
TV_ARCHITECTURE_DDD_04,architecture/ddd.md,4,375,456,,https://github.com/tavor118/pj_python_interview_questions_and_answers/blob/02d57a7a9f34fd386eb8aa5c0094fe3f3c3ba141/docs/architecture/ddd.md#L375-L456
TV_ARCHITECTURE_DDD_05,architecture/ddd.md,5,457,594,17,https://github.com/tavor118/pj_python_interview_questions_and_answers/blob/02d57a7a9f34fd386eb8aa5c0094fe3f3c3ba141/docs/architecture/ddd.md#L457-L594
TV_ARCHITECTURE_DDD_06,architecture/ddd.md,6,595,638,,https://github.com/tavor118/pj_python_interview_questions_and_answers/blob/02d57a7a9f34fd386eb8aa5c0094fe3f3c3ba141/docs/architecture/ddd.md#L595-L638
TV_ARCHITECTURE_DDD_07,architecture/ddd.md,7,639,803,18,https://github.com/tavor118/pj_python_interview_questions_and_answers/blob/02d57a7a9f34fd386eb8aa5c0094fe3f3c3ba141/docs/architecture/ddd.md#L639-L803
TV_ARCHITECTURE_DDD_08,architecture/ddd.md,8,804,866,,https://github.com/tavor118/pj_python_interview_questions_and_answers/blob/02d57a7a9f34fd386eb8aa5c0094fe3f3c3ba141/docs/architecture/ddd.md#L804-L866
TV_ARCHITECTURE_DDD_09,architecture/ddd.md,9,867,913,,https://github.com/tavor118/pj_python_interview_questions_and_answers/blob/02d57a7a9f34fd386eb8aa5c0094fe3f3c3ba141/docs/architecture/ddd.md#L867-L913
TV_ARCHITECTURE_DDD_10,architecture/ddd.md,10,914,1005,,https://github.com/tavor118/pj_python_interview_questions_and_answers/blob/02d57a7a9f34fd386eb8aa5c0094fe3f3c3ba141/docs/architecture/ddd.md#L914-L1005
TV_ARCHITECTURE_DDD_11,architecture/ddd.md,11,1006,1048,,https://github.com/tavor118/pj_python_interview_questions_and_answers/blob/02d57a7a9f34fd386eb8aa5c0094fe3f3c3ba141/docs/architecture/ddd.md#L1006-L1048
TV_ARCHITECTURE_DDD_12,architecture/ddd.md,12,1049,1076,,https://github.com/tavor118/pj_python_interview_questions_and_answers/blob/02d57a7a9f34fd386eb8aa5c0094fe3f3c3ba141/docs/architecture/ddd.md#L1049-L1076
TV_ARCHITECTURE_DDD_13,architecture/ddd.md,13,1077,1102,,https://github.com/tavor118/pj_python_interview_questions_and_answers/blob/02d57a7a9f34fd386eb8aa5c0094fe3f3c3ba141/docs/architecture/ddd.md#L1077-L1102
TV_ARCHITECTURE_DDD_14,architecture/ddd.md,14,1103,1154,,https://github.com/tavor118/pj_python_interview_questions_and_answers/blob/02d57a7a9f34fd386eb8aa5c0094fe3f3c3ba141/docs/architecture/ddd.md#L1103-L1154
TV_ARCHITECTURE_DDD_15,architecture/ddd.md,15,1155,1255,,https://github.com/tavor118/pj_python_interview_questions_and_answers/blob/02d57a7a9f34fd386eb8aa5c0094fe3f3c3ba141/docs/architecture/ddd.md#L1155-L1255
TV_ARCHITECTURE_DDD_16,architecture/ddd.md,16,1256,1324,,https://github.com/tavor118/pj_python_interview_questions_and_answers/blob/02d57a7a9f34fd386eb8aa5c0094fe3f3c3ba141/docs/architecture/ddd.md#L1256-L1324
TV_ARCHITECTURE_DDD_17,architecture/ddd.md,17,1325,1431,19,https://github.com/tavor118/pj_python_interview_questions_and_answers/blob/02d57a7a9f34fd386eb8aa5c0094fe3f3c3ba141/docs/architecture/ddd.md#L1325-L1431
TV_ARCHITECTURE_DDD_18,architecture/ddd.md,18,1432,1458,,https://github.com/tavor118/pj_python_interview_questions_and_answers/blob/02d57a7a9f34fd386eb8aa5c0094fe3f3c3ba141/docs/architecture/ddd.md#L1432-L1458
TV_ARCHITECTURE_DDD_19,architecture/ddd.md,19,1459,1513,,https://github.com/tavor118/pj_python_interview_questions_and_answers/blob/02d57a7a9f34fd386eb8aa5c0094fe3f3c3ba141/docs/architecture/ddd.md#L1459-L1513
TV_ARCHITECTURE_DDD_20,architecture/ddd.md,20,1514,1554,,https://github.com/tavor118/pj_python_interview_questions_and_answers/blob/02d57a7a9f34fd386eb8aa5c0094fe3f3c3ba141/docs/architecture/ddd.md#L1514-L1554
TV_ARCHITECTURE_DDD_21,architecture/ddd.md,21,1555,1573,,https://github.com/tavor118/pj_python_interview_questions_and_answers/blob/02d57a7a9f34fd386eb8aa5c0094fe3f3c3ba141/docs/architecture/ddd.md#L1555-L1573
TV_ARCHITECTURE_DDD_22,architecture/ddd.md,22,1574,1669,,https://github.com/tavor118/pj_python_interview_questions_and_answers/blob/02d57a7a9f34fd386eb8aa5c0094fe3f3c3ba141/docs/architecture/ddd.md#L1574-L1669
TV_ARCHITECTURE_MICROSERVICES_01,architecture/microservices.md,1,3,40,10,https://github.com/tavor118/pj_python_interview_questions_and_answers/blob/02d57a7a9f34fd386eb8aa5c0094fe3f3c3ba141/docs/architecture/microservices.md#L3-L40
TV_ARCHITECTURE_MICROSERVICES_02,architecture/microservices.md,2,41,73,31,https://github.com/tavor118/pj_python_interview_questions_and_answers/blob/02d57a7a9f34fd386eb8aa5c0094fe3f3c3ba141/docs/architecture/microservices.md#L41-L73
TV_ARCHITECTURE_MICROSERVICES_03,architecture/microservices.md,3,74,125,26,https://github.com/tavor118/pj_python_interview_questions_and_answers/blob/02d57a7a9f34fd386eb8aa5c0094fe3f3c3ba141/docs/architecture/microservices.md#L74-L125
TV_ARCHITECTURE_MICROSERVICES_04,architecture/microservices.md,4,126,163,,https://github.com/tavor118/pj_python_interview_questions_and_answers/blob/02d57a7a9f34fd386eb8aa5c0094fe3f3c3ba141/docs/architecture/microservices.md#L126-L163
TV_ARCHITECTURE_MICROSERVICES_05,architecture/microservices.md,5,164,203,17,https://github.com/tavor118/pj_python_interview_questions_and_answers/blob/02d57a7a9f34fd386eb8aa5c0094fe3f3c3ba141/docs/architecture/microservices.md#L164-L203
TV_ARCHITECTURE_MICROSERVICES_06,architecture/microservices.md,6,204,277,22,https://github.com/tavor118/pj_python_interview_questions_and_answers/blob/02d57a7a9f34fd386eb8aa5c0094fe3f3c3ba141/docs/architecture/microservices.md#L204-L277
TV_ARCHITECTURE_MICROSERVICES_07,architecture/microservices.md,7,278,375,,https://github.com/tavor118/pj_python_interview_questions_and_answers/blob/02d57a7a9f34fd386eb8aa5c0094fe3f3c3ba141/docs/architecture/microservices.md#L278-L375
TV_ARCHITECTURE_MICROSERVICES_08,architecture/microservices.md,8,376,434,,https://github.com/tavor118/pj_python_interview_questions_and_answers/blob/02d57a7a9f34fd386eb8aa5c0094fe3f3c3ba141/docs/architecture/microservices.md#L376-L434
TV_ARCHITECTURE_MICROSERVICES_09,architecture/microservices.md,9,435,496,,https://github.com/tavor118/pj_python_interview_questions_and_answers/blob/02d57a7a9f34fd386eb8aa5c0094fe3f3c3ba141/docs/architecture/microservices.md#L435-L496
TV_ARCHITECTURE_MICROSERVICES_10,architecture/microservices.md,10,497,603,10,https://github.com/tavor118/pj_python_interview_questions_and_answers/blob/02d57a7a9f34fd386eb8aa5c0094fe3f3c3ba141/docs/architecture/microservices.md#L497-L603
TV_ARCHITECTURE_SYSTEM_DESIGN_01,architecture/system_design.md,1,3,72,22,https://github.com/tavor118/pj_python_interview_questions_and_answers/blob/02d57a7a9f34fd386eb8aa5c0094fe3f3c3ba141/docs/architecture/system_design.md#L3-L72
TV_ARCHITECTURE_SYSTEM_DESIGN_02,architecture/system_design.md,2,73,180,10,https://github.com/tavor118/pj_python_interview_questions_and_answers/blob/02d57a7a9f34fd386eb8aa5c0094fe3f3c3ba141/docs/architecture/system_design.md#L73-L180
TV_ARCHITECTURE_SYSTEM_DESIGN_03,architecture/system_design.md,3,181,305,23,https://github.com/tavor118/pj_python_interview_questions_and_answers/blob/02d57a7a9f34fd386eb8aa5c0094fe3f3c3ba141/docs/architecture/system_design.md#L181-L305
TV_ARCHITECTURE_SYSTEM_DESIGN_04,architecture/system_design.md,4,306,413,15,https://github.com/tavor118/pj_python_interview_questions_and_answers/blob/02d57a7a9f34fd386eb8aa5c0094fe3f3c3ba141/docs/architecture/system_design.md#L306-L413
TV_ARCHITECTURE_SYSTEM_DESIGN_05,architecture/system_design.md,5,414,472,,https://github.com/tavor118/pj_python_interview_questions_and_answers/blob/02d57a7a9f34fd386eb8aa5c0094fe3f3c3ba141/docs/architecture/system_design.md#L414-L472
TV_COMPUTER_SCIENCE_ALGORITHMES_01,computer_science/algorithmes.md,1,3,96,15,https://github.com/tavor118/pj_python_interview_questions_and_answers/blob/02d57a7a9f34fd386eb8aa5c0094fe3f3c3ba141/docs/computer_science/algorithmes.md#L3-L96
TV_COMPUTER_SCIENCE_ALGORITHMES_02,computer_science/algorithmes.md,2,97,121,,https://github.com/tavor118/pj_python_interview_questions_and_answers/blob/02d57a7a9f34fd386eb8aa5c0094fe3f3c3ba141/docs/computer_science/algorithmes.md#L97-L121
TV_COMPUTER_SCIENCE_ALGORITHMES_03,computer_science/algorithmes.md,3,122,155,,https://github.com/tavor118/pj_python_interview_questions_and_answers/blob/02d57a7a9f34fd386eb8aa5c0094fe3f3c3ba141/docs/computer_science/algorithmes.md#L122-L155
TV_COMPUTER_SCIENCE_ALGORITHMES_04,computer_science/algorithmes.md,4,156,161,26,https://github.com/tavor118/pj_python_interview_questions_and_answers/blob/02d57a7a9f34fd386eb8aa5c0094fe3f3c3ba141/docs/computer_science/algorithmes.md#L156-L161
TV_COMPUTER_SCIENCE_ALGORITHMES_05,computer_science/algorithmes.md,5,162,167,,https://github.com/tavor118/pj_python_interview_questions_and_answers/blob/02d57a7a9f34fd386eb8aa5c0094fe3f3c3ba141/docs/computer_science/algorithmes.md#L162-L167
TV_COMPUTER_SCIENCE_ALGORITHMES_06,computer_science/algorithmes.md,6,168,198,16,https://github.com/tavor118/pj_python_interview_questions_and_answers/blob/02d57a7a9f34fd386eb8aa5c0094fe3f3c3ba141/docs/computer_science/algorithmes.md#L168-L198
TV_COMPUTER_SCIENCE_ALGORITHMES_07,computer_science/algorithmes.md,7,199,233,,https://github.com/tavor118/pj_python_interview_questions_and_answers/blob/02d57a7a9f34fd386eb8aa5c0094fe3f3c3ba141/docs/computer_science/algorithmes.md#L199-L233
TV_COMPUTER_SCIENCE_ALGORITHMES_08,computer_science/algorithmes.md,8,234,243,,https://github.com/tavor118/pj_python_interview_questions_and_answers/blob/02d57a7a9f34fd386eb8aa5c0094fe3f3c3ba141/docs/computer_science/algorithmes.md#L234-L243
TV_COMPUTER_SCIENCE_ALGORITHMES_09,computer_science/algorithmes.md,9,244,283,10,https://github.com/tavor118/pj_python_interview_questions_and_answers/blob/02d57a7a9f34fd386eb8aa5c0094fe3f3c3ba141/docs/computer_science/algorithmes.md#L244-L283
TV_COMPUTER_SCIENCE_ALGORITHMES_10,computer_science/algorithmes.md,10,284,324,,https://github.com/tavor118/pj_python_interview_questions_and_answers/blob/02d57a7a9f34fd386eb8aa5c0094fe3f3c3ba141/docs/computer_science/algorithmes.md#L284-L324
TV_COMPUTER_SCIENCE_ALGORITHMES_11,computer_science/algorithmes.md,11,325,378,,https://github.com/tavor118/pj_python_interview_questions_and_answers/blob/02d57a7a9f34fd386eb8aa5c0094fe3f3c3ba141/docs/computer_science/algorithmes.md#L325-L378
TV_COMPUTER_SCIENCE_ALGORITHMES_12,computer_science/algorithmes.md,12,379,415,,https://github.com/tavor118/pj_python_interview_questions_and_answers/blob/02d57a7a9f34fd386eb8aa5c0094fe3f3c3ba141/docs/computer_science/algorithmes.md#L379-L415
TV_COMPUTER_SCIENCE_ALGORITHMES_13,computer_science/algorithmes.md,13,416,436,,https://github.com/tavor118/pj_python_interview_questions_and_answers/blob/02d57a7a9f34fd386eb8aa5c0094fe3f3c3ba141/docs/computer_science/algorithmes.md#L416-L436
TV_COMPUTER_SCIENCE_ALGORITHMES_14,computer_science/algorithmes.md,14,437,461,,https://github.com/tavor118/pj_python_interview_questions_and_answers/blob/02d57a7a9f34fd386eb8aa5c0094fe3f3c3ba141/docs/computer_science/algorithmes.md#L437-L461
TV_COMPUTER_SCIENCE_ALGORITHMES_15,computer_science/algorithmes.md,15,462,479,,https://github.com/tavor118/pj_python_interview_questions_and_answers/blob/02d57a7a9f34fd386eb8aa5c0094fe3f3c3ba141/docs/computer_science/algorithmes.md#L462-L479
TV_COMPUTER_SCIENCE_ALGORITHMES_16,computer_science/algorithmes.md,16,480,499,,https://github.com/tavor118/pj_python_interview_questions_and_answers/blob/02d57a7a9f34fd386eb8aa5c0094fe3f3c3ba141/docs/computer_science/algorithmes.md#L480-L499
TV_COMPUTER_SCIENCE_ALGORITHMES_17,computer_science/algorithmes.md,17,500,515,,https://github.com/tavor118/pj_python_interview_questions_and_answers/blob/02d57a7a9f34fd386eb8aa5c0094fe3f3c3ba141/docs/computer_science/algorithmes.md#L500-L515
TV_COMPUTER_SCIENCE_ALGORITHMES_18,computer_science/algorithmes.md,18,516,530,,https://github.com/tavor118/pj_python_interview_questions_and_answers/blob/02d57a7a9f34fd386eb8aa5c0094fe3f3c3ba141/docs/computer_science/algorithmes.md#L516-L530
TV_COMPUTER_SCIENCE_ALGORITHMES_19,computer_science/algorithmes.md,19,531,551,,https://github.com/tavor118/pj_python_interview_questions_and_answers/blob/02d57a7a9f34fd386eb8aa5c0094fe3f3c3ba141/docs/computer_science/algorithmes.md#L531-L551
TV_COMPUTER_SCIENCE_ALGORITHMES_20,computer_science/algorithmes.md,20,552,601,,https://github.com/tavor118/pj_python_interview_questions_and_answers/blob/02d57a7a9f34fd386eb8aa5c0094fe3f3c3ba141/docs/computer_science/algorithmes.md#L552-L601
TV_COMPUTER_SCIENCE_COMPUTER_SCIENCE_01,computer_science/computer_science.md,1,3,49,,https://github.com/tavor118/pj_python_interview_questions_and_answers/blob/02d57a7a9f34fd386eb8aa5c0094fe3f3c3ba141/docs/computer_science/computer_science.md#L3-L49
TV_COMPUTER_SCIENCE_COMPUTER_SCIENCE_02,computer_science/computer_science.md,2,50,77,,https://github.com/tavor118/pj_python_interview_questions_and_answers/blob/02d57a7a9f34fd386eb8aa5c0094fe3f3c3ba141/docs/computer_science/computer_science.md#L50-L77
TV_COMPUTER_SCIENCE_DATA_STRUCTURES_01,computer_science/data_structures.md,1,3,32,10,https://github.com/tavor118/pj_python_interview_questions_and_answers/blob/02d57a7a9f34fd386eb8aa5c0094fe3f3c3ba141/docs/computer_science/data_structures.md#L3-L32
TV_COMPUTER_SCIENCE_DATA_STRUCTURES_02,computer_science/data_structures.md,2,33,62,68,https://github.com/tavor118/pj_python_interview_questions_and_answers/blob/02d57a7a9f34fd386eb8aa5c0094fe3f3c3ba141/docs/computer_science/data_structures.md#L33-L62
TV_COMPUTER_SCIENCE_DATA_STRUCTURES_03,computer_science/data_structures.md,3,63,84,,https://github.com/tavor118/pj_python_interview_questions_and_answers/blob/02d57a7a9f34fd386eb8aa5c0094fe3f3c3ba141/docs/computer_science/data_structures.md#L63-L84
TV_COMPUTER_SCIENCE_DATA_STRUCTURES_04,computer_science/data_structures.md,4,85,154,53,https://github.com/tavor118/pj_python_interview_questions_and_answers/blob/02d57a7a9f34fd386eb8aa5c0094fe3f3c3ba141/docs/computer_science/data_structures.md#L85-L154
TV_COMPUTER_SCIENCE_DATA_STRUCTURES_05,computer_science/data_structures.md,5,155,217,18,https://github.com/tavor118/pj_python_interview_questions_and_answers/blob/02d57a7a9f34fd386eb8aa5c0094fe3f3c3ba141/docs/computer_science/data_structures.md#L155-L217
TV_COMPUTER_SCIENCE_DATA_STRUCTURES_06,computer_science/data_structures.md,6,218,248,,https://github.com/tavor118/pj_python_interview_questions_and_answers/blob/02d57a7a9f34fd386eb8aa5c0094fe3f3c3ba141/docs/computer_science/data_structures.md#L218-L248
TV_COMPUTER_SCIENCE_DATA_STRUCTURES_07,computer_science/data_structures.md,7,249,257,,https://github.com/tavor118/pj_python_interview_questions_and_answers/blob/02d57a7a9f34fd386eb8aa5c0094fe3f3c3ba141/docs/computer_science/data_structures.md#L249-L257
TV_COMPUTER_SCIENCE_DATA_STRUCTURES_08,computer_science/data_structures.md,8,258,307,,https://github.com/tavor118/pj_python_interview_questions_and_answers/blob/02d57a7a9f34fd386eb8aa5c0094fe3f3c3ba141/docs/computer_science/data_structures.md#L258-L307
TV_COMPUTER_SCIENCE_DATA_STRUCTURES_09,computer_science/data_structures.md,9,308,366,11,https://github.com/tavor118/pj_python_interview_questions_and_answers/blob/02d57a7a9f34fd386eb8aa5c0094fe3f3c3ba141/docs/computer_science/data_structures.md#L308-L366
TV_COMPUTER_SCIENCE_DATA_STRUCTURES_10,computer_science/data_structures.md,10,367,398,,https://github.com/tavor118/pj_python_interview_questions_and_answers/blob/02d57a7a9f34fd386eb8aa5c0094fe3f3c3ba141/docs/computer_science/data_structures.md#L367-L398
TV_COMPUTER_SCIENCE_DATA_STRUCTURES_11,computer_science/data_structures.md,11,399,434,,https://github.com/tavor118/pj_python_interview_questions_and_answers/blob/02d57a7a9f34fd386eb8aa5c0094fe3f3c3ba141/docs/computer_science/data_structures.md#L399-L434
TV_COMPUTER_SCIENCE_DATA_STRUCTURES_12,computer_science/data_structures.md,12,435,441,46,https://github.com/tavor118/pj_python_interview_questions_and_answers/blob/02d57a7a9f34fd386eb8aa5c0094fe3f3c3ba141/docs/computer_science/data_structures.md#L435-L441
TV_COMPUTER_SCIENCE_DATA_STRUCTURES_13,computer_science/data_structures.md,13,442,470,17,https://github.com/tavor118/pj_python_interview_questions_and_answers/blob/02d57a7a9f34fd386eb8aa5c0094fe3f3c3ba141/docs/computer_science/data_structures.md#L442-L470
TV_COMPUTER_SCIENCE_DATA_STRUCTURES_14,computer_science/data_structures.md,14,471,511,,https://github.com/tavor118/pj_python_interview_questions_and_answers/blob/02d57a7a9f34fd386eb8aa5c0094fe3f3c3ba141/docs/computer_science/data_structures.md#L471-L511
TV_COMPUTER_SCIENCE_DESIGN_PATTERNS_01,computer_science/design_patterns.md,1,3,65,,https://github.com/tavor118/pj_python_interview_questions_and_answers/blob/02d57a7a9f34fd386eb8aa5c0094fe3f3c3ba141/docs/computer_science/design_patterns.md#L3-L65
TV_COMPUTER_SCIENCE_DESIGN_PATTERNS_02,computer_science/design_patterns.md,2,66,146,,https://github.com/tavor118/pj_python_interview_questions_and_answers/blob/02d57a7a9f34fd386eb8aa5c0094fe3f3c3ba141/docs/computer_science/design_patterns.md#L66-L146
TV_COMPUTER_SCIENCE_DESIGN_PATTERNS_03,computer_science/design_patterns.md,3,147,200,,https://github.com/tavor118/pj_python_interview_questions_and_answers/blob/02d57a7a9f34fd386eb8aa5c0094fe3f3c3ba141/docs/computer_science/design_patterns.md#L147-L200
TV_COMPUTER_SCIENCE_DESIGN_PATTERNS_04,computer_science/design_patterns.md,4,201,262,16,https://github.com/tavor118/pj_python_interview_questions_and_answers/blob/02d57a7a9f34fd386eb8aa5c0094fe3f3c3ba141/docs/computer_science/design_patterns.md#L201-L262
TV_COMPUTER_SCIENCE_DESIGN_PATTERNS_05,computer_science/design_patterns.md,5,263,314,,https://github.com/tavor118/pj_python_interview_questions_and_answers/blob/02d57a7a9f34fd386eb8aa5c0094fe3f3c3ba141/docs/computer_science/design_patterns.md#L263-L314
TV_COMPUTER_SCIENCE_DESIGN_PATTERNS_06,computer_science/design_patterns.md,6,315,373,28,https://github.com/tavor118/pj_python_interview_questions_and_answers/blob/02d57a7a9f34fd386eb8aa5c0094fe3f3c3ba141/docs/computer_science/design_patterns.md#L315-L373
TV_COMPUTER_SCIENCE_DESIGN_PATTERNS_07,computer_science/design_patterns.md,7,374,429,12,https://github.com/tavor118/pj_python_interview_questions_and_answers/blob/02d57a7a9f34fd386eb8aa5c0094fe3f3c3ba141/docs/computer_science/design_patterns.md#L374-L429
TV_COMPUTER_SCIENCE_DESIGN_PATTERNS_08,computer_science/design_patterns.md,8,430,487,,https://github.com/tavor118/pj_python_interview_questions_and_answers/blob/02d57a7a9f34fd386eb8aa5c0094fe3f3c3ba141/docs/computer_science/design_patterns.md#L430-L487
TV_COMPUTER_SCIENCE_DESIGN_PATTERNS_09,computer_science/design_patterns.md,9,488,544,,https://github.com/tavor118/pj_python_interview_questions_and_answers/blob/02d57a7a9f34fd386eb8aa5c0094fe3f3c3ba141/docs/computer_science/design_patterns.md#L488-L544
TV_COMPUTER_SCIENCE_DESIGN_PATTERNS_10,computer_science/design_patterns.md,10,545,605,,https://github.com/tavor118/pj_python_interview_questions_and_answers/blob/02d57a7a9f34fd386eb8aa5c0094fe3f3c3ba141/docs/computer_science/design_patterns.md#L545-L605
TV_COMPUTER_SCIENCE_DESIGN_PATTERNS_11,computer_science/design_patterns.md,11,606,648,,https://github.com/tavor118/pj_python_interview_questions_and_answers/blob/02d57a7a9f34fd386eb8aa5c0094fe3f3c3ba141/docs/computer_science/design_patterns.md#L606-L648
TV_COMPUTER_SCIENCE_DESIGN_PATTERNS_12,computer_science/design_patterns.md,12,649,704,,https://github.com/tavor118/pj_python_interview_questions_and_answers/blob/02d57a7a9f34fd386eb8aa5c0094fe3f3c3ba141/docs/computer_science/design_patterns.md#L649-L704
TV_COMPUTER_SCIENCE_DESIGN_PATTERNS_13,computer_science/design_patterns.md,13,705,758,,https://github.com/tavor118/pj_python_interview_questions_and_answers/blob/02d57a7a9f34fd386eb8aa5c0094fe3f3c3ba141/docs/computer_science/design_patterns.md#L705-L758
TV_COMPUTER_SCIENCE_DESIGN_PATTERNS_14,computer_science/design_patterns.md,14,759,811,,https://github.com/tavor118/pj_python_interview_questions_and_answers/blob/02d57a7a9f34fd386eb8aa5c0094fe3f3c3ba141/docs/computer_science/design_patterns.md#L759-L811
TV_COMPUTER_SCIENCE_DESIGN_PATTERNS_15,computer_science/design_patterns.md,15,812,862,,https://github.com/tavor118/pj_python_interview_questions_and_answers/blob/02d57a7a9f34fd386eb8aa5c0094fe3f3c3ba141/docs/computer_science/design_patterns.md#L812-L862
TV_COMPUTER_SCIENCE_DESIGN_PATTERNS_16,computer_science/design_patterns.md,16,863,913,,https://github.com/tavor118/pj_python_interview_questions_and_answers/blob/02d57a7a9f34fd386eb8aa5c0094fe3f3c3ba141/docs/computer_science/design_patterns.md#L863-L913
TV_COMPUTER_SCIENCE_DESIGN_PATTERNS_17,computer_science/design_patterns.md,17,914,959,,https://github.com/tavor118/pj_python_interview_questions_and_answers/blob/02d57a7a9f34fd386eb8aa5c0094fe3f3c3ba141/docs/computer_science/design_patterns.md#L914-L959
TV_COMPUTER_SCIENCE_DESIGN_PATTERNS_18,computer_science/design_patterns.md,18,960,1015,,https://github.com/tavor118/pj_python_interview_questions_and_answers/blob/02d57a7a9f34fd386eb8aa5c0094fe3f3c3ba141/docs/computer_science/design_patterns.md#L960-L1015
TV_COMPUTER_SCIENCE_DESIGN_PATTERNS_19,computer_science/design_patterns.md,19,1016,1068,,https://github.com/tavor118/pj_python_interview_questions_and_answers/blob/02d57a7a9f34fd386eb8aa5c0094fe3f3c3ba141/docs/computer_science/design_patterns.md#L1016-L1068
TV_COMPUTER_SCIENCE_DESIGN_PATTERNS_20,computer_science/design_patterns.md,20,1069,1127,,https://github.com/tavor118/pj_python_interview_questions_and_answers/blob/02d57a7a9f34fd386eb8aa5c0094fe3f3c3ba141/docs/computer_science/design_patterns.md#L1069-L1127
TV_COMPUTER_SCIENCE_DESIGN_PATTERNS_21,computer_science/design_patterns.md,21,1128,1201,,https://github.com/tavor118/pj_python_interview_questions_and_answers/blob/02d57a7a9f34fd386eb8aa5c0094fe3f3c3ba141/docs/computer_science/design_patterns.md#L1128-L1201
TV_COMPUTER_SCIENCE_DESIGN_PATTERNS_22,computer_science/design_patterns.md,22,1202,1297,16,https://github.com/tavor118/pj_python_interview_questions_and_answers/blob/02d57a7a9f34fd386eb8aa5c0094fe3f3c3ba141/docs/computer_science/design_patterns.md#L1202-L1297
TV_COMPUTER_SCIENCE_DESIGN_PATTERNS_23,computer_science/design_patterns.md,23,1298,1362,,https://github.com/tavor118/pj_python_interview_questions_and_answers/blob/02d57a7a9f34fd386eb8aa5c0094fe3f3c3ba141/docs/computer_science/design_patterns.md#L1298-L1362
TV_COMPUTER_SCIENCE_DESIGN_PATTERNS_24,computer_science/design_patterns.md,24,1363,1444,,https://github.com/tavor118/pj_python_interview_questions_and_answers/blob/02d57a7a9f34fd386eb8aa5c0094fe3f3c3ba141/docs/computer_science/design_patterns.md#L1363-L1444
TV_COMPUTER_SCIENCE_OOP_01,computer_science/oop.md,1,3,24,37,https://github.com/tavor118/pj_python_interview_questions_and_answers/blob/02d57a7a9f34fd386eb8aa5c0094fe3f3c3ba141/docs/computer_science/oop.md#L3-L24
TV_COMPUTER_SCIENCE_OOP_02,computer_science/oop.md,2,25,77,44,https://github.com/tavor118/pj_python_interview_questions_and_answers/blob/02d57a7a9f34fd386eb8aa5c0094fe3f3c3ba141/docs/computer_science/oop.md#L25-L77
TV_COMPUTER_SCIENCE_OOP_03,computer_science/oop.md,3,78,157,94,https://github.com/tavor118/pj_python_interview_questions_and_answers/blob/02d57a7a9f34fd386eb8aa5c0094fe3f3c3ba141/docs/computer_science/oop.md#L78-L157
TV_COMPUTER_SCIENCE_OOP_04,computer_science/oop.md,4,158,243,48,https://github.com/tavor118/pj_python_interview_questions_and_answers/blob/02d57a7a9f34fd386eb8aa5c0094fe3f3c3ba141/docs/computer_science/oop.md#L158-L243
TV_COMPUTER_SCIENCE_OOP_05,computer_science/oop.md,5,244,306,34,https://github.com/tavor118/pj_python_interview_questions_and_answers/blob/02d57a7a9f34fd386eb8aa5c0094fe3f3c3ba141/docs/computer_science/oop.md#L244-L306
TV_COMPUTER_SCIENCE_OOP_06,computer_science/oop.md,6,307,406,57,https://github.com/tavor118/pj_python_interview_questions_and_answers/blob/02d57a7a9f34fd386eb8aa5c0094fe3f3c3ba141/docs/computer_science/oop.md#L307-L406
TV_COMPUTER_SCIENCE_OOP_07,computer_science/oop.md,7,407,474,16,https://github.com/tavor118/pj_python_interview_questions_and_answers/blob/02d57a7a9f34fd386eb8aa5c0094fe3f3c3ba141/docs/computer_science/oop.md#L407-L474
TV_COMPUTER_SCIENCE_PROGRAMMING_PRINCIPLES_01,computer_science/programming_principles.md,1,3,22,15,https://github.com/tavor118/pj_python_interview_questions_and_answers/blob/02d57a7a9f34fd386eb8aa5c0094fe3f3c3ba141/docs/computer_science/programming_principles.md#L3-L22
TV_COMPUTER_SCIENCE_PROGRAMMING_PRINCIPLES_02,computer_science/programming_principles.md,2,23,43,15,https://github.com/tavor118/pj_python_interview_questions_and_answers/blob/02d57a7a9f34fd386eb8aa5c0094fe3f3c3ba141/docs/computer_science/programming_principles.md#L23-L43
TV_COMPUTER_SCIENCE_PROGRAMMING_PRINCIPLES_03,computer_science/programming_principles.md,3,44,93,,https://github.com/tavor118/pj_python_interview_questions_and_answers/blob/02d57a7a9f34fd386eb8aa5c0094fe3f3c3ba141/docs/computer_science/programming_principles.md#L44-L93
TV_COMPUTER_SCIENCE_PROGRAMMING_PRINCIPLES_04,computer_science/programming_principles.md,4,94,105,,https://github.com/tavor118/pj_python_interview_questions_and_answers/blob/02d57a7a9f34fd386eb8aa5c0094fe3f3c3ba141/docs/computer_science/programming_principles.md#L94-L105
TV_COMPUTER_SCIENCE_PROGRAMMING_PRINCIPLES_05,computer_science/programming_principles.md,5,106,210,,https://github.com/tavor118/pj_python_interview_questions_and_answers/blob/02d57a7a9f34fd386eb8aa5c0094fe3f3c3ba141/docs/computer_science/programming_principles.md#L106-L210
TV_COMPUTER_SCIENCE_PROGRAMMING_PRINCIPLES_06,computer_science/programming_principles.md,6,211,239,,https://github.com/tavor118/pj_python_interview_questions_and_answers/blob/02d57a7a9f34fd386eb8aa5c0094fe3f3c3ba141/docs/computer_science/programming_principles.md#L211-L239
TV_COMPUTER_SCIENCE_PROGRAMMING_PRINCIPLES_07,computer_science/programming_principles.md,7,240,267,16,https://github.com/tavor118/pj_python_interview_questions_and_answers/blob/02d57a7a9f34fd386eb8aa5c0094fe3f3c3ba141/docs/computer_science/programming_principles.md#L240-L267
TV_COMPUTER_SCIENCE_SOLID_01,computer_science/solid.md,1,3,53,45,https://github.com/tavor118/pj_python_interview_questions_and_answers/blob/02d57a7a9f34fd386eb8aa5c0094fe3f3c3ba141/docs/computer_science/solid.md#L3-L53
TV_COMPUTER_SCIENCE_SOLID_02,computer_science/solid.md,2,54,136,36,https://github.com/tavor118/pj_python_interview_questions_and_answers/blob/02d57a7a9f34fd386eb8aa5c0094fe3f3c3ba141/docs/computer_science/solid.md#L54-L136
TV_COMPUTER_SCIENCE_SOLID_03,computer_science/solid.md,3,137,191,20,https://github.com/tavor118/pj_python_interview_questions_and_answers/blob/02d57a7a9f34fd386eb8aa5c0094fe3f3c3ba141/docs/computer_science/solid.md#L137-L191
TV_COMPUTER_SCIENCE_SOLID_04,computer_science/solid.md,4,192,277,23,https://github.com/tavor118/pj_python_interview_questions_and_answers/blob/02d57a7a9f34fd386eb8aa5c0094fe3f3c3ba141/docs/computer_science/solid.md#L192-L277
TV_COMPUTER_SCIENCE_SOLID_05,computer_science/solid.md,5,278,359,14,https://github.com/tavor118/pj_python_interview_questions_and_answers/blob/02d57a7a9f34fd386eb8aa5c0094fe3f3c3ba141/docs/computer_science/solid.md#L278-L359
TV_COMPUTER_SCIENCE_SOLID_06,computer_science/solid.md,6,360,459,27,https://github.com/tavor118/pj_python_interview_questions_and_answers/blob/02d57a7a9f34fd386eb8aa5c0094fe3f3c3ba141/docs/computer_science/solid.md#L360-L459
TV_COMPUTER_SCIENCE_TESTING_01,computer_science/testing.md,1,3,48,25,https://github.com/tavor118/pj_python_interview_questions_and_answers/blob/02d57a7a9f34fd386eb8aa5c0094fe3f3c3ba141/docs/computer_science/testing.md#L3-L48
TV_COMPUTER_SCIENCE_TESTING_02,computer_science/testing.md,2,49,69,20,https://github.com/tavor118/pj_python_interview_questions_and_answers/blob/02d57a7a9f34fd386eb8aa5c0094fe3f3c3ba141/docs/computer_science/testing.md#L49-L69
TV_COMPUTER_SCIENCE_TESTING_03,computer_science/testing.md,3,70,97,14,https://github.com/tavor118/pj_python_interview_questions_and_answers/blob/02d57a7a9f34fd386eb8aa5c0094fe3f3c3ba141/docs/computer_science/testing.md#L70-L97
TV_COMPUTER_SCIENCE_TESTING_04,computer_science/testing.md,4,98,119,,https://github.com/tavor118/pj_python_interview_questions_and_answers/blob/02d57a7a9f34fd386eb8aa5c0094fe3f3c3ba141/docs/computer_science/testing.md#L98-L119
TV_COMPUTER_SCIENCE_TESTING_05,computer_science/testing.md,5,120,146,,https://github.com/tavor118/pj_python_interview_questions_and_answers/blob/02d57a7a9f34fd386eb8aa5c0094fe3f3c3ba141/docs/computer_science/testing.md#L120-L146
TV_COMPUTER_SCIENCE_TESTING_06,computer_science/testing.md,6,147,162,,https://github.com/tavor118/pj_python_interview_questions_and_answers/blob/02d57a7a9f34fd386eb8aa5c0094fe3f3c3ba141/docs/computer_science/testing.md#L147-L162
TV_COMPUTER_SCIENCE_TESTING_07,computer_science/testing.md,7,163,174,,https://github.com/tavor118/pj_python_interview_questions_and_answers/blob/02d57a7a9f34fd386eb8aa5c0094fe3f3c3ba141/docs/computer_science/testing.md#L163-L174
TV_COMPUTER_SCIENCE_TESTING_08,computer_science/testing.md,8,175,189,,https://github.com/tavor118/pj_python_interview_questions_and_answers/blob/02d57a7a9f34fd386eb8aa5c0094fe3f3c3ba141/docs/computer_science/testing.md#L175-L189
TV_COMPUTER_SCIENCE_TESTING_09,computer_science/testing.md,9,190,211,29,https://github.com/tavor118/pj_python_interview_questions_and_answers/blob/02d57a7a9f34fd386eb8aa5c0094fe3f3c3ba141/docs/computer_science/testing.md#L190-L211
TV_COMPUTER_SCIENCE_TESTING_10,computer_science/testing.md,10,212,346,17,https://github.com/tavor118/pj_python_interview_questions_and_answers/blob/02d57a7a9f34fd386eb8aa5c0094fe3f3c3ba141/docs/computer_science/testing.md#L212-L346
TV_COMPUTER_SCIENCE_TESTING_11,computer_science/testing.md,11,347,376,,https://github.com/tavor118/pj_python_interview_questions_and_answers/blob/02d57a7a9f34fd386eb8aa5c0094fe3f3c3ba141/docs/computer_science/testing.md#L347-L376
TV_COMPUTER_SCIENCE_TESTING_12,computer_science/testing.md,12,377,396,,https://github.com/tavor118/pj_python_interview_questions_and_answers/blob/02d57a7a9f34fd386eb8aa5c0094fe3f3c3ba141/docs/computer_science/testing.md#L377-L396
TV_COMPUTER_SCIENCE_TESTING_13,computer_science/testing.md,13,397,406,,https://github.com/tavor118/pj_python_interview_questions_and_answers/blob/02d57a7a9f34fd386eb8aa5c0094fe3f3c3ba141/docs/computer_science/testing.md#L397-L406
TV_COMPUTER_SCIENCE_TESTING_14,computer_science/testing.md,14,407,437,,https://github.com/tavor118/pj_python_interview_questions_and_answers/blob/02d57a7a9f34fd386eb8aa5c0094fe3f3c3ba141/docs/computer_science/testing.md#L407-L437
TV_COMPUTER_SCIENCE_TESTING_15,computer_science/testing.md,15,438,451,,https://github.com/tavor118/pj_python_interview_questions_and_answers/blob/02d57a7a9f34fd386eb8aa5c0094fe3f3c3ba141/docs/computer_science/testing.md#L438-L451
TV_DEVELOPMENT_CI_CD_01,development/ci_cd.md,1,3,60,20,https://github.com/tavor118/pj_python_interview_questions_and_answers/blob/02d57a7a9f34fd386eb8aa5c0094fe3f3c3ba141/docs/development/ci_cd.md#L3-L60
TV_DEVELOPMENT_CI_CD_02,development/ci_cd.md,2,61,95,,https://github.com/tavor118/pj_python_interview_questions_and_answers/blob/02d57a7a9f34fd386eb8aa5c0094fe3f3c3ba141/docs/development/ci_cd.md#L61-L95
TV_DEVELOPMENT_CI_CD_03,development/ci_cd.md,3,96,128,,https://github.com/tavor118/pj_python_interview_questions_and_answers/blob/02d57a7a9f34fd386eb8aa5c0094fe3f3c3ba141/docs/development/ci_cd.md#L96-L128
TV_DEVELOPMENT_GIT_01,development/git.md,1,3,57,16,https://github.com/tavor118/pj_python_interview_questions_and_answers/blob/02d57a7a9f34fd386eb8aa5c0094fe3f3c3ba141/docs/development/git.md#L3-L57
TV_DEVELOPMENT_GIT_02,development/git.md,2,58,70,,https://github.com/tavor118/pj_python_interview_questions_and_answers/blob/02d57a7a9f34fd386eb8aa5c0094fe3f3c3ba141/docs/development/git.md#L58-L70
TV_DEVELOPMENT_GIT_03,development/git.md,3,71,108,,https://github.com/tavor118/pj_python_interview_questions_and_answers/blob/02d57a7a9f34fd386eb8aa5c0094fe3f3c3ba141/docs/development/git.md#L71-L108
TV_DEVELOPMENT_GIT_04,development/git.md,4,109,164,13,https://github.com/tavor118/pj_python_interview_questions_and_answers/blob/02d57a7a9f34fd386eb8aa5c0094fe3f3c3ba141/docs/development/git.md#L109-L164
TV_DEVELOPMENT_GIT_05,development/git.md,5,165,204,18,https://github.com/tavor118/pj_python_interview_questions_and_answers/blob/02d57a7a9f34fd386eb8aa5c0094fe3f3c3ba141/docs/development/git.md#L165-L204
TV_DEVELOPMENT_GIT_06,development/git.md,6,205,223,,https://github.com/tavor118/pj_python_interview_questions_and_answers/blob/02d57a7a9f34fd386eb8aa5c0094fe3f3c3ba141/docs/development/git.md#L205-L223
TV_DEVELOPMENT_GIT_07,development/git.md,7,224,255,15,https://github.com/tavor118/pj_python_interview_questions_and_answers/blob/02d57a7a9f34fd386eb8aa5c0094fe3f3c3ba141/docs/development/git.md#L224-L255
TV_DEVELOPMENT_GIT_08,development/git.md,8,256,276,,https://github.com/tavor118/pj_python_interview_questions_and_answers/blob/02d57a7a9f34fd386eb8aa5c0094fe3f3c3ba141/docs/development/git.md#L256-L276
TV_DEVELOPMENT_GIT_09,development/git.md,9,277,297,,https://github.com/tavor118/pj_python_interview_questions_and_answers/blob/02d57a7a9f34fd386eb8aa5c0094fe3f3c3ba141/docs/development/git.md#L277-L297
TV_DEVELOPMENT_GIT_10,development/git.md,10,298,317,,https://github.com/tavor118/pj_python_interview_questions_and_answers/blob/02d57a7a9f34fd386eb8aa5c0094fe3f3c3ba141/docs/development/git.md#L298-L317
TV_DEVELOPMENT_GIT_11,development/git.md,11,318,323,,https://github.com/tavor118/pj_python_interview_questions_and_answers/blob/02d57a7a9f34fd386eb8aa5c0094fe3f3c3ba141/docs/development/git.md#L318-L323
TV_DEVELOPMENT_SDLC_01,development/sdlc.md,1,3,88,,https://github.com/tavor118/pj_python_interview_questions_and_answers/blob/02d57a7a9f34fd386eb8aa5c0094fe3f3c3ba141/docs/development/sdlc.md#L3-L88
TV_DEVELOPMENT_SDLC_02,development/sdlc.md,2,89,122,14,https://github.com/tavor118/pj_python_interview_questions_and_answers/blob/02d57a7a9f34fd386eb8aa5c0094fe3f3c3ba141/docs/development/sdlc.md#L89-L122
TV_DEVELOPMENT_SDLC_03,development/sdlc.md,3,123,144,,https://github.com/tavor118/pj_python_interview_questions_and_answers/blob/02d57a7a9f34fd386eb8aa5c0094fe3f3c3ba141/docs/development/sdlc.md#L123-L144
TV_DEVELOPMENT_SDLC_04,development/sdlc.md,4,145,198,,https://github.com/tavor118/pj_python_interview_questions_and_answers/blob/02d57a7a9f34fd386eb8aa5c0094fe3f3c3ba141/docs/development/sdlc.md#L145-L198
TV_DEVELOPMENT_SDLC_05,development/sdlc.md,5,199,222,,https://github.com/tavor118/pj_python_interview_questions_and_answers/blob/02d57a7a9f34fd386eb8aa5c0094fe3f3c3ba141/docs/development/sdlc.md#L199-L222
TV_DEVELOPMENT_SDLC_06,development/sdlc.md,6,223,228,,https://github.com/tavor118/pj_python_interview_questions_and_answers/blob/02d57a7a9f34fd386eb8aa5c0094fe3f3c3ba141/docs/development/sdlc.md#L223-L228
TV_DEVELOPMENT_SDLC_07,development/sdlc.md,7,229,262,,https://github.com/tavor118/pj_python_interview_questions_and_answers/blob/02d57a7a9f34fd386eb8aa5c0094fe3f3c3ba141/docs/development/sdlc.md#L229-L262
TV_FRONTEND_CSS_01,frontend/css.md,1,3,46,,https://github.com/tavor118/pj_python_interview_questions_and_answers/blob/02d57a7a9f34fd386eb8aa5c0094fe3f3c3ba141/docs/frontend/css.md#L3-L46
TV_FRONTEND_CSS_02,frontend/css.md,2,47,86,,https://github.com/tavor118/pj_python_interview_questions_and_answers/blob/02d57a7a9f34fd386eb8aa5c0094fe3f3c3ba141/docs/frontend/css.md#L47-L86
TV_FRONTEND_CSS_03,frontend/css.md,3,87,97,,https://github.com/tavor118/pj_python_interview_questions_and_answers/blob/02d57a7a9f34fd386eb8aa5c0094fe3f3c3ba141/docs/frontend/css.md#L87-L97
TV_FRONTEND_CSS_04,frontend/css.md,4,98,107,,https://github.com/tavor118/pj_python_interview_questions_and_answers/blob/02d57a7a9f34fd386eb8aa5c0094fe3f3c3ba141/docs/frontend/css.md#L98-L107
TV_FRONTEND_DOM_01,frontend/dom.md,1,3,49,,https://github.com/tavor118/pj_python_interview_questions_and_answers/blob/02d57a7a9f34fd386eb8aa5c0094fe3f3c3ba141/docs/frontend/dom.md#L3-L49
TV_FRONTEND_DOM_02,frontend/dom.md,2,50,87,,https://github.com/tavor118/pj_python_interview_questions_and_answers/blob/02d57a7a9f34fd386eb8aa5c0094fe3f3c3ba141/docs/frontend/dom.md#L50-L87
TV_FRONTEND_FRONT_END_01,frontend/front_end.md,1,3,16,,https://github.com/tavor118/pj_python_interview_questions_and_answers/blob/02d57a7a9f34fd386eb8aa5c0094fe3f3c3ba141/docs/frontend/front_end.md#L3-L16
TV_FRONTEND_FRONT_END_02,frontend/front_end.md,2,17,30,,https://github.com/tavor118/pj_python_interview_questions_and_answers/blob/02d57a7a9f34fd386eb8aa5c0094fe3f3c3ba141/docs/frontend/front_end.md#L17-L30
TV_FRONTEND_FRONT_END_03,frontend/front_end.md,3,31,45,,https://github.com/tavor118/pj_python_interview_questions_and_answers/blob/02d57a7a9f34fd386eb8aa5c0094fe3f3c3ba141/docs/frontend/front_end.md#L31-L45
TV_FRONTEND_HTML_01,frontend/html.md,1,3,41,,https://github.com/tavor118/pj_python_interview_questions_and_answers/blob/02d57a7a9f34fd386eb8aa5c0094fe3f3c3ba141/docs/frontend/html.md#L3-L41
TV_FRONTEND_HTML_02,frontend/html.md,2,42,93,,https://github.com/tavor118/pj_python_interview_questions_and_answers/blob/02d57a7a9f34fd386eb8aa5c0094fe3f3c3ba141/docs/frontend/html.md#L42-L93
TV_FRONTEND_HTML_03,frontend/html.md,3,94,106,,https://github.com/tavor118/pj_python_interview_questions_and_answers/blob/02d57a7a9f34fd386eb8aa5c0094fe3f3c3ba141/docs/frontend/html.md#L94-L106
TV_FRONTEND_HTML_04,frontend/html.md,4,107,123,,https://github.com/tavor118/pj_python_interview_questions_and_answers/blob/02d57a7a9f34fd386eb8aa5c0094fe3f3c3ba141/docs/frontend/html.md#L107-L123
TV_FRONTEND_JAVASCRIPT_01,frontend/javascript.md,1,3,28,,https://github.com/tavor118/pj_python_interview_questions_and_answers/blob/02d57a7a9f34fd386eb8aa5c0094fe3f3c3ba141/docs/frontend/javascript.md#L3-L28
TV_FRONTEND_JAVASCRIPT_02,frontend/javascript.md,2,29,59,,https://github.com/tavor118/pj_python_interview_questions_and_answers/blob/02d57a7a9f34fd386eb8aa5c0094fe3f3c3ba141/docs/frontend/javascript.md#L29-L59
TV_FRONTEND_JAVASCRIPT_03,frontend/javascript.md,3,60,111,,https://github.com/tavor118/pj_python_interview_questions_and_answers/blob/02d57a7a9f34fd386eb8aa5c0094fe3f3c3ba141/docs/frontend/javascript.md#L60-L111
TV_FRONTEND_JAVASCRIPT_04,frontend/javascript.md,4,112,145,,https://github.com/tavor118/pj_python_interview_questions_and_answers/blob/02d57a7a9f34fd386eb8aa5c0094fe3f3c3ba141/docs/frontend/javascript.md#L112-L145
TV_FRONTEND_JAVASCRIPT_05,frontend/javascript.md,5,146,166,,https://github.com/tavor118/pj_python_interview_questions_and_answers/blob/02d57a7a9f34fd386eb8aa5c0094fe3f3c3ba141/docs/frontend/javascript.md#L146-L166
TV_FRONTEND_JAVASCRIPT_06,frontend/javascript.md,6,167,207,,https://github.com/tavor118/pj_python_interview_questions_and_answers/blob/02d57a7a9f34fd386eb8aa5c0094fe3f3c3ba141/docs/frontend/javascript.md#L167-L207
TV_FRONTEND_JAVASCRIPT_07,frontend/javascript.md,7,208,244,,https://github.com/tavor118/pj_python_interview_questions_and_answers/blob/02d57a7a9f34fd386eb8aa5c0094fe3f3c3ba141/docs/frontend/javascript.md#L208-L244
TV_FRONTEND_JAVASCRIPT_08,frontend/javascript.md,8,245,275,,https://github.com/tavor118/pj_python_interview_questions_and_answers/blob/02d57a7a9f34fd386eb8aa5c0094fe3f3c3ba141/docs/frontend/javascript.md#L245-L275
TV_FRONTEND_JAVASCRIPT_09,frontend/javascript.md,9,276,312,,https://github.com/tavor118/pj_python_interview_questions_and_answers/blob/02d57a7a9f34fd386eb8aa5c0094fe3f3c3ba141/docs/frontend/javascript.md#L276-L312
TV_FRONTEND_JAVASCRIPT_10,frontend/javascript.md,10,313,349,,https://github.com/tavor118/pj_python_interview_questions_and_answers/blob/02d57a7a9f34fd386eb8aa5c0094fe3f3c3ba141/docs/frontend/javascript.md#L313-L349
TV_FRONTEND_JAVASCRIPT_11,frontend/javascript.md,11,350,386,,https://github.com/tavor118/pj_python_interview_questions_and_answers/blob/02d57a7a9f34fd386eb8aa5c0094fe3f3c3ba141/docs/frontend/javascript.md#L350-L386
TV_FRONTEND_JAVASCRIPT_12,frontend/javascript.md,12,387,422,,https://github.com/tavor118/pj_python_interview_questions_and_answers/blob/02d57a7a9f34fd386eb8aa5c0094fe3f3c3ba141/docs/frontend/javascript.md#L387-L422
TV_FRONTEND_JAVASCRIPT_13,frontend/javascript.md,13,423,452,,https://github.com/tavor118/pj_python_interview_questions_and_answers/blob/02d57a7a9f34fd386eb8aa5c0094fe3f3c3ba141/docs/frontend/javascript.md#L423-L452
TV_FRONTEND_JAVASCRIPT_14,frontend/javascript.md,14,453,484,,https://github.com/tavor118/pj_python_interview_questions_and_answers/blob/02d57a7a9f34fd386eb8aa5c0094fe3f3c3ba141/docs/frontend/javascript.md#L453-L484
TV_FRONTEND_JAVASCRIPT_15,frontend/javascript.md,15,485,516,,https://github.com/tavor118/pj_python_interview_questions_and_answers/blob/02d57a7a9f34fd386eb8aa5c0094fe3f3c3ba141/docs/frontend/javascript.md#L485-L516
TV_FRONTEND_JAVASCRIPT_16,frontend/javascript.md,16,517,545,,https://github.com/tavor118/pj_python_interview_questions_and_answers/blob/02d57a7a9f34fd386eb8aa5c0094fe3f3c3ba141/docs/frontend/javascript.md#L517-L545
TV_FRONTEND_JAVASCRIPT_17,frontend/javascript.md,17,546,579,,https://github.com/tavor118/pj_python_interview_questions_and_answers/blob/02d57a7a9f34fd386eb8aa5c0094fe3f3c3ba141/docs/frontend/javascript.md#L546-L579
TV_FRONTEND_JAVASCRIPT_18,frontend/javascript.md,18,580,618,,https://github.com/tavor118/pj_python_interview_questions_and_answers/blob/02d57a7a9f34fd386eb8aa5c0094fe3f3c3ba141/docs/frontend/javascript.md#L580-L618
TV_FRONTEND_JAVASCRIPT_19,frontend/javascript.md,19,619,653,,https://github.com/tavor118/pj_python_interview_questions_and_answers/blob/02d57a7a9f34fd386eb8aa5c0094fe3f3c3ba141/docs/frontend/javascript.md#L619-L653
TV_FRONTEND_JAVASCRIPT_20,frontend/javascript.md,20,654,713,,https://github.com/tavor118/pj_python_interview_questions_and_answers/blob/02d57a7a9f34fd386eb8aa5c0094fe3f3c3ba141/docs/frontend/javascript.md#L654-L713
TV_INFRASTRUCTURE_AWS_01,infrastructure/aws.md,1,3,29,,https://github.com/tavor118/pj_python_interview_questions_and_answers/blob/02d57a7a9f34fd386eb8aa5c0094fe3f3c3ba141/docs/infrastructure/aws.md#L3-L29
TV_INFRASTRUCTURE_AWS_02,infrastructure/aws.md,2,30,44,,https://github.com/tavor118/pj_python_interview_questions_and_answers/blob/02d57a7a9f34fd386eb8aa5c0094fe3f3c3ba141/docs/infrastructure/aws.md#L30-L44
TV_INFRASTRUCTURE_DATABASE_01,infrastructure/database.md,1,3,22,41,https://github.com/tavor118/pj_python_interview_questions_and_answers/blob/02d57a7a9f34fd386eb8aa5c0094fe3f3c3ba141/docs/infrastructure/database.md#L3-L22
TV_INFRASTRUCTURE_DATABASE_02,infrastructure/database.md,2,23,33,21,https://github.com/tavor118/pj_python_interview_questions_and_answers/blob/02d57a7a9f34fd386eb8aa5c0094fe3f3c3ba141/docs/infrastructure/database.md#L23-L33
TV_INFRASTRUCTURE_DATABASE_03,infrastructure/database.md,3,34,56,29,https://github.com/tavor118/pj_python_interview_questions_and_answers/blob/02d57a7a9f34fd386eb8aa5c0094fe3f3c3ba141/docs/infrastructure/database.md#L34-L56
TV_INFRASTRUCTURE_DATABASE_04,infrastructure/database.md,4,57,93,,https://github.com/tavor118/pj_python_interview_questions_and_answers/blob/02d57a7a9f34fd386eb8aa5c0094fe3f3c3ba141/docs/infrastructure/database.md#L57-L93
TV_INFRASTRUCTURE_DATABASE_05,infrastructure/database.md,5,94,117,40,https://github.com/tavor118/pj_python_interview_questions_and_answers/blob/02d57a7a9f34fd386eb8aa5c0094fe3f3c3ba141/docs/infrastructure/database.md#L94-L117
TV_INFRASTRUCTURE_DATABASE_06,infrastructure/database.md,6,118,201,13,https://github.com/tavor118/pj_python_interview_questions_and_answers/blob/02d57a7a9f34fd386eb8aa5c0094fe3f3c3ba141/docs/infrastructure/database.md#L118-L201
TV_INFRASTRUCTURE_DATABASE_07,infrastructure/database.md,7,202,221,,https://github.com/tavor118/pj_python_interview_questions_and_answers/blob/02d57a7a9f34fd386eb8aa5c0094fe3f3c3ba141/docs/infrastructure/database.md#L202-L221
TV_INFRASTRUCTURE_DATABASE_08,infrastructure/database.md,8,222,378,,https://github.com/tavor118/pj_python_interview_questions_and_answers/blob/02d57a7a9f34fd386eb8aa5c0094fe3f3c3ba141/docs/infrastructure/database.md#L222-L378
TV_INFRASTRUCTURE_DATABASE_09,infrastructure/database.md,9,379,405,21,https://github.com/tavor118/pj_python_interview_questions_and_answers/blob/02d57a7a9f34fd386eb8aa5c0094fe3f3c3ba141/docs/infrastructure/database.md#L379-L405
TV_INFRASTRUCTURE_DATABASE_10,infrastructure/database.md,10,406,463,30,https://github.com/tavor118/pj_python_interview_questions_and_answers/blob/02d57a7a9f34fd386eb8aa5c0094fe3f3c3ba141/docs/infrastructure/database.md#L406-L463
TV_INFRASTRUCTURE_DATABASE_11,infrastructure/database.md,11,464,484,59,https://github.com/tavor118/pj_python_interview_questions_and_answers/blob/02d57a7a9f34fd386eb8aa5c0094fe3f3c3ba141/docs/infrastructure/database.md#L464-L484
TV_INFRASTRUCTURE_DATABASE_12,infrastructure/database.md,12,485,505,14,https://github.com/tavor118/pj_python_interview_questions_and_answers/blob/02d57a7a9f34fd386eb8aa5c0094fe3f3c3ba141/docs/infrastructure/database.md#L485-L505
TV_INFRASTRUCTURE_DATABASE_13,infrastructure/database.md,13,506,542,,https://github.com/tavor118/pj_python_interview_questions_and_answers/blob/02d57a7a9f34fd386eb8aa5c0094fe3f3c3ba141/docs/infrastructure/database.md#L506-L542
TV_INFRASTRUCTURE_DATABASE_14,infrastructure/database.md,14,543,600,,https://github.com/tavor118/pj_python_interview_questions_and_answers/blob/02d57a7a9f34fd386eb8aa5c0094fe3f3c3ba141/docs/infrastructure/database.md#L543-L600
TV_INFRASTRUCTURE_DATABASE_15,infrastructure/database.md,15,601,627,,https://github.com/tavor118/pj_python_interview_questions_and_answers/blob/02d57a7a9f34fd386eb8aa5c0094fe3f3c3ba141/docs/infrastructure/database.md#L601-L627
TV_INFRASTRUCTURE_DATABASE_16,infrastructure/database.md,16,628,651,11,https://github.com/tavor118/pj_python_interview_questions_and_answers/blob/02d57a7a9f34fd386eb8aa5c0094fe3f3c3ba141/docs/infrastructure/database.md#L628-L651
TV_INFRASTRUCTURE_DATABASE_17,infrastructure/database.md,17,652,733,53,https://github.com/tavor118/pj_python_interview_questions_and_answers/blob/02d57a7a9f34fd386eb8aa5c0094fe3f3c3ba141/docs/infrastructure/database.md#L652-L733
TV_INFRASTRUCTURE_DATABASE_18,infrastructure/database.md,18,734,752,,https://github.com/tavor118/pj_python_interview_questions_and_answers/blob/02d57a7a9f34fd386eb8aa5c0094fe3f3c3ba141/docs/infrastructure/database.md#L734-L752
TV_INFRASTRUCTURE_DATABASE_19,infrastructure/database.md,19,753,902,47,https://github.com/tavor118/pj_python_interview_questions_and_answers/blob/02d57a7a9f34fd386eb8aa5c0094fe3f3c3ba141/docs/infrastructure/database.md#L753-L902
TV_INFRASTRUCTURE_DATABASE_20,infrastructure/database.md,20,903,966,,https://github.com/tavor118/pj_python_interview_questions_and_answers/blob/02d57a7a9f34fd386eb8aa5c0094fe3f3c3ba141/docs/infrastructure/database.md#L903-L966
TV_INFRASTRUCTURE_DATABASE_21,infrastructure/database.md,21,967,1054,,https://github.com/tavor118/pj_python_interview_questions_and_answers/blob/02d57a7a9f34fd386eb8aa5c0094fe3f3c3ba141/docs/infrastructure/database.md#L967-L1054
TV_INFRASTRUCTURE_DATABASE_22,infrastructure/database.md,22,1055,1157,,https://github.com/tavor118/pj_python_interview_questions_and_answers/blob/02d57a7a9f34fd386eb8aa5c0094fe3f3c3ba141/docs/infrastructure/database.md#L1055-L1157
TV_INFRASTRUCTURE_DATABASE_23,infrastructure/database.md,23,1158,1218,,https://github.com/tavor118/pj_python_interview_questions_and_answers/blob/02d57a7a9f34fd386eb8aa5c0094fe3f3c3ba141/docs/infrastructure/database.md#L1158-L1218
TV_INFRASTRUCTURE_DATABASE_24,infrastructure/database.md,24,1219,1288,,https://github.com/tavor118/pj_python_interview_questions_and_answers/blob/02d57a7a9f34fd386eb8aa5c0094fe3f3c3ba141/docs/infrastructure/database.md#L1219-L1288
TV_INFRASTRUCTURE_DATABASE_25,infrastructure/database.md,25,1289,1312,,https://github.com/tavor118/pj_python_interview_questions_and_answers/blob/02d57a7a9f34fd386eb8aa5c0094fe3f3c3ba141/docs/infrastructure/database.md#L1289-L1312
TV_INFRASTRUCTURE_DATABASE_26,infrastructure/database.md,26,1313,1326,,https://github.com/tavor118/pj_python_interview_questions_and_answers/blob/02d57a7a9f34fd386eb8aa5c0094fe3f3c3ba141/docs/infrastructure/database.md#L1313-L1326
TV_INFRASTRUCTURE_DATABASE_27,infrastructure/database.md,27,1327,1367,12,https://github.com/tavor118/pj_python_interview_questions_and_answers/blob/02d57a7a9f34fd386eb8aa5c0094fe3f3c3ba141/docs/infrastructure/database.md#L1327-L1367
TV_INFRASTRUCTURE_DATABASE_28,infrastructure/database.md,28,1368,1393,,https://github.com/tavor118/pj_python_interview_questions_and_answers/blob/02d57a7a9f34fd386eb8aa5c0094fe3f3c3ba141/docs/infrastructure/database.md#L1368-L1393
TV_INFRASTRUCTURE_DATABASE_29,infrastructure/database.md,29,1394,1425,18,https://github.com/tavor118/pj_python_interview_questions_and_answers/blob/02d57a7a9f34fd386eb8aa5c0094fe3f3c3ba141/docs/infrastructure/database.md#L1394-L1425
TV_INFRASTRUCTURE_DATABASE_30,infrastructure/database.md,30,1426,1494,10,https://github.com/tavor118/pj_python_interview_questions_and_answers/blob/02d57a7a9f34fd386eb8aa5c0094fe3f3c3ba141/docs/infrastructure/database.md#L1426-L1494
TV_INFRASTRUCTURE_DATABASE_31,infrastructure/database.md,31,1495,1564,,https://github.com/tavor118/pj_python_interview_questions_and_answers/blob/02d57a7a9f34fd386eb8aa5c0094fe3f3c3ba141/docs/infrastructure/database.md#L1495-L1564
TV_INFRASTRUCTURE_DATABASE_32,infrastructure/database.md,32,1565,1573,10,https://github.com/tavor118/pj_python_interview_questions_and_answers/blob/02d57a7a9f34fd386eb8aa5c0094fe3f3c3ba141/docs/infrastructure/database.md#L1565-L1573
TV_INFRASTRUCTURE_DATABASE_33,infrastructure/database.md,33,1574,1588,11,https://github.com/tavor118/pj_python_interview_questions_and_answers/blob/02d57a7a9f34fd386eb8aa5c0094fe3f3c3ba141/docs/infrastructure/database.md#L1574-L1588
TV_INFRASTRUCTURE_DATABASE_34,infrastructure/database.md,34,1589,1611,12,https://github.com/tavor118/pj_python_interview_questions_and_answers/blob/02d57a7a9f34fd386eb8aa5c0094fe3f3c3ba141/docs/infrastructure/database.md#L1589-L1611
TV_INFRASTRUCTURE_DATABASE_35,infrastructure/database.md,35,1612,1674,32,https://github.com/tavor118/pj_python_interview_questions_and_answers/blob/02d57a7a9f34fd386eb8aa5c0094fe3f3c3ba141/docs/infrastructure/database.md#L1612-L1674
TV_INFRASTRUCTURE_DATABASE_36,infrastructure/database.md,36,1675,1715,38,https://github.com/tavor118/pj_python_interview_questions_and_answers/blob/02d57a7a9f34fd386eb8aa5c0094fe3f3c3ba141/docs/infrastructure/database.md#L1675-L1715
TV_INFRASTRUCTURE_DATABASE_37,infrastructure/database.md,37,1716,1749,37,https://github.com/tavor118/pj_python_interview_questions_and_answers/blob/02d57a7a9f34fd386eb8aa5c0094fe3f3c3ba141/docs/infrastructure/database.md#L1716-L1749
TV_INFRASTRUCTURE_DATABASE_38,infrastructure/database.md,38,1750,1786,,https://github.com/tavor118/pj_python_interview_questions_and_answers/blob/02d57a7a9f34fd386eb8aa5c0094fe3f3c3ba141/docs/infrastructure/database.md#L1750-L1786
TV_INFRASTRUCTURE_DATABASE_39,infrastructure/database.md,39,1787,1817,,https://github.com/tavor118/pj_python_interview_questions_and_answers/blob/02d57a7a9f34fd386eb8aa5c0094fe3f3c3ba141/docs/infrastructure/database.md#L1787-L1817
TV_INFRASTRUCTURE_DATABASE_40,infrastructure/database.md,40,1818,1856,,https://github.com/tavor118/pj_python_interview_questions_and_answers/blob/02d57a7a9f34fd386eb8aa5c0094fe3f3c3ba141/docs/infrastructure/database.md#L1818-L1856
TV_INFRASTRUCTURE_DATABASE_41,infrastructure/database.md,41,1857,1922,,https://github.com/tavor118/pj_python_interview_questions_and_answers/blob/02d57a7a9f34fd386eb8aa5c0094fe3f3c3ba141/docs/infrastructure/database.md#L1857-L1922
TV_INFRASTRUCTURE_DATABASE_42,infrastructure/database.md,42,1923,2026,,https://github.com/tavor118/pj_python_interview_questions_and_answers/blob/02d57a7a9f34fd386eb8aa5c0094fe3f3c3ba141/docs/infrastructure/database.md#L1923-L2026
TV_INFRASTRUCTURE_DATABASE_43,infrastructure/database.md,43,2027,2060,,https://github.com/tavor118/pj_python_interview_questions_and_answers/blob/02d57a7a9f34fd386eb8aa5c0094fe3f3c3ba141/docs/infrastructure/database.md#L2027-L2060
TV_INFRASTRUCTURE_DOCKER_01,infrastructure/docker.md,1,3,22,,https://github.com/tavor118/pj_python_interview_questions_and_answers/blob/02d57a7a9f34fd386eb8aa5c0094fe3f3c3ba141/docs/infrastructure/docker.md#L3-L22
TV_INFRASTRUCTURE_DOCKER_02,infrastructure/docker.md,2,23,50,19,https://github.com/tavor118/pj_python_interview_questions_and_answers/blob/02d57a7a9f34fd386eb8aa5c0094fe3f3c3ba141/docs/infrastructure/docker.md#L23-L50
TV_INFRASTRUCTURE_DOCKER_03,infrastructure/docker.md,3,51,73,27,https://github.com/tavor118/pj_python_interview_questions_and_answers/blob/02d57a7a9f34fd386eb8aa5c0094fe3f3c3ba141/docs/infrastructure/docker.md#L51-L73
TV_INFRASTRUCTURE_DOCKER_04,infrastructure/docker.md,4,74,105,16,https://github.com/tavor118/pj_python_interview_questions_and_answers/blob/02d57a7a9f34fd386eb8aa5c0094fe3f3c3ba141/docs/infrastructure/docker.md#L74-L105
TV_INFRASTRUCTURE_DOCKER_05,infrastructure/docker.md,5,106,148,,https://github.com/tavor118/pj_python_interview_questions_and_answers/blob/02d57a7a9f34fd386eb8aa5c0094fe3f3c3ba141/docs/infrastructure/docker.md#L106-L148
TV_INFRASTRUCTURE_DOCKER_06,infrastructure/docker.md,6,149,185,,https://github.com/tavor118/pj_python_interview_questions_and_answers/blob/02d57a7a9f34fd386eb8aa5c0094fe3f3c3ba141/docs/infrastructure/docker.md#L149-L185
TV_INFRASTRUCTURE_DOCKER_07,infrastructure/docker.md,7,186,215,11,https://github.com/tavor118/pj_python_interview_questions_and_answers/blob/02d57a7a9f34fd386eb8aa5c0094fe3f3c3ba141/docs/infrastructure/docker.md#L186-L215
TV_INFRASTRUCTURE_DOCKER_08,infrastructure/docker.md,8,216,224,,https://github.com/tavor118/pj_python_interview_questions_and_answers/blob/02d57a7a9f34fd386eb8aa5c0094fe3f3c3ba141/docs/infrastructure/docker.md#L216-L224
TV_INFRASTRUCTURE_DOCKER_09,infrastructure/docker.md,9,225,246,,https://github.com/tavor118/pj_python_interview_questions_and_answers/blob/02d57a7a9f34fd386eb8aa5c0094fe3f3c3ba141/docs/infrastructure/docker.md#L225-L246
TV_INFRASTRUCTURE_DOCKER_10,infrastructure/docker.md,10,247,281,13,https://github.com/tavor118/pj_python_interview_questions_and_answers/blob/02d57a7a9f34fd386eb8aa5c0094fe3f3c3ba141/docs/infrastructure/docker.md#L247-L281
TV_INFRASTRUCTURE_DOCKER_11,infrastructure/docker.md,11,282,308,,https://github.com/tavor118/pj_python_interview_questions_and_answers/blob/02d57a7a9f34fd386eb8aa5c0094fe3f3c3ba141/docs/infrastructure/docker.md#L282-L308
TV_INFRASTRUCTURE_DOCKER_12,infrastructure/docker.md,12,309,343,,https://github.com/tavor118/pj_python_interview_questions_and_answers/blob/02d57a7a9f34fd386eb8aa5c0094fe3f3c3ba141/docs/infrastructure/docker.md#L309-L343
TV_INFRASTRUCTURE_DOCKER_13,infrastructure/docker.md,13,344,364,,https://github.com/tavor118/pj_python_interview_questions_and_answers/blob/02d57a7a9f34fd386eb8aa5c0094fe3f3c3ba141/docs/infrastructure/docker.md#L344-L364
TV_INFRASTRUCTURE_DOCKER_14,infrastructure/docker.md,14,365,413,,https://github.com/tavor118/pj_python_interview_questions_and_answers/blob/02d57a7a9f34fd386eb8aa5c0094fe3f3c3ba141/docs/infrastructure/docker.md#L365-L413
TV_INFRASTRUCTURE_DOCKER_15,infrastructure/docker.md,15,414,420,,https://github.com/tavor118/pj_python_interview_questions_and_answers/blob/02d57a7a9f34fd386eb8aa5c0094fe3f3c3ba141/docs/infrastructure/docker.md#L414-L420
TV_INFRASTRUCTURE_DOCKER_16,infrastructure/docker.md,16,421,430,,https://github.com/tavor118/pj_python_interview_questions_and_answers/blob/02d57a7a9f34fd386eb8aa5c0094fe3f3c3ba141/docs/infrastructure/docker.md#L421-L430
TV_INFRASTRUCTURE_DOCKER_17,infrastructure/docker.md,17,431,442,,https://github.com/tavor118/pj_python_interview_questions_and_answers/blob/02d57a7a9f34fd386eb8aa5c0094fe3f3c3ba141/docs/infrastructure/docker.md#L431-L442
TV_INFRASTRUCTURE_DOCKER_18,infrastructure/docker.md,18,443,469,,https://github.com/tavor118/pj_python_interview_questions_and_answers/blob/02d57a7a9f34fd386eb8aa5c0094fe3f3c3ba141/docs/infrastructure/docker.md#L443-L469
TV_INFRASTRUCTURE_DOCKER_19,infrastructure/docker.md,19,470,516,14,https://github.com/tavor118/pj_python_interview_questions_and_answers/blob/02d57a7a9f34fd386eb8aa5c0094fe3f3c3ba141/docs/infrastructure/docker.md#L470-L516
TV_INFRASTRUCTURE_DOCKER_20,infrastructure/docker.md,20,517,529,,https://github.com/tavor118/pj_python_interview_questions_and_answers/blob/02d57a7a9f34fd386eb8aa5c0094fe3f3c3ba141/docs/infrastructure/docker.md#L517-L529
TV_INFRASTRUCTURE_KUBERNETES_01,infrastructure/kubernetes.md,1,3,20,16,https://github.com/tavor118/pj_python_interview_questions_and_answers/blob/02d57a7a9f34fd386eb8aa5c0094fe3f3c3ba141/docs/infrastructure/kubernetes.md#L3-L20
TV_INFRASTRUCTURE_KUBERNETES_02,infrastructure/kubernetes.md,2,21,208,16,https://github.com/tavor118/pj_python_interview_questions_and_answers/blob/02d57a7a9f34fd386eb8aa5c0094fe3f3c3ba141/docs/infrastructure/kubernetes.md#L21-L208
TV_INFRASTRUCTURE_MQ_01,infrastructure/mq.md,1,3,28,47,https://github.com/tavor118/pj_python_interview_questions_and_answers/blob/02d57a7a9f34fd386eb8aa5c0094fe3f3c3ba141/docs/infrastructure/mq.md#L3-L28
TV_INFRASTRUCTURE_MQ_02,infrastructure/mq.md,2,29,46,36,https://github.com/tavor118/pj_python_interview_questions_and_answers/blob/02d57a7a9f34fd386eb8aa5c0094fe3f3c3ba141/docs/infrastructure/mq.md#L29-L46
TV_INFRASTRUCTURE_MQ_03,infrastructure/mq.md,3,47,58,,https://github.com/tavor118/pj_python_interview_questions_and_answers/blob/02d57a7a9f34fd386eb8aa5c0094fe3f3c3ba141/docs/infrastructure/mq.md#L47-L58
TV_INFRASTRUCTURE_MQ_04,infrastructure/mq.md,4,59,66,20,https://github.com/tavor118/pj_python_interview_questions_and_answers/blob/02d57a7a9f34fd386eb8aa5c0094fe3f3c3ba141/docs/infrastructure/mq.md#L59-L66
TV_INFRASTRUCTURE_MQ_05,infrastructure/mq.md,5,67,80,13,https://github.com/tavor118/pj_python_interview_questions_and_answers/blob/02d57a7a9f34fd386eb8aa5c0094fe3f3c3ba141/docs/infrastructure/mq.md#L67-L80
TV_INFRASTRUCTURE_MQ_06,infrastructure/mq.md,6,81,115,,https://github.com/tavor118/pj_python_interview_questions_and_answers/blob/02d57a7a9f34fd386eb8aa5c0094fe3f3c3ba141/docs/infrastructure/mq.md#L81-L115
TV_INFRASTRUCTURE_MQ_07,infrastructure/mq.md,7,116,150,,https://github.com/tavor118/pj_python_interview_questions_and_answers/blob/02d57a7a9f34fd386eb8aa5c0094fe3f3c3ba141/docs/infrastructure/mq.md#L116-L150
TV_INFRASTRUCTURE_MQ_08,infrastructure/mq.md,8,151,249,,https://github.com/tavor118/pj_python_interview_questions_and_answers/blob/02d57a7a9f34fd386eb8aa5c0094fe3f3c3ba141/docs/infrastructure/mq.md#L151-L249
TV_INFRASTRUCTURE_MQ_09,infrastructure/mq.md,9,250,264,,https://github.com/tavor118/pj_python_interview_questions_and_answers/blob/02d57a7a9f34fd386eb8aa5c0094fe3f3c3ba141/docs/infrastructure/mq.md#L250-L264
TV_INFRASTRUCTURE_MQ_10,infrastructure/mq.md,10,265,287,,https://github.com/tavor118/pj_python_interview_questions_and_answers/blob/02d57a7a9f34fd386eb8aa5c0094fe3f3c3ba141/docs/infrastructure/mq.md#L265-L287
TV_INFRASTRUCTURE_MQ_11,infrastructure/mq.md,11,288,302,,https://github.com/tavor118/pj_python_interview_questions_and_answers/blob/02d57a7a9f34fd386eb8aa5c0094fe3f3c3ba141/docs/infrastructure/mq.md#L288-L302
TV_INFRASTRUCTURE_MQ_12,infrastructure/mq.md,12,303,323,,https://github.com/tavor118/pj_python_interview_questions_and_answers/blob/02d57a7a9f34fd386eb8aa5c0094fe3f3c3ba141/docs/infrastructure/mq.md#L303-L323
TV_INFRASTRUCTURE_MQ_13,infrastructure/mq.md,13,324,357,,https://github.com/tavor118/pj_python_interview_questions_and_answers/blob/02d57a7a9f34fd386eb8aa5c0094fe3f3c3ba141/docs/infrastructure/mq.md#L324-L357
TV_INFRASTRUCTURE_MQ_14,infrastructure/mq.md,14,358,411,30,https://github.com/tavor118/pj_python_interview_questions_and_answers/blob/02d57a7a9f34fd386eb8aa5c0094fe3f3c3ba141/docs/infrastructure/mq.md#L358-L411
TV_INFRASTRUCTURE_MQ_15,infrastructure/mq.md,15,412,434,14,https://github.com/tavor118/pj_python_interview_questions_and_answers/blob/02d57a7a9f34fd386eb8aa5c0094fe3f3c3ba141/docs/infrastructure/mq.md#L412-L434
TV_INFRASTRUCTURE_MQ_16,infrastructure/mq.md,16,435,468,13,https://github.com/tavor118/pj_python_interview_questions_and_answers/blob/02d57a7a9f34fd386eb8aa5c0094fe3f3c3ba141/docs/infrastructure/mq.md#L435-L468
TV_INFRASTRUCTURE_MQ_17,infrastructure/mq.md,17,469,584,,https://github.com/tavor118/pj_python_interview_questions_and_answers/blob/02d57a7a9f34fd386eb8aa5c0094fe3f3c3ba141/docs/infrastructure/mq.md#L469-L584
TV_INFRASTRUCTURE_SERVER_01,infrastructure/server.md,1,3,58,,https://github.com/tavor118/pj_python_interview_questions_and_answers/blob/02d57a7a9f34fd386eb8aa5c0094fe3f3c3ba141/docs/infrastructure/server.md#L3-L58
TV_INFRASTRUCTURE_SERVER_02,infrastructure/server.md,2,59,73,,https://github.com/tavor118/pj_python_interview_questions_and_answers/blob/02d57a7a9f34fd386eb8aa5c0094fe3f3c3ba141/docs/infrastructure/server.md#L59-L73
TV_INFRASTRUCTURE_SERVER_03,infrastructure/server.md,3,74,111,11,https://github.com/tavor118/pj_python_interview_questions_and_answers/blob/02d57a7a9f34fd386eb8aa5c0094fe3f3c3ba141/docs/infrastructure/server.md#L74-L111
TV_INFRASTRUCTURE_SERVER_04,infrastructure/server.md,4,112,134,13,https://github.com/tavor118/pj_python_interview_questions_and_answers/blob/02d57a7a9f34fd386eb8aa5c0094fe3f3c3ba141/docs/infrastructure/server.md#L112-L134
TV_INFRASTRUCTURE_SERVER_05,infrastructure/server.md,5,135,172,,https://github.com/tavor118/pj_python_interview_questions_and_answers/blob/02d57a7a9f34fd386eb8aa5c0094fe3f3c3ba141/docs/infrastructure/server.md#L135-L172
TV_INFRASTRUCTURE_SERVER_06,infrastructure/server.md,6,173,210,,https://github.com/tavor118/pj_python_interview_questions_and_answers/blob/02d57a7a9f34fd386eb8aa5c0094fe3f3c3ba141/docs/infrastructure/server.md#L173-L210
TV_INFRASTRUCTURE_SERVER_07,infrastructure/server.md,7,211,241,,https://github.com/tavor118/pj_python_interview_questions_and_answers/blob/02d57a7a9f34fd386eb8aa5c0094fe3f3c3ba141/docs/infrastructure/server.md#L211-L241
TV_INFRASTRUCTURE_SQL_01,infrastructure/sql.md,1,3,23,,https://github.com/tavor118/pj_python_interview_questions_and_answers/blob/02d57a7a9f34fd386eb8aa5c0094fe3f3c3ba141/docs/infrastructure/sql.md#L3-L23
TV_INFRASTRUCTURE_SQL_02,infrastructure/sql.md,2,24,64,,https://github.com/tavor118/pj_python_interview_questions_and_answers/blob/02d57a7a9f34fd386eb8aa5c0094fe3f3c3ba141/docs/infrastructure/sql.md#L24-L64
TV_INFRASTRUCTURE_SQL_03,infrastructure/sql.md,3,65,85,14,https://github.com/tavor118/pj_python_interview_questions_and_answers/blob/02d57a7a9f34fd386eb8aa5c0094fe3f3c3ba141/docs/infrastructure/sql.md#L65-L85
TV_INFRASTRUCTURE_SQL_04,infrastructure/sql.md,4,86,153,,https://github.com/tavor118/pj_python_interview_questions_and_answers/blob/02d57a7a9f34fd386eb8aa5c0094fe3f3c3ba141/docs/infrastructure/sql.md#L86-L153
TV_INFRASTRUCTURE_SQL_05,infrastructure/sql.md,5,154,245,44,https://github.com/tavor118/pj_python_interview_questions_and_answers/blob/02d57a7a9f34fd386eb8aa5c0094fe3f3c3ba141/docs/infrastructure/sql.md#L154-L245
TV_INFRASTRUCTURE_SQL_06,infrastructure/sql.md,6,246,365,12,https://github.com/tavor118/pj_python_interview_questions_and_answers/blob/02d57a7a9f34fd386eb8aa5c0094fe3f3c3ba141/docs/infrastructure/sql.md#L246-L365
TV_INFRASTRUCTURE_SQL_07,infrastructure/sql.md,7,366,444,16,https://github.com/tavor118/pj_python_interview_questions_and_answers/blob/02d57a7a9f34fd386eb8aa5c0094fe3f3c3ba141/docs/infrastructure/sql.md#L366-L444
TV_INFRASTRUCTURE_SQL_08,infrastructure/sql.md,8,445,461,12,https://github.com/tavor118/pj_python_interview_questions_and_answers/blob/02d57a7a9f34fd386eb8aa5c0094fe3f3c3ba141/docs/infrastructure/sql.md#L445-L461
TV_INFRASTRUCTURE_SQL_09,infrastructure/sql.md,9,462,494,,https://github.com/tavor118/pj_python_interview_questions_and_answers/blob/02d57a7a9f34fd386eb8aa5c0094fe3f3c3ba141/docs/infrastructure/sql.md#L462-L494
TV_INFRASTRUCTURE_SQL_10,infrastructure/sql.md,10,495,546,,https://github.com/tavor118/pj_python_interview_questions_and_answers/blob/02d57a7a9f34fd386eb8aa5c0094fe3f3c3ba141/docs/infrastructure/sql.md#L495-L546
TV_INFRASTRUCTURE_SQL_11,infrastructure/sql.md,11,547,576,,https://github.com/tavor118/pj_python_interview_questions_and_answers/blob/02d57a7a9f34fd386eb8aa5c0094fe3f3c3ba141/docs/infrastructure/sql.md#L547-L576
TV_INFRASTRUCTURE_SQL_12,infrastructure/sql.md,12,577,665,,https://github.com/tavor118/pj_python_interview_questions_and_answers/blob/02d57a7a9f34fd386eb8aa5c0094fe3f3c3ba141/docs/infrastructure/sql.md#L577-L665
TV_INFRASTRUCTURE_SQL_13,infrastructure/sql.md,13,666,732,27,https://github.com/tavor118/pj_python_interview_questions_and_answers/blob/02d57a7a9f34fd386eb8aa5c0094fe3f3c3ba141/docs/infrastructure/sql.md#L666-L732
TV_INFRASTRUCTURE_SQL_14,infrastructure/sql.md,14,733,786,,https://github.com/tavor118/pj_python_interview_questions_and_answers/blob/02d57a7a9f34fd386eb8aa5c0094fe3f3c3ba141/docs/infrastructure/sql.md#L733-L786
TV_INFRASTRUCTURE_SQL_15,infrastructure/sql.md,15,787,852,,https://github.com/tavor118/pj_python_interview_questions_and_answers/blob/02d57a7a9f34fd386eb8aa5c0094fe3f3c3ba141/docs/infrastructure/sql.md#L787-L852
TV_INFRASTRUCTURE_SQL_16,infrastructure/sql.md,16,853,893,12,https://github.com/tavor118/pj_python_interview_questions_and_answers/blob/02d57a7a9f34fd386eb8aa5c0094fe3f3c3ba141/docs/infrastructure/sql.md#L853-L893
TV_INFRASTRUCTURE_SQL_17,infrastructure/sql.md,17,894,942,10,https://github.com/tavor118/pj_python_interview_questions_and_answers/blob/02d57a7a9f34fd386eb8aa5c0094fe3f3c3ba141/docs/infrastructure/sql.md#L894-L942
TV_INFRASTRUCTURE_SQL_18,infrastructure/sql.md,18,943,974,37,https://github.com/tavor118/pj_python_interview_questions_and_answers/blob/02d57a7a9f34fd386eb8aa5c0094fe3f3c3ba141/docs/infrastructure/sql.md#L943-L974
TV_INFRASTRUCTURE_SQL_19,infrastructure/sql.md,19,975,1104,,https://github.com/tavor118/pj_python_interview_questions_and_answers/blob/02d57a7a9f34fd386eb8aa5c0094fe3f3c3ba141/docs/infrastructure/sql.md#L975-L1104
TV_INFRASTRUCTURE_SQL_20,infrastructure/sql.md,20,1105,1206,,https://github.com/tavor118/pj_python_interview_questions_and_answers/blob/02d57a7a9f34fd386eb8aa5c0094fe3f3c3ba141/docs/infrastructure/sql.md#L1105-L1206
TV_INFRASTRUCTURE_SQL_21,infrastructure/sql.md,21,1207,1250,,https://github.com/tavor118/pj_python_interview_questions_and_answers/blob/02d57a7a9f34fd386eb8aa5c0094fe3f3c3ba141/docs/infrastructure/sql.md#L1207-L1250
TV_PYTHON_ASYNC_01,python/async.md,1,3,16,21,https://github.com/tavor118/pj_python_interview_questions_and_answers/blob/02d57a7a9f34fd386eb8aa5c0094fe3f3c3ba141/docs/python/async.md#L3-L16
TV_PYTHON_ASYNC_02,python/async.md,2,17,43,25,https://github.com/tavor118/pj_python_interview_questions_and_answers/blob/02d57a7a9f34fd386eb8aa5c0094fe3f3c3ba141/docs/python/async.md#L17-L43
TV_PYTHON_ASYNC_03,python/async.md,3,44,62,16,https://github.com/tavor118/pj_python_interview_questions_and_answers/blob/02d57a7a9f34fd386eb8aa5c0094fe3f3c3ba141/docs/python/async.md#L44-L62
TV_PYTHON_ASYNC_04,python/async.md,4,63,134,47,https://github.com/tavor118/pj_python_interview_questions_and_answers/blob/02d57a7a9f34fd386eb8aa5c0094fe3f3c3ba141/docs/python/async.md#L63-L134
TV_PYTHON_ASYNC_05,python/async.md,5,135,203,39,https://github.com/tavor118/pj_python_interview_questions_and_answers/blob/02d57a7a9f34fd386eb8aa5c0094fe3f3c3ba141/docs/python/async.md#L135-L203
TV_PYTHON_ASYNC_06,python/async.md,6,204,259,60,https://github.com/tavor118/pj_python_interview_questions_and_answers/blob/02d57a7a9f34fd386eb8aa5c0094fe3f3c3ba141/docs/python/async.md#L204-L259
TV_PYTHON_ASYNC_07,python/async.md,7,260,336,11,https://github.com/tavor118/pj_python_interview_questions_and_answers/blob/02d57a7a9f34fd386eb8aa5c0094fe3f3c3ba141/docs/python/async.md#L260-L336
TV_PYTHON_ASYNC_08,python/async.md,8,337,505,,https://github.com/tavor118/pj_python_interview_questions_and_answers/blob/02d57a7a9f34fd386eb8aa5c0094fe3f3c3ba141/docs/python/async.md#L337-L505
TV_PYTHON_ASYNC_09,python/async.md,9,506,589,,https://github.com/tavor118/pj_python_interview_questions_and_answers/blob/02d57a7a9f34fd386eb8aa5c0094fe3f3c3ba141/docs/python/async.md#L506-L589
TV_PYTHON_ASYNC_10,python/async.md,10,590,652,,https://github.com/tavor118/pj_python_interview_questions_and_answers/blob/02d57a7a9f34fd386eb8aa5c0094fe3f3c3ba141/docs/python/async.md#L590-L652
TV_PYTHON_ASYNC_11,python/async.md,11,653,664,,https://github.com/tavor118/pj_python_interview_questions_and_answers/blob/02d57a7a9f34fd386eb8aa5c0094fe3f3c3ba141/docs/python/async.md#L653-L664
TV_PYTHON_ASYNC_12,python/async.md,12,665,745,11,https://github.com/tavor118/pj_python_interview_questions_and_answers/blob/02d57a7a9f34fd386eb8aa5c0094fe3f3c3ba141/docs/python/async.md#L665-L745
TV_PYTHON_ASYNC_13,python/async.md,13,746,791,,https://github.com/tavor118/pj_python_interview_questions_and_answers/blob/02d57a7a9f34fd386eb8aa5c0094fe3f3c3ba141/docs/python/async.md#L746-L791
TV_PYTHON_ASYNC_14,python/async.md,14,792,832,,https://github.com/tavor118/pj_python_interview_questions_and_answers/blob/02d57a7a9f34fd386eb8aa5c0094fe3f3c3ba141/docs/python/async.md#L792-L832
TV_PYTHON_ASYNC_15,python/async.md,15,833,937,,https://github.com/tavor118/pj_python_interview_questions_and_answers/blob/02d57a7a9f34fd386eb8aa5c0094fe3f3c3ba141/docs/python/async.md#L833-L937
TV_PYTHON_ASYNC_16,python/async.md,16,938,1042,12,https://github.com/tavor118/pj_python_interview_questions_and_answers/blob/02d57a7a9f34fd386eb8aa5c0094fe3f3c3ba141/docs/python/async.md#L938-L1042
TV_PYTHON_ASYNC_17,python/async.md,17,1043,1140,,https://github.com/tavor118/pj_python_interview_questions_and_answers/blob/02d57a7a9f34fd386eb8aa5c0094fe3f3c3ba141/docs/python/async.md#L1043-L1140
TV_PYTHON_ASYNC_18,python/async.md,18,1141,1186,,https://github.com/tavor118/pj_python_interview_questions_and_answers/blob/02d57a7a9f34fd386eb8aa5c0094fe3f3c3ba141/docs/python/async.md#L1141-L1186
TV_PYTHON_ASYNC_19,python/async.md,19,1187,1221,,https://github.com/tavor118/pj_python_interview_questions_and_answers/blob/02d57a7a9f34fd386eb8aa5c0094fe3f3c3ba141/docs/python/async.md#L1187-L1221
TV_PYTHON_ASYNC_20,python/async.md,20,1222,1247,,https://github.com/tavor118/pj_python_interview_questions_and_answers/blob/02d57a7a9f34fd386eb8aa5c0094fe3f3c3ba141/docs/python/async.md#L1222-L1247
TV_PYTHON_ASYNC_21,python/async.md,21,1248,1289,,https://github.com/tavor118/pj_python_interview_questions_and_answers/blob/02d57a7a9f34fd386eb8aa5c0094fe3f3c3ba141/docs/python/async.md#L1248-L1289
TV_PYTHON_ASYNC_22,python/async.md,22,1290,1304,,https://github.com/tavor118/pj_python_interview_questions_and_answers/blob/02d57a7a9f34fd386eb8aa5c0094fe3f3c3ba141/docs/python/async.md#L1290-L1304
TV_PYTHON_ASYNC_23,python/async.md,23,1305,1325,24,https://github.com/tavor118/pj_python_interview_questions_and_answers/blob/02d57a7a9f34fd386eb8aa5c0094fe3f3c3ba141/docs/python/async.md#L1305-L1325
TV_PYTHON_ASYNC_24,python/async.md,24,1326,1379,,https://github.com/tavor118/pj_python_interview_questions_and_answers/blob/02d57a7a9f34fd386eb8aa5c0094fe3f3c3ba141/docs/python/async.md#L1326-L1379
TV_PYTHON_ASYNC_25,python/async.md,25,1380,1415,,https://github.com/tavor118/pj_python_interview_questions_and_answers/blob/02d57a7a9f34fd386eb8aa5c0094fe3f3c3ba141/docs/python/async.md#L1380-L1415
TV_PYTHON_ASYNC_26,python/async.md,26,1416,1442,,https://github.com/tavor118/pj_python_interview_questions_and_answers/blob/02d57a7a9f34fd386eb8aa5c0094fe3f3c3ba141/docs/python/async.md#L1416-L1442
TV_PYTHON_ASYNC_27,python/async.md,27,1443,1542,,https://github.com/tavor118/pj_python_interview_questions_and_answers/blob/02d57a7a9f34fd386eb8aa5c0094fe3f3c3ba141/docs/python/async.md#L1443-L1542
TV_PYTHON_CLASS_AND_OBJECT_01,python/class_and_object.md,1,3,15,21,https://github.com/tavor118/pj_python_interview_questions_and_answers/blob/02d57a7a9f34fd386eb8aa5c0094fe3f3c3ba141/docs/python/class_and_object.md#L3-L15
TV_PYTHON_CLASS_AND_OBJECT_02,python/class_and_object.md,2,16,60,,https://github.com/tavor118/pj_python_interview_questions_and_answers/blob/02d57a7a9f34fd386eb8aa5c0094fe3f3c3ba141/docs/python/class_and_object.md#L16-L60
TV_PYTHON_CLASS_AND_OBJECT_03,python/class_and_object.md,3,61,77,24,https://github.com/tavor118/pj_python_interview_questions_and_answers/blob/02d57a7a9f34fd386eb8aa5c0094fe3f3c3ba141/docs/python/class_and_object.md#L61-L77
TV_PYTHON_CLASS_AND_OBJECT_04,python/class_and_object.md,4,78,98,,https://github.com/tavor118/pj_python_interview_questions_and_answers/blob/02d57a7a9f34fd386eb8aa5c0094fe3f3c3ba141/docs/python/class_and_object.md#L78-L98
TV_PYTHON_CLASS_AND_OBJECT_05,python/class_and_object.md,5,99,119,,https://github.com/tavor118/pj_python_interview_questions_and_answers/blob/02d57a7a9f34fd386eb8aa5c0094fe3f3c3ba141/docs/python/class_and_object.md#L99-L119
TV_PYTHON_CLASS_AND_OBJECT_06,python/class_and_object.md,6,120,139,11,https://github.com/tavor118/pj_python_interview_questions_and_answers/blob/02d57a7a9f34fd386eb8aa5c0094fe3f3c3ba141/docs/python/class_and_object.md#L120-L139
TV_PYTHON_CLASS_AND_OBJECT_07,python/class_and_object.md,7,140,165,,https://github.com/tavor118/pj_python_interview_questions_and_answers/blob/02d57a7a9f34fd386eb8aa5c0094fe3f3c3ba141/docs/python/class_and_object.md#L140-L165
TV_PYTHON_CLASS_AND_OBJECT_08,python/class_and_object.md,8,166,201,60,https://github.com/tavor118/pj_python_interview_questions_and_answers/blob/02d57a7a9f34fd386eb8aa5c0094fe3f3c3ba141/docs/python/class_and_object.md#L166-L201
TV_PYTHON_CLASS_AND_OBJECT_09,python/class_and_object.md,9,202,210,15,https://github.com/tavor118/pj_python_interview_questions_and_answers/blob/02d57a7a9f34fd386eb8aa5c0094fe3f3c3ba141/docs/python/class_and_object.md#L202-L210
TV_PYTHON_CLASS_AND_OBJECT_10,python/class_and_object.md,10,211,258,33,https://github.com/tavor118/pj_python_interview_questions_and_answers/blob/02d57a7a9f34fd386eb8aa5c0094fe3f3c3ba141/docs/python/class_and_object.md#L211-L258
TV_PYTHON_CLASS_AND_OBJECT_11,python/class_and_object.md,11,259,301,,https://github.com/tavor118/pj_python_interview_questions_and_answers/blob/02d57a7a9f34fd386eb8aa5c0094fe3f3c3ba141/docs/python/class_and_object.md#L259-L301
TV_PYTHON_CLASS_AND_OBJECT_12,python/class_and_object.md,12,302,321,,https://github.com/tavor118/pj_python_interview_questions_and_answers/blob/02d57a7a9f34fd386eb8aa5c0094fe3f3c3ba141/docs/python/class_and_object.md#L302-L321
TV_PYTHON_CLASS_AND_OBJECT_13,python/class_and_object.md,13,322,347,18,https://github.com/tavor118/pj_python_interview_questions_and_answers/blob/02d57a7a9f34fd386eb8aa5c0094fe3f3c3ba141/docs/python/class_and_object.md#L322-L347
TV_PYTHON_CLASS_AND_OBJECT_14,python/class_and_object.md,14,348,354,37,https://github.com/tavor118/pj_python_interview_questions_and_answers/blob/02d57a7a9f34fd386eb8aa5c0094fe3f3c3ba141/docs/python/class_and_object.md#L348-L354
TV_PYTHON_CLASS_AND_OBJECT_15,python/class_and_object.md,15,355,412,50,https://github.com/tavor118/pj_python_interview_questions_and_answers/blob/02d57a7a9f34fd386eb8aa5c0094fe3f3c3ba141/docs/python/class_and_object.md#L355-L412
TV_PYTHON_CLASS_AND_OBJECT_16,python/class_and_object.md,16,413,435,17,https://github.com/tavor118/pj_python_interview_questions_and_answers/blob/02d57a7a9f34fd386eb8aa5c0094fe3f3c3ba141/docs/python/class_and_object.md#L413-L435
TV_PYTHON_CLASS_AND_OBJECT_17,python/class_and_object.md,17,436,480,14,https://github.com/tavor118/pj_python_interview_questions_and_answers/blob/02d57a7a9f34fd386eb8aa5c0094fe3f3c3ba141/docs/python/class_and_object.md#L436-L480
TV_PYTHON_CLASS_AND_OBJECT_18,python/class_and_object.md,18,481,532,15,https://github.com/tavor118/pj_python_interview_questions_and_answers/blob/02d57a7a9f34fd386eb8aa5c0094fe3f3c3ba141/docs/python/class_and_object.md#L481-L532
TV_PYTHON_CLASS_AND_OBJECT_19,python/class_and_object.md,19,533,539,,https://github.com/tavor118/pj_python_interview_questions_and_answers/blob/02d57a7a9f34fd386eb8aa5c0094fe3f3c3ba141/docs/python/class_and_object.md#L533-L539
TV_PYTHON_CLASS_AND_OBJECT_20,python/class_and_object.md,20,540,585,29,https://github.com/tavor118/pj_python_interview_questions_and_answers/blob/02d57a7a9f34fd386eb8aa5c0094fe3f3c3ba141/docs/python/class_and_object.md#L540-L585
TV_PYTHON_CLASS_AND_OBJECT_21,python/class_and_object.md,21,586,713,11,https://github.com/tavor118/pj_python_interview_questions_and_answers/blob/02d57a7a9f34fd386eb8aa5c0094fe3f3c3ba141/docs/python/class_and_object.md#L586-L713
TV_PYTHON_CLASS_AND_OBJECT_22,python/class_and_object.md,22,714,769,21,https://github.com/tavor118/pj_python_interview_questions_and_answers/blob/02d57a7a9f34fd386eb8aa5c0094fe3f3c3ba141/docs/python/class_and_object.md#L714-L769
TV_PYTHON_CLASS_AND_OBJECT_23,python/class_and_object.md,23,770,790,17,https://github.com/tavor118/pj_python_interview_questions_and_answers/blob/02d57a7a9f34fd386eb8aa5c0094fe3f3c3ba141/docs/python/class_and_object.md#L770-L790
TV_PYTHON_CLASS_AND_OBJECT_24,python/class_and_object.md,24,791,818,10,https://github.com/tavor118/pj_python_interview_questions_and_answers/blob/02d57a7a9f34fd386eb8aa5c0094fe3f3c3ba141/docs/python/class_and_object.md#L791-L818
TV_PYTHON_CLASS_AND_OBJECT_25,python/class_and_object.md,25,819,839,,https://github.com/tavor118/pj_python_interview_questions_and_answers/blob/02d57a7a9f34fd386eb8aa5c0094fe3f3c3ba141/docs/python/class_and_object.md#L819-L839
TV_PYTHON_CLASS_AND_OBJECT_26,python/class_and_object.md,26,840,940,34,https://github.com/tavor118/pj_python_interview_questions_and_answers/blob/02d57a7a9f34fd386eb8aa5c0094fe3f3c3ba141/docs/python/class_and_object.md#L840-L940
TV_PYTHON_CLASS_AND_OBJECT_27,python/class_and_object.md,27,941,960,,https://github.com/tavor118/pj_python_interview_questions_and_answers/blob/02d57a7a9f34fd386eb8aa5c0094fe3f3c3ba141/docs/python/class_and_object.md#L941-L960
TV_PYTHON_CLASS_AND_OBJECT_28,python/class_and_object.md,28,961,1046,29,https://github.com/tavor118/pj_python_interview_questions_and_answers/blob/02d57a7a9f34fd386eb8aa5c0094fe3f3c3ba141/docs/python/class_and_object.md#L961-L1046
TV_PYTHON_CLASS_AND_OBJECT_29,python/class_and_object.md,29,1047,1124,22,https://github.com/tavor118/pj_python_interview_questions_and_answers/blob/02d57a7a9f34fd386eb8aa5c0094fe3f3c3ba141/docs/python/class_and_object.md#L1047-L1124
TV_PYTHON_CLASS_AND_OBJECT_30,python/class_and_object.md,30,1125,1158,33,https://github.com/tavor118/pj_python_interview_questions_and_answers/blob/02d57a7a9f34fd386eb8aa5c0094fe3f3c3ba141/docs/python/class_and_object.md#L1125-L1158
TV_PYTHON_CLASS_AND_OBJECT_31,python/class_and_object.md,31,1159,1205,,https://github.com/tavor118/pj_python_interview_questions_and_answers/blob/02d57a7a9f34fd386eb8aa5c0094fe3f3c3ba141/docs/python/class_and_object.md#L1159-L1205
TV_PYTHON_CLASS_AND_OBJECT_32,python/class_and_object.md,32,1206,1292,,https://github.com/tavor118/pj_python_interview_questions_and_answers/blob/02d57a7a9f34fd386eb8aa5c0094fe3f3c3ba141/docs/python/class_and_object.md#L1206-L1292
TV_PYTHON_CODING_01,python/coding.md,1,3,20,10,https://github.com/tavor118/pj_python_interview_questions_and_answers/blob/02d57a7a9f34fd386eb8aa5c0094fe3f3c3ba141/docs/python/coding.md#L3-L20
TV_PYTHON_CODING_02,python/coding.md,2,21,44,,https://github.com/tavor118/pj_python_interview_questions_and_answers/blob/02d57a7a9f34fd386eb8aa5c0094fe3f3c3ba141/docs/python/coding.md#L21-L44
TV_PYTHON_CODING_03,python/coding.md,3,45,82,,https://github.com/tavor118/pj_python_interview_questions_and_answers/blob/02d57a7a9f34fd386eb8aa5c0094fe3f3c3ba141/docs/python/coding.md#L45-L82
TV_PYTHON_CODING_04,python/coding.md,4,83,104,,https://github.com/tavor118/pj_python_interview_questions_and_answers/blob/02d57a7a9f34fd386eb8aa5c0094fe3f3c3ba141/docs/python/coding.md#L83-L104
TV_PYTHON_CODING_05,python/coding.md,5,105,114,,https://github.com/tavor118/pj_python_interview_questions_and_answers/blob/02d57a7a9f34fd386eb8aa5c0094fe3f3c3ba141/docs/python/coding.md#L105-L114
TV_PYTHON_CODING_06,python/coding.md,6,115,131,,https://github.com/tavor118/pj_python_interview_questions_and_answers/blob/02d57a7a9f34fd386eb8aa5c0094fe3f3c3ba141/docs/python/coding.md#L115-L131
TV_PYTHON_CODING_07,python/coding.md,7,132,147,,https://github.com/tavor118/pj_python_interview_questions_and_answers/blob/02d57a7a9f34fd386eb8aa5c0094fe3f3c3ba141/docs/python/coding.md#L132-L147
TV_PYTHON_CODING_08,python/coding.md,8,148,197,,https://github.com/tavor118/pj_python_interview_questions_and_answers/blob/02d57a7a9f34fd386eb8aa5c0094fe3f3c3ba141/docs/python/coding.md#L148-L197
TV_PYTHON_CODING_09,python/coding.md,9,198,221,,https://github.com/tavor118/pj_python_interview_questions_and_answers/blob/02d57a7a9f34fd386eb8aa5c0094fe3f3c3ba141/docs/python/coding.md#L198-L221
TV_PYTHON_CODING_10,python/coding.md,10,222,254,,https://github.com/tavor118/pj_python_interview_questions_and_answers/blob/02d57a7a9f34fd386eb8aa5c0094fe3f3c3ba141/docs/python/coding.md#L222-L254
TV_PYTHON_CODING_11,python/coding.md,11,255,274,,https://github.com/tavor118/pj_python_interview_questions_and_answers/blob/02d57a7a9f34fd386eb8aa5c0094fe3f3c3ba141/docs/python/coding.md#L255-L274
TV_PYTHON_CODING_12,python/coding.md,12,275,293,,https://github.com/tavor118/pj_python_interview_questions_and_answers/blob/02d57a7a9f34fd386eb8aa5c0094fe3f3c3ba141/docs/python/coding.md#L275-L293
TV_PYTHON_CODING_13,python/coding.md,13,294,341,,https://github.com/tavor118/pj_python_interview_questions_and_answers/blob/02d57a7a9f34fd386eb8aa5c0094fe3f3c3ba141/docs/python/coding.md#L294-L341
TV_PYTHON_CODING_14,python/coding.md,14,342,367,24,https://github.com/tavor118/pj_python_interview_questions_and_answers/blob/02d57a7a9f34fd386eb8aa5c0094fe3f3c3ba141/docs/python/coding.md#L342-L367
TV_PYTHON_CODING_15,python/coding.md,15,368,390,,https://github.com/tavor118/pj_python_interview_questions_and_answers/blob/02d57a7a9f34fd386eb8aa5c0094fe3f3c3ba141/docs/python/coding.md#L368-L390
TV_PYTHON_CODING_16,python/coding.md,16,391,421,,https://github.com/tavor118/pj_python_interview_questions_and_answers/blob/02d57a7a9f34fd386eb8aa5c0094fe3f3c3ba141/docs/python/coding.md#L391-L421
TV_PYTHON_CODING_17,python/coding.md,17,422,452,,https://github.com/tavor118/pj_python_interview_questions_and_answers/blob/02d57a7a9f34fd386eb8aa5c0094fe3f3c3ba141/docs/python/coding.md#L422-L452
TV_PYTHON_CODING_18,python/coding.md,18,453,511,,https://github.com/tavor118/pj_python_interview_questions_and_answers/blob/02d57a7a9f34fd386eb8aa5c0094fe3f3c3ba141/docs/python/coding.md#L453-L511
TV_PYTHON_CODING_19,python/coding.md,19,512,584,,https://github.com/tavor118/pj_python_interview_questions_and_answers/blob/02d57a7a9f34fd386eb8aa5c0094fe3f3c3ba141/docs/python/coding.md#L512-L584
TV_PYTHON_CODING_20,python/coding.md,20,585,632,,https://github.com/tavor118/pj_python_interview_questions_and_answers/blob/02d57a7a9f34fd386eb8aa5c0094fe3f3c3ba141/docs/python/coding.md#L585-L632
TV_PYTHON_CODING_21,python/coding.md,21,633,683,,https://github.com/tavor118/pj_python_interview_questions_and_answers/blob/02d57a7a9f34fd386eb8aa5c0094fe3f3c3ba141/docs/python/coding.md#L633-L683
TV_PYTHON_CODING_22,python/coding.md,22,684,725,,https://github.com/tavor118/pj_python_interview_questions_and_answers/blob/02d57a7a9f34fd386eb8aa5c0094fe3f3c3ba141/docs/python/coding.md#L684-L725
TV_PYTHON_CODING_23,python/coding.md,23,726,760,,https://github.com/tavor118/pj_python_interview_questions_and_answers/blob/02d57a7a9f34fd386eb8aa5c0094fe3f3c3ba141/docs/python/coding.md#L726-L760
TV_PYTHON_CODING_24,python/coding.md,24,761,799,,https://github.com/tavor118/pj_python_interview_questions_and_answers/blob/02d57a7a9f34fd386eb8aa5c0094fe3f3c3ba141/docs/python/coding.md#L761-L799
TV_PYTHON_CODING_25,python/coding.md,25,800,827,,https://github.com/tavor118/pj_python_interview_questions_and_answers/blob/02d57a7a9f34fd386eb8aa5c0094fe3f3c3ba141/docs/python/coding.md#L800-L827
TV_PYTHON_CODING_26,python/coding.md,26,828,849,,https://github.com/tavor118/pj_python_interview_questions_and_answers/blob/02d57a7a9f34fd386eb8aa5c0094fe3f3c3ba141/docs/python/coding.md#L828-L849
TV_PYTHON_CODING_27,python/coding.md,27,850,880,,https://github.com/tavor118/pj_python_interview_questions_and_answers/blob/02d57a7a9f34fd386eb8aa5c0094fe3f3c3ba141/docs/python/coding.md#L850-L880
TV_PYTHON_DATA_TYPES_01,python/data_types.md,1,3,47,34,https://github.com/tavor118/pj_python_interview_questions_and_answers/blob/02d57a7a9f34fd386eb8aa5c0094fe3f3c3ba141/docs/python/data_types.md#L3-L47
TV_PYTHON_DATA_TYPES_02,python/data_types.md,2,48,93,73,https://github.com/tavor118/pj_python_interview_questions_and_answers/blob/02d57a7a9f34fd386eb8aa5c0094fe3f3c3ba141/docs/python/data_types.md#L48-L93
TV_PYTHON_DATA_TYPES_03,python/data_types.md,3,94,133,,https://github.com/tavor118/pj_python_interview_questions_and_answers/blob/02d57a7a9f34fd386eb8aa5c0094fe3f3c3ba141/docs/python/data_types.md#L94-L133
TV_PYTHON_DATA_TYPES_04,python/data_types.md,4,134,150,,https://github.com/tavor118/pj_python_interview_questions_and_answers/blob/02d57a7a9f34fd386eb8aa5c0094fe3f3c3ba141/docs/python/data_types.md#L134-L150
TV_PYTHON_DATA_TYPES_05,python/data_types.md,5,151,166,10,https://github.com/tavor118/pj_python_interview_questions_and_answers/blob/02d57a7a9f34fd386eb8aa5c0094fe3f3c3ba141/docs/python/data_types.md#L151-L166
TV_PYTHON_DATA_TYPES_06,python/data_types.md,6,167,268,,https://github.com/tavor118/pj_python_interview_questions_and_answers/blob/02d57a7a9f34fd386eb8aa5c0094fe3f3c3ba141/docs/python/data_types.md#L167-L268
TV_PYTHON_DATA_TYPES_07,python/data_types.md,7,269,313,,https://github.com/tavor118/pj_python_interview_questions_and_answers/blob/02d57a7a9f34fd386eb8aa5c0094fe3f3c3ba141/docs/python/data_types.md#L269-L313
TV_PYTHON_DATA_TYPES_08,python/data_types.md,8,314,400,,https://github.com/tavor118/pj_python_interview_questions_and_answers/blob/02d57a7a9f34fd386eb8aa5c0094fe3f3c3ba141/docs/python/data_types.md#L314-L400
TV_PYTHON_DATA_TYPES_09,python/data_types.md,9,401,443,,https://github.com/tavor118/pj_python_interview_questions_and_answers/blob/02d57a7a9f34fd386eb8aa5c0094fe3f3c3ba141/docs/python/data_types.md#L401-L443
TV_PYTHON_DATA_TYPES_10,python/data_types.md,10,444,497,,https://github.com/tavor118/pj_python_interview_questions_and_answers/blob/02d57a7a9f34fd386eb8aa5c0094fe3f3c3ba141/docs/python/data_types.md#L444-L497
TV_PYTHON_DATA_TYPES_11,python/data_types.md,11,498,586,,https://github.com/tavor118/pj_python_interview_questions_and_answers/blob/02d57a7a9f34fd386eb8aa5c0094fe3f3c3ba141/docs/python/data_types.md#L498-L586
TV_PYTHON_DATA_TYPES_12,python/data_types.md,12,587,609,13,https://github.com/tavor118/pj_python_interview_questions_and_answers/blob/02d57a7a9f34fd386eb8aa5c0094fe3f3c3ba141/docs/python/data_types.md#L587-L609
TV_PYTHON_DATA_TYPES_13,python/data_types.md,13,610,648,30,https://github.com/tavor118/pj_python_interview_questions_and_answers/blob/02d57a7a9f34fd386eb8aa5c0094fe3f3c3ba141/docs/python/data_types.md#L610-L648
TV_PYTHON_DATA_TYPES_14,python/data_types.md,14,649,688,,https://github.com/tavor118/pj_python_interview_questions_and_answers/blob/02d57a7a9f34fd386eb8aa5c0094fe3f3c3ba141/docs/python/data_types.md#L649-L688
TV_PYTHON_DATA_TYPES_15,python/data_types.md,15,689,828,,https://github.com/tavor118/pj_python_interview_questions_and_answers/blob/02d57a7a9f34fd386eb8aa5c0094fe3f3c3ba141/docs/python/data_types.md#L689-L828
TV_PYTHON_DATA_TYPES_16,python/data_types.md,16,829,868,,https://github.com/tavor118/pj_python_interview_questions_and_answers/blob/02d57a7a9f34fd386eb8aa5c0094fe3f3c3ba141/docs/python/data_types.md#L829-L868
TV_PYTHON_DATA_TYPES_17,python/data_types.md,17,869,902,,https://github.com/tavor118/pj_python_interview_questions_and_answers/blob/02d57a7a9f34fd386eb8aa5c0094fe3f3c3ba141/docs/python/data_types.md#L869-L902
TV_PYTHON_DECORATORS_01,python/decorators.md,1,3,79,76,https://github.com/tavor118/pj_python_interview_questions_and_answers/blob/02d57a7a9f34fd386eb8aa5c0094fe3f3c3ba141/docs/python/decorators.md#L3-L79
TV_PYTHON_DECORATORS_02,python/decorators.md,2,80,111,,https://github.com/tavor118/pj_python_interview_questions_and_answers/blob/02d57a7a9f34fd386eb8aa5c0094fe3f3c3ba141/docs/python/decorators.md#L80-L111
TV_PYTHON_DECORATORS_03,python/decorators.md,3,112,120,,https://github.com/tavor118/pj_python_interview_questions_and_answers/blob/02d57a7a9f34fd386eb8aa5c0094fe3f3c3ba141/docs/python/decorators.md#L112-L120
TV_PYTHON_DECORATORS_04,python/decorators.md,4,121,129,,https://github.com/tavor118/pj_python_interview_questions_and_answers/blob/02d57a7a9f34fd386eb8aa5c0094fe3f3c3ba141/docs/python/decorators.md#L121-L129
TV_PYTHON_DECORATORS_05,python/decorators.md,5,130,190,24,https://github.com/tavor118/pj_python_interview_questions_and_answers/blob/02d57a7a9f34fd386eb8aa5c0094fe3f3c3ba141/docs/python/decorators.md#L130-L190
TV_PYTHON_DECORATORS_06,python/decorators.md,6,191,246,,https://github.com/tavor118/pj_python_interview_questions_and_answers/blob/02d57a7a9f34fd386eb8aa5c0094fe3f3c3ba141/docs/python/decorators.md#L191-L246
TV_PYTHON_DECORATORS_07,python/decorators.md,7,247,278,16,https://github.com/tavor118/pj_python_interview_questions_and_answers/blob/02d57a7a9f34fd386eb8aa5c0094fe3f3c3ba141/docs/python/decorators.md#L247-L278
TV_PYTHON_DECORATORS_08,python/decorators.md,8,279,322,,https://github.com/tavor118/pj_python_interview_questions_and_answers/blob/02d57a7a9f34fd386eb8aa5c0094fe3f3c3ba141/docs/python/decorators.md#L279-L322
TV_PYTHON_EXCEPTIONS_01,python/exceptions.md,1,3,28,16,https://github.com/tavor118/pj_python_interview_questions_and_answers/blob/02d57a7a9f34fd386eb8aa5c0094fe3f3c3ba141/docs/python/exceptions.md#L3-L28
TV_PYTHON_EXCEPTIONS_02,python/exceptions.md,2,29,64,28,https://github.com/tavor118/pj_python_interview_questions_and_answers/blob/02d57a7a9f34fd386eb8aa5c0094fe3f3c3ba141/docs/python/exceptions.md#L29-L64
TV_PYTHON_EXCEPTIONS_03,python/exceptions.md,3,65,111,,https://github.com/tavor118/pj_python_interview_questions_and_answers/blob/02d57a7a9f34fd386eb8aa5c0094fe3f3c3ba141/docs/python/exceptions.md#L65-L111
TV_PYTHON_EXCEPTIONS_04,python/exceptions.md,4,112,124,,https://github.com/tavor118/pj_python_interview_questions_and_answers/blob/02d57a7a9f34fd386eb8aa5c0094fe3f3c3ba141/docs/python/exceptions.md#L112-L124
TV_PYTHON_EXCEPTIONS_05,python/exceptions.md,5,125,140,,https://github.com/tavor118/pj_python_interview_questions_and_answers/blob/02d57a7a9f34fd386eb8aa5c0094fe3f3c3ba141/docs/python/exceptions.md#L125-L140
TV_PYTHON_EXCEPTIONS_06,python/exceptions.md,6,141,154,,https://github.com/tavor118/pj_python_interview_questions_and_answers/blob/02d57a7a9f34fd386eb8aa5c0094fe3f3c3ba141/docs/python/exceptions.md#L141-L154
TV_PYTHON_EXCEPTIONS_07,python/exceptions.md,7,155,199,12,https://github.com/tavor118/pj_python_interview_questions_and_answers/blob/02d57a7a9f34fd386eb8aa5c0094fe3f3c3ba141/docs/python/exceptions.md#L155-L199
TV_PYTHON_EXCEPTIONS_08,python/exceptions.md,8,200,221,,https://github.com/tavor118/pj_python_interview_questions_and_answers/blob/02d57a7a9f34fd386eb8aa5c0094fe3f3c3ba141/docs/python/exceptions.md#L200-L221
TV_PYTHON_EXCEPTIONS_09,python/exceptions.md,9,222,249,,https://github.com/tavor118/pj_python_interview_questions_and_answers/blob/02d57a7a9f34fd386eb8aa5c0094fe3f3c3ba141/docs/python/exceptions.md#L222-L249
TV_PYTHON_EXCEPTIONS_10,python/exceptions.md,10,250,259,18,https://github.com/tavor118/pj_python_interview_questions_and_answers/blob/02d57a7a9f34fd386eb8aa5c0094fe3f3c3ba141/docs/python/exceptions.md#L250-L259
TV_PYTHON_EXCEPTIONS_11,python/exceptions.md,11,260,288,,https://github.com/tavor118/pj_python_interview_questions_and_answers/blob/02d57a7a9f34fd386eb8aa5c0094fe3f3c3ba141/docs/python/exceptions.md#L260-L288
TV_PYTHON_EXCEPTIONS_12,python/exceptions.md,12,289,297,,https://github.com/tavor118/pj_python_interview_questions_and_answers/blob/02d57a7a9f34fd386eb8aa5c0094fe3f3c3ba141/docs/python/exceptions.md#L289-L297
TV_PYTHON_EXCEPTIONS_13,python/exceptions.md,13,298,311,,https://github.com/tavor118/pj_python_interview_questions_and_answers/blob/02d57a7a9f34fd386eb8aa5c0094fe3f3c3ba141/docs/python/exceptions.md#L298-L311
TV_PYTHON_EXCEPTIONS_14,python/exceptions.md,14,312,351,,https://github.com/tavor118/pj_python_interview_questions_and_answers/blob/02d57a7a9f34fd386eb8aa5c0094fe3f3c3ba141/docs/python/exceptions.md#L312-L351
TV_PYTHON_EXCEPTIONS_15,python/exceptions.md,15,352,438,,https://github.com/tavor118/pj_python_interview_questions_and_answers/blob/02d57a7a9f34fd386eb8aa5c0094fe3f3c3ba141/docs/python/exceptions.md#L352-L438
TV_PYTHON_EXCEPTIONS_16,python/exceptions.md,16,439,454,,https://github.com/tavor118/pj_python_interview_questions_and_answers/blob/02d57a7a9f34fd386eb8aa5c0094fe3f3c3ba141/docs/python/exceptions.md#L439-L454
TV_PYTHON_EXCEPTIONS_17,python/exceptions.md,17,455,461,,https://github.com/tavor118/pj_python_interview_questions_and_answers/blob/02d57a7a9f34fd386eb8aa5c0094fe3f3c3ba141/docs/python/exceptions.md#L455-L461
TV_PYTHON_EXCEPTIONS_18,python/exceptions.md,18,462,472,,https://github.com/tavor118/pj_python_interview_questions_and_answers/blob/02d57a7a9f34fd386eb8aa5c0094fe3f3c3ba141/docs/python/exceptions.md#L462-L472
TV_PYTHON_EXCEPTIONS_19,python/exceptions.md,19,473,487,,https://github.com/tavor118/pj_python_interview_questions_and_answers/blob/02d57a7a9f34fd386eb8aa5c0094fe3f3c3ba141/docs/python/exceptions.md#L473-L487
TV_PYTHON_EXCEPTIONS_20,python/exceptions.md,20,488,592,,https://github.com/tavor118/pj_python_interview_questions_and_answers/blob/02d57a7a9f34fd386eb8aa5c0094fe3f3c3ba141/docs/python/exceptions.md#L488-L592
TV_PYTHON_FILES_AND_IO_01,python/files_and_io.md,1,3,8,,https://github.com/tavor118/pj_python_interview_questions_and_answers/blob/02d57a7a9f34fd386eb8aa5c0094fe3f3c3ba141/docs/python/files_and_io.md#L3-L8
TV_PYTHON_FILES_AND_IO_02,python/files_and_io.md,2,9,18,,https://github.com/tavor118/pj_python_interview_questions_and_answers/blob/02d57a7a9f34fd386eb8aa5c0094fe3f3c3ba141/docs/python/files_and_io.md#L9-L18
TV_PYTHON_FILES_AND_IO_03,python/files_and_io.md,3,19,28,,https://github.com/tavor118/pj_python_interview_questions_and_answers/blob/02d57a7a9f34fd386eb8aa5c0094fe3f3c3ba141/docs/python/files_and_io.md#L19-L28
TV_PYTHON_FILES_AND_IO_04,python/files_and_io.md,4,29,57,17,https://github.com/tavor118/pj_python_interview_questions_and_answers/blob/02d57a7a9f34fd386eb8aa5c0094fe3f3c3ba141/docs/python/files_and_io.md#L29-L57
TV_PYTHON_FILES_AND_IO_05,python/files_and_io.md,5,58,74,19,https://github.com/tavor118/pj_python_interview_questions_and_answers/blob/02d57a7a9f34fd386eb8aa5c0094fe3f3c3ba141/docs/python/files_and_io.md#L58-L74
TV_PYTHON_FILES_AND_IO_06,python/files_and_io.md,6,75,83,,https://github.com/tavor118/pj_python_interview_questions_and_answers/blob/02d57a7a9f34fd386eb8aa5c0094fe3f3c3ba141/docs/python/files_and_io.md#L75-L83
TV_PYTHON_FILES_AND_IO_07,python/files_and_io.md,7,84,92,,https://github.com/tavor118/pj_python_interview_questions_and_answers/blob/02d57a7a9f34fd386eb8aa5c0094fe3f3c3ba141/docs/python/files_and_io.md#L84-L92
TV_PYTHON_FILES_AND_IO_08,python/files_and_io.md,8,93,98,12,https://github.com/tavor118/pj_python_interview_questions_and_answers/blob/02d57a7a9f34fd386eb8aa5c0094fe3f3c3ba141/docs/python/files_and_io.md#L93-L98
TV_PYTHON_FILES_AND_IO_09,python/files_and_io.md,9,99,153,,https://github.com/tavor118/pj_python_interview_questions_and_answers/blob/02d57a7a9f34fd386eb8aa5c0094fe3f3c3ba141/docs/python/files_and_io.md#L99-L153
TV_PYTHON_FILES_AND_IO_10,python/files_and_io.md,10,154,224,,https://github.com/tavor118/pj_python_interview_questions_and_answers/blob/02d57a7a9f34fd386eb8aa5c0094fe3f3c3ba141/docs/python/files_and_io.md#L154-L224
TV_PYTHON_FILES_AND_IO_11,python/files_and_io.md,11,225,231,41,https://github.com/tavor118/pj_python_interview_questions_and_answers/blob/02d57a7a9f34fd386eb8aa5c0094fe3f3c3ba141/docs/python/files_and_io.md#L225-L231
TV_PYTHON_FILES_AND_IO_12,python/files_and_io.md,12,232,239,,https://github.com/tavor118/pj_python_interview_questions_and_answers/blob/02d57a7a9f34fd386eb8aa5c0094fe3f3c3ba141/docs/python/files_and_io.md#L232-L239
TV_PYTHON_FILES_AND_IO_13,python/files_and_io.md,13,240,245,,https://github.com/tavor118/pj_python_interview_questions_and_answers/blob/02d57a7a9f34fd386eb8aa5c0094fe3f3c3ba141/docs/python/files_and_io.md#L240-L245
TV_PYTHON_FILES_AND_IO_14,python/files_and_io.md,14,246,253,,https://github.com/tavor118/pj_python_interview_questions_and_answers/blob/02d57a7a9f34fd386eb8aa5c0094fe3f3c3ba141/docs/python/files_and_io.md#L246-L253
TV_PYTHON_FILES_AND_IO_15,python/files_and_io.md,15,254,365,,https://github.com/tavor118/pj_python_interview_questions_and_answers/blob/02d57a7a9f34fd386eb8aa5c0094fe3f3c3ba141/docs/python/files_and_io.md#L254-L365
TV_PYTHON_FILES_AND_IO_16,python/files_and_io.md,16,366,470,,https://github.com/tavor118/pj_python_interview_questions_and_answers/blob/02d57a7a9f34fd386eb8aa5c0094fe3f3c3ba141/docs/python/files_and_io.md#L366-L470
TV_PYTHON_FUNCTIONAL_PROGRAMMING_01,python/functional_programming.md,1,3,18,21,https://github.com/tavor118/pj_python_interview_questions_and_answers/blob/02d57a7a9f34fd386eb8aa5c0094fe3f3c3ba141/docs/python/functional_programming.md#L3-L18
TV_PYTHON_FUNCTIONAL_PROGRAMMING_02,python/functional_programming.md,2,19,28,11,https://github.com/tavor118/pj_python_interview_questions_and_answers/blob/02d57a7a9f34fd386eb8aa5c0094fe3f3c3ba141/docs/python/functional_programming.md#L19-L28
TV_PYTHON_FUNCTIONAL_PROGRAMMING_03,python/functional_programming.md,3,29,48,11,https://github.com/tavor118/pj_python_interview_questions_and_answers/blob/02d57a7a9f34fd386eb8aa5c0094fe3f3c3ba141/docs/python/functional_programming.md#L29-L48
TV_PYTHON_FUNCTIONAL_PROGRAMMING_04,python/functional_programming.md,4,49,64,12,https://github.com/tavor118/pj_python_interview_questions_and_answers/blob/02d57a7a9f34fd386eb8aa5c0094fe3f3c3ba141/docs/python/functional_programming.md#L49-L64
TV_PYTHON_FUNCTIONAL_PROGRAMMING_05,python/functional_programming.md,5,65,117,,https://github.com/tavor118/pj_python_interview_questions_and_answers/blob/02d57a7a9f34fd386eb8aa5c0094fe3f3c3ba141/docs/python/functional_programming.md#L65-L117
TV_PYTHON_FUNCTIONAL_PROGRAMMING_06,python/functional_programming.md,6,118,132,30,https://github.com/tavor118/pj_python_interview_questions_and_answers/blob/02d57a7a9f34fd386eb8aa5c0094fe3f3c3ba141/docs/python/functional_programming.md#L118-L132
TV_PYTHON_FUNCTIONAL_PROGRAMMING_07,python/functional_programming.md,7,133,193,,https://github.com/tavor118/pj_python_interview_questions_and_answers/blob/02d57a7a9f34fd386eb8aa5c0094fe3f3c3ba141/docs/python/functional_programming.md#L133-L193
TV_PYTHON_FUNCTIONS_01,python/functions.md,1,3,34,35,https://github.com/tavor118/pj_python_interview_questions_and_answers/blob/02d57a7a9f34fd386eb8aa5c0094fe3f3c3ba141/docs/python/functions.md#L3-L34
TV_PYTHON_FUNCTIONS_02,python/functions.md,2,35,56,19,https://github.com/tavor118/pj_python_interview_questions_and_answers/blob/02d57a7a9f34fd386eb8aa5c0094fe3f3c3ba141/docs/python/functions.md#L35-L56
TV_PYTHON_FUNCTIONS_03,python/functions.md,3,57,93,,https://github.com/tavor118/pj_python_interview_questions_and_answers/blob/02d57a7a9f34fd386eb8aa5c0094fe3f3c3ba141/docs/python/functions.md#L57-L93
TV_PYTHON_FUNCTIONS_04,python/functions.md,4,94,138,37,https://github.com/tavor118/pj_python_interview_questions_and_answers/blob/02d57a7a9f34fd386eb8aa5c0094fe3f3c3ba141/docs/python/functions.md#L94-L138
TV_PYTHON_FUNCTIONS_05,python/functions.md,5,139,220,,https://github.com/tavor118/pj_python_interview_questions_and_answers/blob/02d57a7a9f34fd386eb8aa5c0094fe3f3c3ba141/docs/python/functions.md#L139-L220
TV_PYTHON_FUNCTIONS_06,python/functions.md,6,221,228,14,https://github.com/tavor118/pj_python_interview_questions_and_answers/blob/02d57a7a9f34fd386eb8aa5c0094fe3f3c3ba141/docs/python/functions.md#L221-L228
TV_PYTHON_FUNCTIONS_07,python/functions.md,7,229,308,,https://github.com/tavor118/pj_python_interview_questions_and_answers/blob/02d57a7a9f34fd386eb8aa5c0094fe3f3c3ba141/docs/python/functions.md#L229-L308
TV_PYTHON_FUNCTIONS_08,python/functions.md,8,309,314,23,https://github.com/tavor118/pj_python_interview_questions_and_answers/blob/02d57a7a9f34fd386eb8aa5c0094fe3f3c3ba141/docs/python/functions.md#L309-L314
TV_PYTHON_FUNCTIONS_09,python/functions.md,9,315,372,34,https://github.com/tavor118/pj_python_interview_questions_and_answers/blob/02d57a7a9f34fd386eb8aa5c0094fe3f3c3ba141/docs/python/functions.md#L315-L372
TV_PYTHON_FUNCTIONS_10,python/functions.md,10,373,421,13,https://github.com/tavor118/pj_python_interview_questions_and_answers/blob/02d57a7a9f34fd386eb8aa5c0094fe3f3c3ba141/docs/python/functions.md#L373-L421
TV_PYTHON_FUNCTIONS_11,python/functions.md,11,422,516,29,https://github.com/tavor118/pj_python_interview_questions_and_answers/blob/02d57a7a9f34fd386eb8aa5c0094fe3f3c3ba141/docs/python/functions.md#L422-L516
TV_PYTHON_FUNCTIONS_12,python/functions.md,12,517,593,10,https://github.com/tavor118/pj_python_interview_questions_and_answers/blob/02d57a7a9f34fd386eb8aa5c0094fe3f3c3ba141/docs/python/functions.md#L517-L593
TV_PYTHON_GENERAL_01,python/general.md,1,3,37,21,https://github.com/tavor118/pj_python_interview_questions_and_answers/blob/02d57a7a9f34fd386eb8aa5c0094fe3f3c3ba141/docs/python/general.md#L3-L37
TV_PYTHON_GENERAL_02,python/general.md,2,38,67,25,https://github.com/tavor118/pj_python_interview_questions_and_answers/blob/02d57a7a9f34fd386eb8aa5c0094fe3f3c3ba141/docs/python/general.md#L38-L67
TV_PYTHON_GENERAL_03,python/general.md,3,68,103,,https://github.com/tavor118/pj_python_interview_questions_and_answers/blob/02d57a7a9f34fd386eb8aa5c0094fe3f3c3ba141/docs/python/general.md#L68-L103
TV_PYTHON_GENERAL_04,python/general.md,4,104,137,17,https://github.com/tavor118/pj_python_interview_questions_and_answers/blob/02d57a7a9f34fd386eb8aa5c0094fe3f3c3ba141/docs/python/general.md#L104-L137
TV_PYTHON_GENERAL_05,python/general.md,5,138,262,25,https://github.com/tavor118/pj_python_interview_questions_and_answers/blob/02d57a7a9f34fd386eb8aa5c0094fe3f3c3ba141/docs/python/general.md#L138-L262
TV_PYTHON_GENERAL_06,python/general.md,6,263,299,,https://github.com/tavor118/pj_python_interview_questions_and_answers/blob/02d57a7a9f34fd386eb8aa5c0094fe3f3c3ba141/docs/python/general.md#L263-L299
TV_PYTHON_GENERAL_07,python/general.md,7,300,331,14,https://github.com/tavor118/pj_python_interview_questions_and_answers/blob/02d57a7a9f34fd386eb8aa5c0094fe3f3c3ba141/docs/python/general.md#L300-L331
TV_PYTHON_GENERAL_08,python/general.md,8,332,393,,https://github.com/tavor118/pj_python_interview_questions_and_answers/blob/02d57a7a9f34fd386eb8aa5c0094fe3f3c3ba141/docs/python/general.md#L332-L393
TV_PYTHON_GENERAL_09,python/general.md,9,394,407,,https://github.com/tavor118/pj_python_interview_questions_and_answers/blob/02d57a7a9f34fd386eb8aa5c0094fe3f3c3ba141/docs/python/general.md#L394-L407
TV_PYTHON_GIL_THREADS_PROCESSES_01,python/gil_threads_processes.md,1,3,28,33,https://github.com/tavor118/pj_python_interview_questions_and_answers/blob/02d57a7a9f34fd386eb8aa5c0094fe3f3c3ba141/docs/python/gil_threads_processes.md#L3-L28
TV_PYTHON_GIL_THREADS_PROCESSES_02,python/gil_threads_processes.md,2,29,64,38,https://github.com/tavor118/pj_python_interview_questions_and_answers/blob/02d57a7a9f34fd386eb8aa5c0094fe3f3c3ba141/docs/python/gil_threads_processes.md#L29-L64
TV_PYTHON_GIL_THREADS_PROCESSES_03,python/gil_threads_processes.md,3,65,125,,https://github.com/tavor118/pj_python_interview_questions_and_answers/blob/02d57a7a9f34fd386eb8aa5c0094fe3f3c3ba141/docs/python/gil_threads_processes.md#L65-L125
TV_PYTHON_GIL_THREADS_PROCESSES_04,python/gil_threads_processes.md,4,126,420,,https://github.com/tavor118/pj_python_interview_questions_and_answers/blob/02d57a7a9f34fd386eb8aa5c0094fe3f3c3ba141/docs/python/gil_threads_processes.md#L126-L420
TV_PYTHON_GIL_THREADS_PROCESSES_05,python/gil_threads_processes.md,5,421,483,,https://github.com/tavor118/pj_python_interview_questions_and_answers/blob/02d57a7a9f34fd386eb8aa5c0094fe3f3c3ba141/docs/python/gil_threads_processes.md#L421-L483
TV_PYTHON_GIL_THREADS_PROCESSES_06,python/gil_threads_processes.md,6,484,558,,https://github.com/tavor118/pj_python_interview_questions_and_answers/blob/02d57a7a9f34fd386eb8aa5c0094fe3f3c3ba141/docs/python/gil_threads_processes.md#L484-L558
TV_PYTHON_GIL_THREADS_PROCESSES_07,python/gil_threads_processes.md,7,559,688,27,https://github.com/tavor118/pj_python_interview_questions_and_answers/blob/02d57a7a9f34fd386eb8aa5c0094fe3f3c3ba141/docs/python/gil_threads_processes.md#L559-L688
TV_PYTHON_GIL_THREADS_PROCESSES_08,python/gil_threads_processes.md,8,689,849,96,https://github.com/tavor118/pj_python_interview_questions_and_answers/blob/02d57a7a9f34fd386eb8aa5c0094fe3f3c3ba141/docs/python/gil_threads_processes.md#L689-L849
TV_PYTHON_GIL_THREADS_PROCESSES_09,python/gil_threads_processes.md,9,850,878,,https://github.com/tavor118/pj_python_interview_questions_and_answers/blob/02d57a7a9f34fd386eb8aa5c0094fe3f3c3ba141/docs/python/gil_threads_processes.md#L850-L878
TV_PYTHON_GIL_THREADS_PROCESSES_10,python/gil_threads_processes.md,10,879,901,,https://github.com/tavor118/pj_python_interview_questions_and_answers/blob/02d57a7a9f34fd386eb8aa5c0094fe3f3c3ba141/docs/python/gil_threads_processes.md#L879-L901
TV_PYTHON_GIL_THREADS_PROCESSES_11,python/gil_threads_processes.md,11,902,939,,https://github.com/tavor118/pj_python_interview_questions_and_answers/blob/02d57a7a9f34fd386eb8aa5c0094fe3f3c3ba141/docs/python/gil_threads_processes.md#L902-L939
TV_PYTHON_GIL_THREADS_PROCESSES_12,python/gil_threads_processes.md,12,940,986,,https://github.com/tavor118/pj_python_interview_questions_and_answers/blob/02d57a7a9f34fd386eb8aa5c0094fe3f3c3ba141/docs/python/gil_threads_processes.md#L940-L986
TV_PYTHON_GIL_THREADS_PROCESSES_13,python/gil_threads_processes.md,13,987,1043,,https://github.com/tavor118/pj_python_interview_questions_and_answers/blob/02d57a7a9f34fd386eb8aa5c0094fe3f3c3ba141/docs/python/gil_threads_processes.md#L987-L1043
TV_PYTHON_GIL_THREADS_PROCESSES_14,python/gil_threads_processes.md,14,1044,1064,,https://github.com/tavor118/pj_python_interview_questions_and_answers/blob/02d57a7a9f34fd386eb8aa5c0094fe3f3c3ba141/docs/python/gil_threads_processes.md#L1044-L1064
TV_PYTHON_GIL_THREADS_PROCESSES_15,python/gil_threads_processes.md,15,1065,1081,16,https://github.com/tavor118/pj_python_interview_questions_and_answers/blob/02d57a7a9f34fd386eb8aa5c0094fe3f3c3ba141/docs/python/gil_threads_processes.md#L1065-L1081
TV_PYTHON_GIL_THREADS_PROCESSES_16,python/gil_threads_processes.md,16,1082,1090,,https://github.com/tavor118/pj_python_interview_questions_and_answers/blob/02d57a7a9f34fd386eb8aa5c0094fe3f3c3ba141/docs/python/gil_threads_processes.md#L1082-L1090
TV_PYTHON_GIL_THREADS_PROCESSES_17,python/gil_threads_processes.md,17,1091,1200,11,https://github.com/tavor118/pj_python_interview_questions_and_answers/blob/02d57a7a9f34fd386eb8aa5c0094fe3f3c3ba141/docs/python/gil_threads_processes.md#L1091-L1200
TV_PYTHON_GIL_THREADS_PROCESSES_18,python/gil_threads_processes.md,18,1201,1227,,https://github.com/tavor118/pj_python_interview_questions_and_answers/blob/02d57a7a9f34fd386eb8aa5c0094fe3f3c3ba141/docs/python/gil_threads_processes.md#L1201-L1227
TV_PYTHON_GIL_THREADS_PROCESSES_19,python/gil_threads_processes.md,19,1228,1273,,https://github.com/tavor118/pj_python_interview_questions_and_answers/blob/02d57a7a9f34fd386eb8aa5c0094fe3f3c3ba141/docs/python/gil_threads_processes.md#L1228-L1273
TV_PYTHON_GIL_THREADS_PROCESSES_20,python/gil_threads_processes.md,20,1274,1328,,https://github.com/tavor118/pj_python_interview_questions_and_answers/blob/02d57a7a9f34fd386eb8aa5c0094fe3f3c3ba141/docs/python/gil_threads_processes.md#L1274-L1328
TV_PYTHON_GIL_THREADS_PROCESSES_21,python/gil_threads_processes.md,21,1329,1343,28,https://github.com/tavor118/pj_python_interview_questions_and_answers/blob/02d57a7a9f34fd386eb8aa5c0094fe3f3c3ba141/docs/python/gil_threads_processes.md#L1329-L1343
TV_PYTHON_GIL_THREADS_PROCESSES_22,python/gil_threads_processes.md,22,1344,1416,65,https://github.com/tavor118/pj_python_interview_questions_and_answers/blob/02d57a7a9f34fd386eb8aa5c0094fe3f3c3ba141/docs/python/gil_threads_processes.md#L1344-L1416
TV_PYTHON_INTERPRETER_01,python/interpreter.md,1,3,26,18,https://github.com/tavor118/pj_python_interview_questions_and_answers/blob/02d57a7a9f34fd386eb8aa5c0094fe3f3c3ba141/docs/python/interpreter.md#L3-L26
TV_PYTHON_INTERPRETER_02,python/interpreter.md,2,27,46,,https://github.com/tavor118/pj_python_interview_questions_and_answers/blob/02d57a7a9f34fd386eb8aa5c0094fe3f3c3ba141/docs/python/interpreter.md#L27-L46
TV_PYTHON_INTERPRETER_03,python/interpreter.md,3,47,68,,https://github.com/tavor118/pj_python_interview_questions_and_answers/blob/02d57a7a9f34fd386eb8aa5c0094fe3f3c3ba141/docs/python/interpreter.md#L47-L68
TV_PYTHON_INTERPRETER_04,python/interpreter.md,4,69,86,10,https://github.com/tavor118/pj_python_interview_questions_and_answers/blob/02d57a7a9f34fd386eb8aa5c0094fe3f3c3ba141/docs/python/interpreter.md#L69-L86
TV_PYTHON_INTERPRETER_05,python/interpreter.md,5,87,101,44,https://github.com/tavor118/pj_python_interview_questions_and_answers/blob/02d57a7a9f34fd386eb8aa5c0094fe3f3c3ba141/docs/python/interpreter.md#L87-L101
TV_PYTHON_INTERPRETER_06,python/interpreter.md,6,102,197,45,https://github.com/tavor118/pj_python_interview_questions_and_answers/blob/02d57a7a9f34fd386eb8aa5c0094fe3f3c3ba141/docs/python/interpreter.md#L102-L197
TV_PYTHON_INTERPRETER_07,python/interpreter.md,7,198,241,24,https://github.com/tavor118/pj_python_interview_questions_and_answers/blob/02d57a7a9f34fd386eb8aa5c0094fe3f3c3ba141/docs/python/interpreter.md#L198-L241
TV_PYTHON_INTERPRETER_08,python/interpreter.md,8,242,269,,https://github.com/tavor118/pj_python_interview_questions_and_answers/blob/02d57a7a9f34fd386eb8aa5c0094fe3f3c3ba141/docs/python/interpreter.md#L242-L269
TV_PYTHON_INTERPRETER_09,python/interpreter.md,9,270,333,30,https://github.com/tavor118/pj_python_interview_questions_and_answers/blob/02d57a7a9f34fd386eb8aa5c0094fe3f3c3ba141/docs/python/interpreter.md#L270-L333
TV_PYTHON_INTERPRETER_10,python/interpreter.md,10,334,381,,https://github.com/tavor118/pj_python_interview_questions_and_answers/blob/02d57a7a9f34fd386eb8aa5c0094fe3f3c3ba141/docs/python/interpreter.md#L334-L381
TV_PYTHON_INTERPRETER_11,python/interpreter.md,11,382,406,10,https://github.com/tavor118/pj_python_interview_questions_and_answers/blob/02d57a7a9f34fd386eb8aa5c0094fe3f3c3ba141/docs/python/interpreter.md#L382-L406
TV_PYTHON_INTERPRETER_12,python/interpreter.md,12,407,420,,https://github.com/tavor118/pj_python_interview_questions_and_answers/blob/02d57a7a9f34fd386eb8aa5c0094fe3f3c3ba141/docs/python/interpreter.md#L407-L420
TV_PYTHON_INTERPRETER_13,python/interpreter.md,13,421,429,,https://github.com/tavor118/pj_python_interview_questions_and_answers/blob/02d57a7a9f34fd386eb8aa5c0094fe3f3c3ba141/docs/python/interpreter.md#L421-L429
TV_PYTHON_INTERPRETER_14,python/interpreter.md,14,430,470,16,https://github.com/tavor118/pj_python_interview_questions_and_answers/blob/02d57a7a9f34fd386eb8aa5c0094fe3f3c3ba141/docs/python/interpreter.md#L430-L470
TV_PYTHON_INTERPRETER_15,python/interpreter.md,15,471,485,,https://github.com/tavor118/pj_python_interview_questions_and_answers/blob/02d57a7a9f34fd386eb8aa5c0094fe3f3c3ba141/docs/python/interpreter.md#L471-L485
TV_PYTHON_INTERPRETER_16,python/interpreter.md,16,486,496,,https://github.com/tavor118/pj_python_interview_questions_and_answers/blob/02d57a7a9f34fd386eb8aa5c0094fe3f3c3ba141/docs/python/interpreter.md#L486-L496
TV_PYTHON_INTERPRETER_17,python/interpreter.md,17,497,527,,https://github.com/tavor118/pj_python_interview_questions_and_answers/blob/02d57a7a9f34fd386eb8aa5c0094fe3f3c3ba141/docs/python/interpreter.md#L497-L527
TV_PYTHON_ITERATOR_AND_GENERATOR_01,python/iterator_and_generator.md,1,3,18,85,https://github.com/tavor118/pj_python_interview_questions_and_answers/blob/02d57a7a9f34fd386eb8aa5c0094fe3f3c3ba141/docs/python/iterator_and_generator.md#L3-L18
TV_PYTHON_ITERATOR_AND_GENERATOR_02,python/iterator_and_generator.md,2,19,104,14,https://github.com/tavor118/pj_python_interview_questions_and_answers/blob/02d57a7a9f34fd386eb8aa5c0094fe3f3c3ba141/docs/python/iterator_and_generator.md#L19-L104
TV_PYTHON_ITERATOR_AND_GENERATOR_03,python/iterator_and_generator.md,3,105,193,32,https://github.com/tavor118/pj_python_interview_questions_and_answers/blob/02d57a7a9f34fd386eb8aa5c0094fe3f3c3ba141/docs/python/iterator_and_generator.md#L105-L193
TV_PYTHON_ITERATOR_AND_GENERATOR_04,python/iterator_and_generator.md,4,194,235,28,https://github.com/tavor118/pj_python_interview_questions_and_answers/blob/02d57a7a9f34fd386eb8aa5c0094fe3f3c3ba141/docs/python/iterator_and_generator.md#L194-L235
TV_PYTHON_ITERATOR_AND_GENERATOR_05,python/iterator_and_generator.md,5,236,261,,https://github.com/tavor118/pj_python_interview_questions_and_answers/blob/02d57a7a9f34fd386eb8aa5c0094fe3f3c3ba141/docs/python/iterator_and_generator.md#L236-L261
TV_PYTHON_ITERATOR_AND_GENERATOR_06,python/iterator_and_generator.md,6,262,269,18,https://github.com/tavor118/pj_python_interview_questions_and_answers/blob/02d57a7a9f34fd386eb8aa5c0094fe3f3c3ba141/docs/python/iterator_and_generator.md#L262-L269
TV_PYTHON_ITERATOR_AND_GENERATOR_07,python/iterator_and_generator.md,7,270,337,,https://github.com/tavor118/pj_python_interview_questions_and_answers/blob/02d57a7a9f34fd386eb8aa5c0094fe3f3c3ba141/docs/python/iterator_and_generator.md#L270-L337
TV_PYTHON_ITERATOR_AND_GENERATOR_08,python/iterator_and_generator.md,8,338,429,,https://github.com/tavor118/pj_python_interview_questions_and_answers/blob/02d57a7a9f34fd386eb8aa5c0094fe3f3c3ba141/docs/python/iterator_and_generator.md#L338-L429
TV_PYTHON_ITERATOR_AND_GENERATOR_09,python/iterator_and_generator.md,9,430,435,14,https://github.com/tavor118/pj_python_interview_questions_and_answers/blob/02d57a7a9f34fd386eb8aa5c0094fe3f3c3ba141/docs/python/iterator_and_generator.md#L430-L435
TV_PYTHON_ITERATOR_AND_GENERATOR_10,python/iterator_and_generator.md,10,436,442,,https://github.com/tavor118/pj_python_interview_questions_and_answers/blob/02d57a7a9f34fd386eb8aa5c0094fe3f3c3ba141/docs/python/iterator_and_generator.md#L436-L442
TV_PYTHON_ITERATOR_AND_GENERATOR_11,python/iterator_and_generator.md,11,443,495,,https://github.com/tavor118/pj_python_interview_questions_and_answers/blob/02d57a7a9f34fd386eb8aa5c0094fe3f3c3ba141/docs/python/iterator_and_generator.md#L443-L495
TV_PYTHON_ITERATOR_AND_GENERATOR_12,python/iterator_and_generator.md,12,496,511,,https://github.com/tavor118/pj_python_interview_questions_and_answers/blob/02d57a7a9f34fd386eb8aa5c0094fe3f3c3ba141/docs/python/iterator_and_generator.md#L496-L511
TV_PYTHON_ITERATOR_AND_GENERATOR_13,python/iterator_and_generator.md,13,512,520,,https://github.com/tavor118/pj_python_interview_questions_and_answers/blob/02d57a7a9f34fd386eb8aa5c0094fe3f3c3ba141/docs/python/iterator_and_generator.md#L512-L520
TV_PYTHON_ITERATOR_AND_GENERATOR_14,python/iterator_and_generator.md,14,521,526,,https://github.com/tavor118/pj_python_interview_questions_and_answers/blob/02d57a7a9f34fd386eb8aa5c0094fe3f3c3ba141/docs/python/iterator_and_generator.md#L521-L526
TV_PYTHON_ITERATOR_AND_GENERATOR_15,python/iterator_and_generator.md,15,527,553,,https://github.com/tavor118/pj_python_interview_questions_and_answers/blob/02d57a7a9f34fd386eb8aa5c0094fe3f3c3ba141/docs/python/iterator_and_generator.md#L527-L553
TV_PYTHON_ITERATOR_AND_GENERATOR_16,python/iterator_and_generator.md,16,554,575,,https://github.com/tavor118/pj_python_interview_questions_and_answers/blob/02d57a7a9f34fd386eb8aa5c0094fe3f3c3ba141/docs/python/iterator_and_generator.md#L554-L575
TV_PYTHON_LOOPS_01,python/loops.md,1,3,34,,https://github.com/tavor118/pj_python_interview_questions_and_answers/blob/02d57a7a9f34fd386eb8aa5c0094fe3f3c3ba141/docs/python/loops.md#L3-L34
TV_PYTHON_LOOPS_02,python/loops.md,2,35,45,,https://github.com/tavor118/pj_python_interview_questions_and_answers/blob/02d57a7a9f34fd386eb8aa5c0094fe3f3c3ba141/docs/python/loops.md#L35-L45
TV_PYTHON_LOOPS_03,python/loops.md,3,46,59,,https://github.com/tavor118/pj_python_interview_questions_and_answers/blob/02d57a7a9f34fd386eb8aa5c0094fe3f3c3ba141/docs/python/loops.md#L46-L59
TV_PYTHON_METACLASS_01,python/metaclass.md,1,3,42,36,https://github.com/tavor118/pj_python_interview_questions_and_answers/blob/02d57a7a9f34fd386eb8aa5c0094fe3f3c3ba141/docs/python/metaclass.md#L3-L42
TV_PYTHON_METACLASS_02,python/metaclass.md,2,43,70,13,https://github.com/tavor118/pj_python_interview_questions_and_answers/blob/02d57a7a9f34fd386eb8aa5c0094fe3f3c3ba141/docs/python/metaclass.md#L43-L70
TV_PYTHON_METACLASS_03,python/metaclass.md,3,71,98,24,https://github.com/tavor118/pj_python_interview_questions_and_answers/blob/02d57a7a9f34fd386eb8aa5c0094fe3f3c3ba141/docs/python/metaclass.md#L71-L98
TV_PYTHON_MODULES_AND_PACKAGES_01,python/modules_and_packages.md,1,3,14,,https://github.com/tavor118/pj_python_interview_questions_and_answers/blob/02d57a7a9f34fd386eb8aa5c0094fe3f3c3ba141/docs/python/modules_and_packages.md#L3-L14
TV_PYTHON_MODULES_AND_PACKAGES_02,python/modules_and_packages.md,2,15,21,,https://github.com/tavor118/pj_python_interview_questions_and_answers/blob/02d57a7a9f34fd386eb8aa5c0094fe3f3c3ba141/docs/python/modules_and_packages.md#L15-L21
TV_PYTHON_MODULES_AND_PACKAGES_03,python/modules_and_packages.md,3,22,31,,https://github.com/tavor118/pj_python_interview_questions_and_answers/blob/02d57a7a9f34fd386eb8aa5c0094fe3f3c3ba141/docs/python/modules_and_packages.md#L22-L31
TV_PYTHON_MODULES_AND_PACKAGES_04,python/modules_and_packages.md,4,32,50,,https://github.com/tavor118/pj_python_interview_questions_and_answers/blob/02d57a7a9f34fd386eb8aa5c0094fe3f3c3ba141/docs/python/modules_and_packages.md#L32-L50
TV_PYTHON_MODULES_AND_PACKAGES_05,python/modules_and_packages.md,5,51,79,,https://github.com/tavor118/pj_python_interview_questions_and_answers/blob/02d57a7a9f34fd386eb8aa5c0094fe3f3c3ba141/docs/python/modules_and_packages.md#L51-L79
TV_PYTHON_MODULES_AND_PACKAGES_06,python/modules_and_packages.md,6,80,90,11,https://github.com/tavor118/pj_python_interview_questions_and_answers/blob/02d57a7a9f34fd386eb8aa5c0094fe3f3c3ba141/docs/python/modules_and_packages.md#L80-L90
TV_PYTHON_MODULES_AND_PACKAGES_07,python/modules_and_packages.md,7,91,95,,https://github.com/tavor118/pj_python_interview_questions_and_answers/blob/02d57a7a9f34fd386eb8aa5c0094fe3f3c3ba141/docs/python/modules_and_packages.md#L91-L95
TV_PYTHON_NAMESPACE_AND_CONTEXT_MANAGER_01,python/namespace_and_context_manager.md,1,3,98,64,https://github.com/tavor118/pj_python_interview_questions_and_answers/blob/02d57a7a9f34fd386eb8aa5c0094fe3f3c3ba141/docs/python/namespace_and_context_manager.md#L3-L98
TV_PYTHON_NAMESPACE_AND_CONTEXT_MANAGER_02,python/namespace_and_context_manager.md,2,99,132,18,https://github.com/tavor118/pj_python_interview_questions_and_answers/blob/02d57a7a9f34fd386eb8aa5c0094fe3f3c3ba141/docs/python/namespace_and_context_manager.md#L99-L132
TV_PYTHON_NAMESPACE_AND_CONTEXT_MANAGER_03,python/namespace_and_context_manager.md,3,133,189,33,https://github.com/tavor118/pj_python_interview_questions_and_answers/blob/02d57a7a9f34fd386eb8aa5c0094fe3f3c3ba141/docs/python/namespace_and_context_manager.md#L133-L189
TV_PYTHON_PYTHON_PACKAGES_01,python/python_packages.md,1,3,19,,https://github.com/tavor118/pj_python_interview_questions_and_answers/blob/02d57a7a9f34fd386eb8aa5c0094fe3f3c3ba141/docs/python/python_packages.md#L3-L19
TV_PYTHON_PYTHON_PACKAGES_02,python/python_packages.md,2,20,64,11,https://github.com/tavor118/pj_python_interview_questions_and_answers/blob/02d57a7a9f34fd386eb8aa5c0094fe3f3c3ba141/docs/python/python_packages.md#L20-L64
TV_PYTHON_PYTHON_PACKAGES_03,python/python_packages.md,3,65,85,,https://github.com/tavor118/pj_python_interview_questions_and_answers/blob/02d57a7a9f34fd386eb8aa5c0094fe3f3c3ba141/docs/python/python_packages.md#L65-L85
TV_PYTHON_PYTHON_PACKAGES_04,python/python_packages.md,4,86,98,,https://github.com/tavor118/pj_python_interview_questions_and_answers/blob/02d57a7a9f34fd386eb8aa5c0094fe3f3c3ba141/docs/python/python_packages.md#L86-L98
TV_PYTHON_PYTHON_PACKAGES_05,python/python_packages.md,5,99,121,,https://github.com/tavor118/pj_python_interview_questions_and_answers/blob/02d57a7a9f34fd386eb8aa5c0094fe3f3c3ba141/docs/python/python_packages.md#L99-L121
TV_PYTHON_PYTHON_PACKAGES_06,python/python_packages.md,6,122,168,14,https://github.com/tavor118/pj_python_interview_questions_and_answers/blob/02d57a7a9f34fd386eb8aa5c0094fe3f3c3ba141/docs/python/python_packages.md#L122-L168
TV_PYTHON_PYTHON_PACKAGES_07,python/python_packages.md,7,169,206,11,https://github.com/tavor118/pj_python_interview_questions_and_answers/blob/02d57a7a9f34fd386eb8aa5c0094fe3f3c3ba141/docs/python/python_packages.md#L169-L206
TV_PYTHON_PYTHON_PACKAGES_08,python/python_packages.md,8,207,243,,https://github.com/tavor118/pj_python_interview_questions_and_answers/blob/02d57a7a9f34fd386eb8aa5c0094fe3f3c3ba141/docs/python/python_packages.md#L207-L243
TV_PYTHON_PYTHON_PACKAGES_09,python/python_packages.md,9,244,269,,https://github.com/tavor118/pj_python_interview_questions_and_answers/blob/02d57a7a9f34fd386eb8aa5c0094fe3f3c3ba141/docs/python/python_packages.md#L244-L269
TV_PYTHON_PYTHON_PACKAGES_10,python/python_packages.md,10,270,278,,https://github.com/tavor118/pj_python_interview_questions_and_answers/blob/02d57a7a9f34fd386eb8aa5c0094fe3f3c3ba141/docs/python/python_packages.md#L270-L278
TV_PYTHON_PYTHON_PACKAGES_11,python/python_packages.md,11,279,440,20,https://github.com/tavor118/pj_python_interview_questions_and_answers/blob/02d57a7a9f34fd386eb8aa5c0094fe3f3c3ba141/docs/python/python_packages.md#L279-L440
TV_PYTHON_PYTHON_PACKAGES_12,python/python_packages.md,12,441,488,,https://github.com/tavor118/pj_python_interview_questions_and_answers/blob/02d57a7a9f34fd386eb8aa5c0094fe3f3c3ba141/docs/python/python_packages.md#L441-L488
TV_PYTHON_PYTHON_PACKAGES_13,python/python_packages.md,13,489,527,,https://github.com/tavor118/pj_python_interview_questions_and_answers/blob/02d57a7a9f34fd386eb8aa5c0094fe3f3c3ba141/docs/python/python_packages.md#L489-L527
TV_PYTHON_PYTHON_PACKAGES_14,python/python_packages.md,14,528,555,,https://github.com/tavor118/pj_python_interview_questions_and_answers/blob/02d57a7a9f34fd386eb8aa5c0094fe3f3c3ba141/docs/python/python_packages.md#L528-L555
TV_PYTHON_SEQUENCES_01,python/sequences.md,1,3,17,,https://github.com/tavor118/pj_python_interview_questions_and_answers/blob/02d57a7a9f34fd386eb8aa5c0094fe3f3c3ba141/docs/python/sequences.md#L3-L17
TV_PYTHON_SEQUENCES_02,python/sequences.md,2,18,38,,https://github.com/tavor118/pj_python_interview_questions_and_answers/blob/02d57a7a9f34fd386eb8aa5c0094fe3f3c3ba141/docs/python/sequences.md#L18-L38
TV_PYTHON_SEQUENCES_03,python/sequences.md,3,39,82,18,https://github.com/tavor118/pj_python_interview_questions_and_answers/blob/02d57a7a9f34fd386eb8aa5c0094fe3f3c3ba141/docs/python/sequences.md#L39-L82
TV_PYTHON_SEQUENCES_04,python/sequences.md,4,83,88,,https://github.com/tavor118/pj_python_interview_questions_and_answers/blob/02d57a7a9f34fd386eb8aa5c0094fe3f3c3ba141/docs/python/sequences.md#L83-L88
TV_PYTHON_SEQUENCES_05,python/sequences.md,5,89,104,13,https://github.com/tavor118/pj_python_interview_questions_and_answers/blob/02d57a7a9f34fd386eb8aa5c0094fe3f3c3ba141/docs/python/sequences.md#L89-L104
TV_PYTHON_SEQUENCES_06,python/sequences.md,6,105,113,,https://github.com/tavor118/pj_python_interview_questions_and_answers/blob/02d57a7a9f34fd386eb8aa5c0094fe3f3c3ba141/docs/python/sequences.md#L105-L113
TV_PYTHON_SEQUENCES_07,python/sequences.md,7,114,127,,https://github.com/tavor118/pj_python_interview_questions_and_answers/blob/02d57a7a9f34fd386eb8aa5c0094fe3f3c3ba141/docs/python/sequences.md#L114-L127
TV_PYTHON_SEQUENCES_08,python/sequences.md,8,128,161,17,https://github.com/tavor118/pj_python_interview_questions_and_answers/blob/02d57a7a9f34fd386eb8aa5c0094fe3f3c3ba141/docs/python/sequences.md#L128-L161
TV_PYTHON_SEQUENCES_09,python/sequences.md,9,162,201,,https://github.com/tavor118/pj_python_interview_questions_and_answers/blob/02d57a7a9f34fd386eb8aa5c0094fe3f3c3ba141/docs/python/sequences.md#L162-L201
TV_PYTHON_SEQUENCES_10,python/sequences.md,10,202,291,31,https://github.com/tavor118/pj_python_interview_questions_and_answers/blob/02d57a7a9f34fd386eb8aa5c0094fe3f3c3ba141/docs/python/sequences.md#L202-L291
TV_PYTHON_SEQUENCES_11,python/sequences.md,11,292,321,,https://github.com/tavor118/pj_python_interview_questions_and_answers/blob/02d57a7a9f34fd386eb8aa5c0094fe3f3c3ba141/docs/python/sequences.md#L292-L321
TV_PYTHON_SEQUENCES_12,python/sequences.md,12,322,339,,https://github.com/tavor118/pj_python_interview_questions_and_answers/blob/02d57a7a9f34fd386eb8aa5c0094fe3f3c3ba141/docs/python/sequences.md#L322-L339
TV_PYTHON_SEQUENCES_13,python/sequences.md,13,340,353,,https://github.com/tavor118/pj_python_interview_questions_and_answers/blob/02d57a7a9f34fd386eb8aa5c0094fe3f3c3ba141/docs/python/sequences.md#L340-L353
TV_PYTHON_SEQUENCES_14,python/sequences.md,14,354,365,,https://github.com/tavor118/pj_python_interview_questions_and_answers/blob/02d57a7a9f34fd386eb8aa5c0094fe3f3c3ba141/docs/python/sequences.md#L354-L365
TV_PYTHON_SEQUENCES_15,python/sequences.md,15,366,397,17,https://github.com/tavor118/pj_python_interview_questions_and_answers/blob/02d57a7a9f34fd386eb8aa5c0094fe3f3c3ba141/docs/python/sequences.md#L366-L397
TV_PYTHON_SEQUENCES_16,python/sequences.md,16,398,405,23,https://github.com/tavor118/pj_python_interview_questions_and_answers/blob/02d57a7a9f34fd386eb8aa5c0094fe3f3c3ba141/docs/python/sequences.md#L398-L405
TV_PYTHON_SEQUENCES_17,python/sequences.md,17,406,428,,https://github.com/tavor118/pj_python_interview_questions_and_answers/blob/02d57a7a9f34fd386eb8aa5c0094fe3f3c3ba141/docs/python/sequences.md#L406-L428
TV_PYTHON_SEQUENCES_18,python/sequences.md,18,429,502,,https://github.com/tavor118/pj_python_interview_questions_and_answers/blob/02d57a7a9f34fd386eb8aa5c0094fe3f3c3ba141/docs/python/sequences.md#L429-L502
TV_PYTHON_SEQUENCES_19,python/sequences.md,19,503,516,,https://github.com/tavor118/pj_python_interview_questions_and_answers/blob/02d57a7a9f34fd386eb8aa5c0094fe3f3c3ba141/docs/python/sequences.md#L503-L516
TV_PYTHON_SEQUENCES_20,python/sequences.md,20,517,538,,https://github.com/tavor118/pj_python_interview_questions_and_answers/blob/02d57a7a9f34fd386eb8aa5c0094fe3f3c3ba141/docs/python/sequences.md#L517-L538
TV_PYTHON_SEQUENCES_21,python/sequences.md,21,539,548,10,https://github.com/tavor118/pj_python_interview_questions_and_answers/blob/02d57a7a9f34fd386eb8aa5c0094fe3f3c3ba141/docs/python/sequences.md#L539-L548
TV_PYTHON_SET_AND_DICT_01,python/set_and_dict.md,1,3,16,20,https://github.com/tavor118/pj_python_interview_questions_and_answers/blob/02d57a7a9f34fd386eb8aa5c0094fe3f3c3ba141/docs/python/set_and_dict.md#L3-L16
TV_PYTHON_SET_AND_DICT_02,python/set_and_dict.md,2,17,35,16,https://github.com/tavor118/pj_python_interview_questions_and_answers/blob/02d57a7a9f34fd386eb8aa5c0094fe3f3c3ba141/docs/python/set_and_dict.md#L17-L35
TV_PYTHON_SET_AND_DICT_03,python/set_and_dict.md,3,36,70,,https://github.com/tavor118/pj_python_interview_questions_and_answers/blob/02d57a7a9f34fd386eb8aa5c0094fe3f3c3ba141/docs/python/set_and_dict.md#L36-L70
TV_PYTHON_SET_AND_DICT_04,python/set_and_dict.md,4,71,103,31,https://github.com/tavor118/pj_python_interview_questions_and_answers/blob/02d57a7a9f34fd386eb8aa5c0094fe3f3c3ba141/docs/python/set_and_dict.md#L71-L103
TV_PYTHON_SET_AND_DICT_05,python/set_and_dict.md,5,104,117,,https://github.com/tavor118/pj_python_interview_questions_and_answers/blob/02d57a7a9f34fd386eb8aa5c0094fe3f3c3ba141/docs/python/set_and_dict.md#L104-L117
TV_PYTHON_SET_AND_DICT_06,python/set_and_dict.md,6,118,138,,https://github.com/tavor118/pj_python_interview_questions_and_answers/blob/02d57a7a9f34fd386eb8aa5c0094fe3f3c3ba141/docs/python/set_and_dict.md#L118-L138
TV_PYTHON_SET_AND_DICT_07,python/set_and_dict.md,7,139,153,,https://github.com/tavor118/pj_python_interview_questions_and_answers/blob/02d57a7a9f34fd386eb8aa5c0094fe3f3c3ba141/docs/python/set_and_dict.md#L139-L153
TV_PYTHON_SET_AND_DICT_08,python/set_and_dict.md,8,154,172,,https://github.com/tavor118/pj_python_interview_questions_and_answers/blob/02d57a7a9f34fd386eb8aa5c0094fe3f3c3ba141/docs/python/set_and_dict.md#L154-L172
TV_PYTHON_SET_AND_DICT_09,python/set_and_dict.md,9,173,190,,https://github.com/tavor118/pj_python_interview_questions_and_answers/blob/02d57a7a9f34fd386eb8aa5c0094fe3f3c3ba141/docs/python/set_and_dict.md#L173-L190
TV_PYTHON_SET_AND_DICT_10,python/set_and_dict.md,10,191,205,,https://github.com/tavor118/pj_python_interview_questions_and_answers/blob/02d57a7a9f34fd386eb8aa5c0094fe3f3c3ba141/docs/python/set_and_dict.md#L191-L205
TV_PYTHON_SET_AND_DICT_11,python/set_and_dict.md,11,206,242,59,https://github.com/tavor118/pj_python_interview_questions_and_answers/blob/02d57a7a9f34fd386eb8aa5c0094fe3f3c3ba141/docs/python/set_and_dict.md#L206-L242
TV_PYTHON_SET_AND_DICT_12,python/set_and_dict.md,12,243,256,,https://github.com/tavor118/pj_python_interview_questions_and_answers/blob/02d57a7a9f34fd386eb8aa5c0094fe3f3c3ba141/docs/python/set_and_dict.md#L243-L256
TV_PYTHON_SET_AND_DICT_13,python/set_and_dict.md,13,257,292,66,https://github.com/tavor118/pj_python_interview_questions_and_answers/blob/02d57a7a9f34fd386eb8aa5c0094fe3f3c3ba141/docs/python/set_and_dict.md#L257-L292
TV_PYTHON_SET_AND_DICT_14,python/set_and_dict.md,14,293,387,,https://github.com/tavor118/pj_python_interview_questions_and_answers/blob/02d57a7a9f34fd386eb8aa5c0094fe3f3c3ba141/docs/python/set_and_dict.md#L293-L387
TV_PYTHON_SET_AND_DICT_15,python/set_and_dict.md,15,388,440,,https://github.com/tavor118/pj_python_interview_questions_and_answers/blob/02d57a7a9f34fd386eb8aa5c0094fe3f3c3ba141/docs/python/set_and_dict.md#L388-L440
TV_PYTHON_SET_AND_DICT_16,python/set_and_dict.md,16,441,511,31,https://github.com/tavor118/pj_python_interview_questions_and_answers/blob/02d57a7a9f34fd386eb8aa5c0094fe3f3c3ba141/docs/python/set_and_dict.md#L441-L511
TV_PYTHON_SET_AND_DICT_17,python/set_and_dict.md,17,512,539,,https://github.com/tavor118/pj_python_interview_questions_and_answers/blob/02d57a7a9f34fd386eb8aa5c0094fe3f3c3ba141/docs/python/set_and_dict.md#L512-L539
TV_PYTHON_SET_AND_DICT_18,python/set_and_dict.md,18,540,592,16,https://github.com/tavor118/pj_python_interview_questions_and_answers/blob/02d57a7a9f34fd386eb8aa5c0094fe3f3c3ba141/docs/python/set_and_dict.md#L540-L592
TV_PYTHON_STANDARD_LIBRARY_01,python/standard_library.md,1,3,19,,https://github.com/tavor118/pj_python_interview_questions_and_answers/blob/02d57a7a9f34fd386eb8aa5c0094fe3f3c3ba141/docs/python/standard_library.md#L3-L19
TV_PYTHON_STANDARD_LIBRARY_02,python/standard_library.md,2,20,100,,https://github.com/tavor118/pj_python_interview_questions_and_answers/blob/02d57a7a9f34fd386eb8aa5c0094fe3f3c3ba141/docs/python/standard_library.md#L20-L100
TV_PYTHON_STANDARD_LIBRARY_03,python/standard_library.md,3,101,159,,https://github.com/tavor118/pj_python_interview_questions_and_answers/blob/02d57a7a9f34fd386eb8aa5c0094fe3f3c3ba141/docs/python/standard_library.md#L101-L159
TV_PYTHON_STANDARD_LIBRARY_04,python/standard_library.md,4,160,194,,https://github.com/tavor118/pj_python_interview_questions_and_answers/blob/02d57a7a9f34fd386eb8aa5c0094fe3f3c3ba141/docs/python/standard_library.md#L160-L194
TV_PYTHON_STANDARD_LIBRARY_05,python/standard_library.md,5,195,231,,https://github.com/tavor118/pj_python_interview_questions_and_answers/blob/02d57a7a9f34fd386eb8aa5c0094fe3f3c3ba141/docs/python/standard_library.md#L195-L231
TV_PYTHON_STANDARD_LIBRARY_06,python/standard_library.md,6,232,268,,https://github.com/tavor118/pj_python_interview_questions_and_answers/blob/02d57a7a9f34fd386eb8aa5c0094fe3f3c3ba141/docs/python/standard_library.md#L232-L268
TV_PYTHON_STANDARD_LIBRARY_07,python/standard_library.md,7,269,296,,https://github.com/tavor118/pj_python_interview_questions_and_answers/blob/02d57a7a9f34fd386eb8aa5c0094fe3f3c3ba141/docs/python/standard_library.md#L269-L296
TV_PYTHON_STANDARD_LIBRARY_08,python/standard_library.md,8,297,350,,https://github.com/tavor118/pj_python_interview_questions_and_answers/blob/02d57a7a9f34fd386eb8aa5c0094fe3f3c3ba141/docs/python/standard_library.md#L297-L350
TV_PYTHON_STANDARD_LIBRARY_09,python/standard_library.md,9,351,392,,https://github.com/tavor118/pj_python_interview_questions_and_answers/blob/02d57a7a9f34fd386eb8aa5c0094fe3f3c3ba141/docs/python/standard_library.md#L351-L392
TV_PYTHON_STANDARD_LIBRARY_10,python/standard_library.md,10,393,441,,https://github.com/tavor118/pj_python_interview_questions_and_answers/blob/02d57a7a9f34fd386eb8aa5c0094fe3f3c3ba141/docs/python/standard_library.md#L393-L441
TV_PYTHON_STANDARD_LIBRARY_11,python/standard_library.md,11,442,508,,https://github.com/tavor118/pj_python_interview_questions_and_answers/blob/02d57a7a9f34fd386eb8aa5c0094fe3f3c3ba141/docs/python/standard_library.md#L442-L508
TV_PYTHON_STANDARD_LIBRARY_12,python/standard_library.md,12,509,548,,https://github.com/tavor118/pj_python_interview_questions_and_answers/blob/02d57a7a9f34fd386eb8aa5c0094fe3f3c3ba141/docs/python/standard_library.md#L509-L548
TV_PYTHON_STANDARD_LIBRARY_13,python/standard_library.md,13,549,556,,https://github.com/tavor118/pj_python_interview_questions_and_answers/blob/02d57a7a9f34fd386eb8aa5c0094fe3f3c3ba141/docs/python/standard_library.md#L549-L556
TV_PYTHON_STANDARD_LIBRARY_14,python/standard_library.md,14,557,604,,https://github.com/tavor118/pj_python_interview_questions_and_answers/blob/02d57a7a9f34fd386eb8aa5c0094fe3f3c3ba141/docs/python/standard_library.md#L557-L604
TV_PYTHON_STANDARD_LIBRARY_15,python/standard_library.md,15,605,665,,https://github.com/tavor118/pj_python_interview_questions_and_answers/blob/02d57a7a9f34fd386eb8aa5c0094fe3f3c3ba141/docs/python/standard_library.md#L605-L665
TV_PYTHON_STANDARD_LIBRARY_16,python/standard_library.md,16,666,695,,https://github.com/tavor118/pj_python_interview_questions_and_answers/blob/02d57a7a9f34fd386eb8aa5c0094fe3f3c3ba141/docs/python/standard_library.md#L666-L695
TV_PYTHON_STANDARD_LIBRARY_17,python/standard_library.md,17,696,709,,https://github.com/tavor118/pj_python_interview_questions_and_answers/blob/02d57a7a9f34fd386eb8aa5c0094fe3f3c3ba141/docs/python/standard_library.md#L696-L709
TV_PYTHON_STANDARD_LIBRARY_18,python/standard_library.md,18,710,723,,https://github.com/tavor118/pj_python_interview_questions_and_answers/blob/02d57a7a9f34fd386eb8aa5c0094fe3f3c3ba141/docs/python/standard_library.md#L710-L723
TV_PYTHON_SYNTAX_01,python/syntax.md,1,3,12,12,https://github.com/tavor118/pj_python_interview_questions_and_answers/blob/02d57a7a9f34fd386eb8aa5c0094fe3f3c3ba141/docs/python/syntax.md#L3-L12
TV_PYTHON_SYNTAX_02,python/syntax.md,2,13,43,,https://github.com/tavor118/pj_python_interview_questions_and_answers/blob/02d57a7a9f34fd386eb8aa5c0094fe3f3c3ba141/docs/python/syntax.md#L13-L43
TV_PYTHON_SYNTAX_03,python/syntax.md,3,44,90,19,https://github.com/tavor118/pj_python_interview_questions_and_answers/blob/02d57a7a9f34fd386eb8aa5c0094fe3f3c3ba141/docs/python/syntax.md#L44-L90
TV_PYTHON_SYNTAX_04,python/syntax.md,4,91,147,,https://github.com/tavor118/pj_python_interview_questions_and_answers/blob/02d57a7a9f34fd386eb8aa5c0094fe3f3c3ba141/docs/python/syntax.md#L91-L147
TV_PYTHON_SYNTAX_05,python/syntax.md,5,148,163,10,https://github.com/tavor118/pj_python_interview_questions_and_answers/blob/02d57a7a9f34fd386eb8aa5c0094fe3f3c3ba141/docs/python/syntax.md#L148-L163
TV_PYTHON_SYNTAX_06,python/syntax.md,6,164,228,,https://github.com/tavor118/pj_python_interview_questions_and_answers/blob/02d57a7a9f34fd386eb8aa5c0094fe3f3c3ba141/docs/python/syntax.md#L164-L228
TV_PYTHON_SYNTAX_07,python/syntax.md,7,229,251,,https://github.com/tavor118/pj_python_interview_questions_and_answers/blob/02d57a7a9f34fd386eb8aa5c0094fe3f3c3ba141/docs/python/syntax.md#L229-L251
TV_PYTHON_SYNTAX_08,python/syntax.md,8,252,352,,https://github.com/tavor118/pj_python_interview_questions_and_answers/blob/02d57a7a9f34fd386eb8aa5c0094fe3f3c3ba141/docs/python/syntax.md#L252-L352
TV_PYTHON_SYNTAX_09,python/syntax.md,9,353,391,,https://github.com/tavor118/pj_python_interview_questions_and_answers/blob/02d57a7a9f34fd386eb8aa5c0094fe3f3c3ba141/docs/python/syntax.md#L353-L391
TV_PYTHON_SYNTAX_10,python/syntax.md,10,392,413,,https://github.com/tavor118/pj_python_interview_questions_and_answers/blob/02d57a7a9f34fd386eb8aa5c0094fe3f3c3ba141/docs/python/syntax.md#L392-L413
TV_PYTHON_SYNTAX_11,python/syntax.md,11,414,422,,https://github.com/tavor118/pj_python_interview_questions_and_answers/blob/02d57a7a9f34fd386eb8aa5c0094fe3f3c3ba141/docs/python/syntax.md#L414-L422
TV_PYTHON_SYNTAX_12,python/syntax.md,12,423,441,,https://github.com/tavor118/pj_python_interview_questions_and_answers/blob/02d57a7a9f34fd386eb8aa5c0094fe3f3c3ba141/docs/python/syntax.md#L423-L441
TV_PYTHON_SYNTAX_13,python/syntax.md,13,442,558,13,https://github.com/tavor118/pj_python_interview_questions_and_answers/blob/02d57a7a9f34fd386eb8aa5c0094fe3f3c3ba141/docs/python/syntax.md#L442-L558
TV_PYTHON_FRAMEWORK_DJANGO_01,python_framework/django.md,1,3,22,,https://github.com/tavor118/pj_python_interview_questions_and_answers/blob/02d57a7a9f34fd386eb8aa5c0094fe3f3c3ba141/docs/python_framework/django.md#L3-L22
TV_PYTHON_FRAMEWORK_DJANGO_02,python_framework/django.md,2,23,38,,https://github.com/tavor118/pj_python_interview_questions_and_answers/blob/02d57a7a9f34fd386eb8aa5c0094fe3f3c3ba141/docs/python_framework/django.md#L23-L38
TV_PYTHON_FRAMEWORK_DJANGO_03,python_framework/django.md,3,39,179,36,https://github.com/tavor118/pj_python_interview_questions_and_answers/blob/02d57a7a9f34fd386eb8aa5c0094fe3f3c3ba141/docs/python_framework/django.md#L39-L179
TV_PYTHON_FRAMEWORK_DJANGO_04,python_framework/django.md,4,180,255,10,https://github.com/tavor118/pj_python_interview_questions_and_answers/blob/02d57a7a9f34fd386eb8aa5c0094fe3f3c3ba141/docs/python_framework/django.md#L180-L255
TV_PYTHON_FRAMEWORK_DJANGO_05,python_framework/django.md,5,256,341,,https://github.com/tavor118/pj_python_interview_questions_and_answers/blob/02d57a7a9f34fd386eb8aa5c0094fe3f3c3ba141/docs/python_framework/django.md#L256-L341
TV_PYTHON_FRAMEWORK_DJANGO_06,python_framework/django.md,6,342,376,,https://github.com/tavor118/pj_python_interview_questions_and_answers/blob/02d57a7a9f34fd386eb8aa5c0094fe3f3c3ba141/docs/python_framework/django.md#L342-L376
TV_PYTHON_FRAMEWORK_DJANGO_07,python_framework/django.md,7,377,404,,https://github.com/tavor118/pj_python_interview_questions_and_answers/blob/02d57a7a9f34fd386eb8aa5c0094fe3f3c3ba141/docs/python_framework/django.md#L377-L404
TV_PYTHON_FRAMEWORK_DJANGO_08,python_framework/django.md,8,405,496,14,https://github.com/tavor118/pj_python_interview_questions_and_answers/blob/02d57a7a9f34fd386eb8aa5c0094fe3f3c3ba141/docs/python_framework/django.md#L405-L496
TV_PYTHON_FRAMEWORK_DJANGO_09,python_framework/django.md,9,497,543,,https://github.com/tavor118/pj_python_interview_questions_and_answers/blob/02d57a7a9f34fd386eb8aa5c0094fe3f3c3ba141/docs/python_framework/django.md#L497-L543
TV_PYTHON_FRAMEWORK_DJANGO_10,python_framework/django.md,10,544,605,,https://github.com/tavor118/pj_python_interview_questions_and_answers/blob/02d57a7a9f34fd386eb8aa5c0094fe3f3c3ba141/docs/python_framework/django.md#L544-L605
TV_PYTHON_FRAMEWORK_DJANGO_11,python_framework/django.md,11,606,669,28,https://github.com/tavor118/pj_python_interview_questions_and_answers/blob/02d57a7a9f34fd386eb8aa5c0094fe3f3c3ba141/docs/python_framework/django.md#L606-L669
TV_PYTHON_FRAMEWORK_DJANGO_12,python_framework/django.md,12,670,745,,https://github.com/tavor118/pj_python_interview_questions_and_answers/blob/02d57a7a9f34fd386eb8aa5c0094fe3f3c3ba141/docs/python_framework/django.md#L670-L745
TV_PYTHON_FRAMEWORK_DJANGO_13,python_framework/django.md,13,746,817,,https://github.com/tavor118/pj_python_interview_questions_and_answers/blob/02d57a7a9f34fd386eb8aa5c0094fe3f3c3ba141/docs/python_framework/django.md#L746-L817
TV_PYTHON_FRAMEWORK_DJANGO_14,python_framework/django.md,14,818,838,,https://github.com/tavor118/pj_python_interview_questions_and_answers/blob/02d57a7a9f34fd386eb8aa5c0094fe3f3c3ba141/docs/python_framework/django.md#L818-L838
TV_PYTHON_FRAMEWORK_DJANGO_15,python_framework/django.md,15,839,866,,https://github.com/tavor118/pj_python_interview_questions_and_answers/blob/02d57a7a9f34fd386eb8aa5c0094fe3f3c3ba141/docs/python_framework/django.md#L839-L866
TV_PYTHON_FRAMEWORK_DJANGO_16,python_framework/django.md,16,867,897,,https://github.com/tavor118/pj_python_interview_questions_and_answers/blob/02d57a7a9f34fd386eb8aa5c0094fe3f3c3ba141/docs/python_framework/django.md#L867-L897
TV_PYTHON_FRAMEWORK_DJANGO_17,python_framework/django.md,17,898,915,12,https://github.com/tavor118/pj_python_interview_questions_and_answers/blob/02d57a7a9f34fd386eb8aa5c0094fe3f3c3ba141/docs/python_framework/django.md#L898-L915
TV_PYTHON_FRAMEWORK_DJANGO_18,python_framework/django.md,18,916,947,,https://github.com/tavor118/pj_python_interview_questions_and_answers/blob/02d57a7a9f34fd386eb8aa5c0094fe3f3c3ba141/docs/python_framework/django.md#L916-L947
TV_PYTHON_FRAMEWORK_DJANGO_19,python_framework/django.md,19,948,1005,13,https://github.com/tavor118/pj_python_interview_questions_and_answers/blob/02d57a7a9f34fd386eb8aa5c0094fe3f3c3ba141/docs/python_framework/django.md#L948-L1005
TV_PYTHON_FRAMEWORK_DJANGO_20,python_framework/django.md,20,1006,1050,21,https://github.com/tavor118/pj_python_interview_questions_and_answers/blob/02d57a7a9f34fd386eb8aa5c0094fe3f3c3ba141/docs/python_framework/django.md#L1006-L1050
TV_PYTHON_FRAMEWORK_DJANGO_21,python_framework/django.md,21,1051,1068,14,https://github.com/tavor118/pj_python_interview_questions_and_answers/blob/02d57a7a9f34fd386eb8aa5c0094fe3f3c3ba141/docs/python_framework/django.md#L1051-L1068
TV_PYTHON_FRAMEWORK_DJANGO_22,python_framework/django.md,22,1069,1110,,https://github.com/tavor118/pj_python_interview_questions_and_answers/blob/02d57a7a9f34fd386eb8aa5c0094fe3f3c3ba141/docs/python_framework/django.md#L1069-L1110
TV_PYTHON_FRAMEWORK_DJANGO_23,python_framework/django.md,23,1111,1149,,https://github.com/tavor118/pj_python_interview_questions_and_answers/blob/02d57a7a9f34fd386eb8aa5c0094fe3f3c3ba141/docs/python_framework/django.md#L1111-L1149
TV_PYTHON_FRAMEWORK_DJANGO_24,python_framework/django.md,24,1150,1175,,https://github.com/tavor118/pj_python_interview_questions_and_answers/blob/02d57a7a9f34fd386eb8aa5c0094fe3f3c3ba141/docs/python_framework/django.md#L1150-L1175
TV_PYTHON_FRAMEWORK_DJANGO_25,python_framework/django.md,25,1176,1204,,https://github.com/tavor118/pj_python_interview_questions_and_answers/blob/02d57a7a9f34fd386eb8aa5c0094fe3f3c3ba141/docs/python_framework/django.md#L1176-L1204
TV_PYTHON_FRAMEWORK_DJANGO_26,python_framework/django.md,26,1205,1235,,https://github.com/tavor118/pj_python_interview_questions_and_answers/blob/02d57a7a9f34fd386eb8aa5c0094fe3f3c3ba141/docs/python_framework/django.md#L1205-L1235
TV_PYTHON_FRAMEWORK_DJANGO_27,python_framework/django.md,27,1236,1255,,https://github.com/tavor118/pj_python_interview_questions_and_answers/blob/02d57a7a9f34fd386eb8aa5c0094fe3f3c3ba141/docs/python_framework/django.md#L1236-L1255
TV_PYTHON_FRAMEWORK_DRF_01,python_framework/drf.md,1,3,26,10,https://github.com/tavor118/pj_python_interview_questions_and_answers/blob/02d57a7a9f34fd386eb8aa5c0094fe3f3c3ba141/docs/python_framework/drf.md#L3-L26
TV_PYTHON_FRAMEWORK_DRF_02,python_framework/drf.md,2,27,90,,https://github.com/tavor118/pj_python_interview_questions_and_answers/blob/02d57a7a9f34fd386eb8aa5c0094fe3f3c3ba141/docs/python_framework/drf.md#L27-L90
TV_PYTHON_FRAMEWORK_DRF_03,python_framework/drf.md,3,91,172,,https://github.com/tavor118/pj_python_interview_questions_and_answers/blob/02d57a7a9f34fd386eb8aa5c0094fe3f3c3ba141/docs/python_framework/drf.md#L91-L172
TV_PYTHON_FRAMEWORK_DRF_04,python_framework/drf.md,4,173,267,,https://github.com/tavor118/pj_python_interview_questions_and_answers/blob/02d57a7a9f34fd386eb8aa5c0094fe3f3c3ba141/docs/python_framework/drf.md#L173-L267
TV_PYTHON_FRAMEWORK_DRF_05,python_framework/drf.md,5,268,350,,https://github.com/tavor118/pj_python_interview_questions_and_answers/blob/02d57a7a9f34fd386eb8aa5c0094fe3f3c3ba141/docs/python_framework/drf.md#L268-L350
TV_PYTHON_FRAMEWORK_DRF_06,python_framework/drf.md,6,351,428,,https://github.com/tavor118/pj_python_interview_questions_and_answers/blob/02d57a7a9f34fd386eb8aa5c0094fe3f3c3ba141/docs/python_framework/drf.md#L351-L428
TV_PYTHON_FRAMEWORK_DRF_07,python_framework/drf.md,7,429,505,,https://github.com/tavor118/pj_python_interview_questions_and_answers/blob/02d57a7a9f34fd386eb8aa5c0094fe3f3c3ba141/docs/python_framework/drf.md#L429-L505
TV_PYTHON_FRAMEWORK_DRF_08,python_framework/drf.md,8,506,610,,https://github.com/tavor118/pj_python_interview_questions_and_answers/blob/02d57a7a9f34fd386eb8aa5c0094fe3f3c3ba141/docs/python_framework/drf.md#L506-L610
TV_PYTHON_FRAMEWORK_FAST_API_01,python_framework/fast_api.md,1,3,19,,https://github.com/tavor118/pj_python_interview_questions_and_answers/blob/02d57a7a9f34fd386eb8aa5c0094fe3f3c3ba141/docs/python_framework/fast_api.md#L3-L19
TV_PYTHON_FRAMEWORK_FAST_API_02,python_framework/fast_api.md,2,20,101,11,https://github.com/tavor118/pj_python_interview_questions_and_answers/blob/02d57a7a9f34fd386eb8aa5c0094fe3f3c3ba141/docs/python_framework/fast_api.md#L20-L101
TV_PYTHON_FRAMEWORK_FAST_API_03,python_framework/fast_api.md,3,102,179,,https://github.com/tavor118/pj_python_interview_questions_and_answers/blob/02d57a7a9f34fd386eb8aa5c0094fe3f3c3ba141/docs/python_framework/fast_api.md#L102-L179
TV_PYTHON_FRAMEWORK_FAST_API_04,python_framework/fast_api.md,4,180,254,19,https://github.com/tavor118/pj_python_interview_questions_and_answers/blob/02d57a7a9f34fd386eb8aa5c0094fe3f3c3ba141/docs/python_framework/fast_api.md#L180-L254
TV_PYTHON_FRAMEWORK_FAST_API_05,python_framework/fast_api.md,5,255,335,,https://github.com/tavor118/pj_python_interview_questions_and_answers/blob/02d57a7a9f34fd386eb8aa5c0094fe3f3c3ba141/docs/python_framework/fast_api.md#L255-L335
TV_PYTHON_FRAMEWORK_FAST_API_06,python_framework/fast_api.md,6,336,401,,https://github.com/tavor118/pj_python_interview_questions_and_answers/blob/02d57a7a9f34fd386eb8aa5c0094fe3f3c3ba141/docs/python_framework/fast_api.md#L336-L401
TV_PYTHON_FRAMEWORK_FAST_API_07,python_framework/fast_api.md,7,402,502,,https://github.com/tavor118/pj_python_interview_questions_and_answers/blob/02d57a7a9f34fd386eb8aa5c0094fe3f3c3ba141/docs/python_framework/fast_api.md#L402-L502
TV_PYTHON_FRAMEWORK_FAST_API_08,python_framework/fast_api.md,8,503,564,,https://github.com/tavor118/pj_python_interview_questions_and_answers/blob/02d57a7a9f34fd386eb8aa5c0094fe3f3c3ba141/docs/python_framework/fast_api.md#L503-L564
TV_PYTHON_FRAMEWORK_FAST_API_09,python_framework/fast_api.md,9,565,646,,https://github.com/tavor118/pj_python_interview_questions_and_answers/blob/02d57a7a9f34fd386eb8aa5c0094fe3f3c3ba141/docs/python_framework/fast_api.md#L565-L646
TV_PYTHON_FRAMEWORK_FAST_API_10,python_framework/fast_api.md,10,647,705,,https://github.com/tavor118/pj_python_interview_questions_and_answers/blob/02d57a7a9f34fd386eb8aa5c0094fe3f3c3ba141/docs/python_framework/fast_api.md#L647-L705
TV_PYTHON_FRAMEWORK_FAST_API_11,python_framework/fast_api.md,11,706,796,10,https://github.com/tavor118/pj_python_interview_questions_and_answers/blob/02d57a7a9f34fd386eb8aa5c0094fe3f3c3ba141/docs/python_framework/fast_api.md#L706-L796
TV_PYTHON_FRAMEWORK_FAST_API_12,python_framework/fast_api.md,12,797,876,,https://github.com/tavor118/pj_python_interview_questions_and_answers/blob/02d57a7a9f34fd386eb8aa5c0094fe3f3c3ba141/docs/python_framework/fast_api.md#L797-L876
TV_PYTHON_FRAMEWORK_FAST_API_13,python_framework/fast_api.md,13,877,954,,https://github.com/tavor118/pj_python_interview_questions_and_answers/blob/02d57a7a9f34fd386eb8aa5c0094fe3f3c3ba141/docs/python_framework/fast_api.md#L877-L954
TV_PYTHON_FRAMEWORK_FAST_API_14,python_framework/fast_api.md,14,955,1062,,https://github.com/tavor118/pj_python_interview_questions_and_answers/blob/02d57a7a9f34fd386eb8aa5c0094fe3f3c3ba141/docs/python_framework/fast_api.md#L955-L1062
TV_PYTHON_FRAMEWORK_SQLALCHEMY_01,python_framework/sqlalchemy.md,1,3,127,18,https://github.com/tavor118/pj_python_interview_questions_and_answers/blob/02d57a7a9f34fd386eb8aa5c0094fe3f3c3ba141/docs/python_framework/sqlalchemy.md#L3-L127
TV_PYTHON_FRAMEWORK_SQLALCHEMY_02,python_framework/sqlalchemy.md,2,128,149,,https://github.com/tavor118/pj_python_interview_questions_and_answers/blob/02d57a7a9f34fd386eb8aa5c0094fe3f3c3ba141/docs/python_framework/sqlalchemy.md#L128-L149
TV_PYTHON_FRAMEWORK_SQLALCHEMY_03,python_framework/sqlalchemy.md,3,150,193,,https://github.com/tavor118/pj_python_interview_questions_and_answers/blob/02d57a7a9f34fd386eb8aa5c0094fe3f3c3ba141/docs/python_framework/sqlalchemy.md#L150-L193
TV_PYTHON_FRAMEWORK_SQLALCHEMY_04,python_framework/sqlalchemy.md,4,194,279,,https://github.com/tavor118/pj_python_interview_questions_and_answers/blob/02d57a7a9f34fd386eb8aa5c0094fe3f3c3ba141/docs/python_framework/sqlalchemy.md#L194-L279
TV_PYTHON_FRAMEWORK_SQLALCHEMY_05,python_framework/sqlalchemy.md,5,280,362,,https://github.com/tavor118/pj_python_interview_questions_and_answers/blob/02d57a7a9f34fd386eb8aa5c0094fe3f3c3ba141/docs/python_framework/sqlalchemy.md#L280-L362
TV_PYTHON_FRAMEWORK_SQLALCHEMY_06,python_framework/sqlalchemy.md,6,363,464,12,https://github.com/tavor118/pj_python_interview_questions_and_answers/blob/02d57a7a9f34fd386eb8aa5c0094fe3f3c3ba141/docs/python_framework/sqlalchemy.md#L363-L464
TV_PYTHON_FRAMEWORK_SQLALCHEMY_07,python_framework/sqlalchemy.md,7,465,500,,https://github.com/tavor118/pj_python_interview_questions_and_answers/blob/02d57a7a9f34fd386eb8aa5c0094fe3f3c3ba141/docs/python_framework/sqlalchemy.md#L465-L500
TV_PYTHON_FRAMEWORK_SQLALCHEMY_08,python_framework/sqlalchemy.md,8,501,586,,https://github.com/tavor118/pj_python_interview_questions_and_answers/blob/02d57a7a9f34fd386eb8aa5c0094fe3f3c3ba141/docs/python_framework/sqlalchemy.md#L501-L586
TV_PYTHON_FRAMEWORK_SQLALCHEMY_09,python_framework/sqlalchemy.md,9,587,662,,https://github.com/tavor118/pj_python_interview_questions_and_answers/blob/02d57a7a9f34fd386eb8aa5c0094fe3f3c3ba141/docs/python_framework/sqlalchemy.md#L587-L662
TV_PYTHON_FRAMEWORK_SQLALCHEMY_10,python_framework/sqlalchemy.md,10,663,690,,https://github.com/tavor118/pj_python_interview_questions_and_answers/blob/02d57a7a9f34fd386eb8aa5c0094fe3f3c3ba141/docs/python_framework/sqlalchemy.md#L663-L690
TV_PYTHON_FRAMEWORK_SQLALCHEMY_11,python_framework/sqlalchemy.md,11,691,732,,https://github.com/tavor118/pj_python_interview_questions_and_answers/blob/02d57a7a9f34fd386eb8aa5c0094fe3f3c3ba141/docs/python_framework/sqlalchemy.md#L691-L732
TV_WEB_DEVELOPMENT_HTTP_01,web_development/http.md,1,3,59,10,https://github.com/tavor118/pj_python_interview_questions_and_answers/blob/02d57a7a9f34fd386eb8aa5c0094fe3f3c3ba141/docs/web_development/http.md#L3-L59
TV_WEB_DEVELOPMENT_HTTP_02,web_development/http.md,2,60,82,19,https://github.com/tavor118/pj_python_interview_questions_and_answers/blob/02d57a7a9f34fd386eb8aa5c0094fe3f3c3ba141/docs/web_development/http.md#L60-L82
TV_WEB_DEVELOPMENT_HTTP_03,web_development/http.md,3,83,104,11,https://github.com/tavor118/pj_python_interview_questions_and_answers/blob/02d57a7a9f34fd386eb8aa5c0094fe3f3c3ba141/docs/web_development/http.md#L83-L104
TV_WEB_DEVELOPMENT_HTTP_04,web_development/http.md,4,105,180,,https://github.com/tavor118/pj_python_interview_questions_and_answers/blob/02d57a7a9f34fd386eb8aa5c0094fe3f3c3ba141/docs/web_development/http.md#L105-L180
TV_WEB_DEVELOPMENT_HTTP_05,web_development/http.md,5,181,251,12,https://github.com/tavor118/pj_python_interview_questions_and_answers/blob/02d57a7a9f34fd386eb8aa5c0094fe3f3c3ba141/docs/web_development/http.md#L181-L251
TV_WEB_DEVELOPMENT_HTTP_06,web_development/http.md,6,252,275,,https://github.com/tavor118/pj_python_interview_questions_and_answers/blob/02d57a7a9f34fd386eb8aa5c0094fe3f3c3ba141/docs/web_development/http.md#L252-L275
TV_WEB_DEVELOPMENT_HTTP_07,web_development/http.md,7,276,305,19,https://github.com/tavor118/pj_python_interview_questions_and_answers/blob/02d57a7a9f34fd386eb8aa5c0094fe3f3c3ba141/docs/web_development/http.md#L276-L305
TV_WEB_DEVELOPMENT_HTTP_08,web_development/http.md,8,306,346,,https://github.com/tavor118/pj_python_interview_questions_and_answers/blob/02d57a7a9f34fd386eb8aa5c0094fe3f3c3ba141/docs/web_development/http.md#L306-L346
TV_WEB_DEVELOPMENT_HTTP_09,web_development/http.md,9,347,420,,https://github.com/tavor118/pj_python_interview_questions_and_answers/blob/02d57a7a9f34fd386eb8aa5c0094fe3f3c3ba141/docs/web_development/http.md#L347-L420
TV_WEB_DEVELOPMENT_HTTP_10,web_development/http.md,10,421,450,,https://github.com/tavor118/pj_python_interview_questions_and_answers/blob/02d57a7a9f34fd386eb8aa5c0094fe3f3c3ba141/docs/web_development/http.md#L421-L450
TV_WEB_DEVELOPMENT_HTTP_11,web_development/http.md,11,451,478,35,https://github.com/tavor118/pj_python_interview_questions_and_answers/blob/02d57a7a9f34fd386eb8aa5c0094fe3f3c3ba141/docs/web_development/http.md#L451-L478
TV_WEB_DEVELOPMENT_HTTP_12,web_development/http.md,12,479,508,15,https://github.com/tavor118/pj_python_interview_questions_and_answers/blob/02d57a7a9f34fd386eb8aa5c0094fe3f3c3ba141/docs/web_development/http.md#L479-L508
TV_WEB_DEVELOPMENT_HTTP_13,web_development/http.md,13,509,546,,https://github.com/tavor118/pj_python_interview_questions_and_answers/blob/02d57a7a9f34fd386eb8aa5c0094fe3f3c3ba141/docs/web_development/http.md#L509-L546
TV_WEB_DEVELOPMENT_HTTP_14,web_development/http.md,14,547,570,11,https://github.com/tavor118/pj_python_interview_questions_and_answers/blob/02d57a7a9f34fd386eb8aa5c0094fe3f3c3ba141/docs/web_development/http.md#L547-L570
TV_WEB_DEVELOPMENT_HTTP_15,web_development/http.md,15,571,612,17,https://github.com/tavor118/pj_python_interview_questions_and_answers/blob/02d57a7a9f34fd386eb8aa5c0094fe3f3c3ba141/docs/web_development/http.md#L571-L612
TV_WEB_DEVELOPMENT_HTTP_16,web_development/http.md,16,613,622,17,https://github.com/tavor118/pj_python_interview_questions_and_answers/blob/02d57a7a9f34fd386eb8aa5c0094fe3f3c3ba141/docs/web_development/http.md#L613-L622
TV_WEB_DEVELOPMENT_HTTP_17,web_development/http.md,17,623,632,,https://github.com/tavor118/pj_python_interview_questions_and_answers/blob/02d57a7a9f34fd386eb8aa5c0094fe3f3c3ba141/docs/web_development/http.md#L623-L632
TV_WEB_DEVELOPMENT_HTTP_18,web_development/http.md,18,633,646,,https://github.com/tavor118/pj_python_interview_questions_and_answers/blob/02d57a7a9f34fd386eb8aa5c0094fe3f3c3ba141/docs/web_development/http.md#L633-L646
TV_WEB_DEVELOPMENT_HTTP_19,web_development/http.md,19,647,750,20,https://github.com/tavor118/pj_python_interview_questions_and_answers/blob/02d57a7a9f34fd386eb8aa5c0094fe3f3c3ba141/docs/web_development/http.md#L647-L750
TV_WEB_DEVELOPMENT_HTTP_20,web_development/http.md,20,751,775,13,https://github.com/tavor118/pj_python_interview_questions_and_answers/blob/02d57a7a9f34fd386eb8aa5c0094fe3f3c3ba141/docs/web_development/http.md#L751-L775
TV_WEB_DEVELOPMENT_HTTP_21,web_development/http.md,21,776,824,,https://github.com/tavor118/pj_python_interview_questions_and_answers/blob/02d57a7a9f34fd386eb8aa5c0094fe3f3c3ba141/docs/web_development/http.md#L776-L824
TV_WEB_DEVELOPMENT_HTTP_22,web_development/http.md,22,825,851,,https://github.com/tavor118/pj_python_interview_questions_and_answers/blob/02d57a7a9f34fd386eb8aa5c0094fe3f3c3ba141/docs/web_development/http.md#L825-L851
TV_WEB_DEVELOPMENT_HTTP_23,web_development/http.md,23,852,873,12,https://github.com/tavor118/pj_python_interview_questions_and_answers/blob/02d57a7a9f34fd386eb8aa5c0094fe3f3c3ba141/docs/web_development/http.md#L852-L873
TV_WEB_DEVELOPMENT_HTTP_24,web_development/http.md,24,874,880,,https://github.com/tavor118/pj_python_interview_questions_and_answers/blob/02d57a7a9f34fd386eb8aa5c0094fe3f3c3ba141/docs/web_development/http.md#L874-L880
TV_WEB_DEVELOPMENT_HTTP_25,web_development/http.md,25,881,898,,https://github.com/tavor118/pj_python_interview_questions_and_answers/blob/02d57a7a9f34fd386eb8aa5c0094fe3f3c3ba141/docs/web_development/http.md#L881-L898
TV_WEB_DEVELOPMENT_HTTP_26,web_development/http.md,26,899,910,10,https://github.com/tavor118/pj_python_interview_questions_and_answers/blob/02d57a7a9f34fd386eb8aa5c0094fe3f3c3ba141/docs/web_development/http.md#L899-L910
TV_WEB_DEVELOPMENT_HTTP_27,web_development/http.md,27,911,950,12,https://github.com/tavor118/pj_python_interview_questions_and_answers/blob/02d57a7a9f34fd386eb8aa5c0094fe3f3c3ba141/docs/web_development/http.md#L911-L950
TV_WEB_DEVELOPMENT_HTTP_28,web_development/http.md,28,951,992,19,https://github.com/tavor118/pj_python_interview_questions_and_answers/blob/02d57a7a9f34fd386eb8aa5c0094fe3f3c3ba141/docs/web_development/http.md#L951-L992
TV_WEB_DEVELOPMENT_HTTP_29,web_development/http.md,29,993,1009,,https://github.com/tavor118/pj_python_interview_questions_and_answers/blob/02d57a7a9f34fd386eb8aa5c0094fe3f3c3ba141/docs/web_development/http.md#L993-L1009
TV_WEB_DEVELOPMENT_HTTP_30,web_development/http.md,30,1010,1036,,https://github.com/tavor118/pj_python_interview_questions_and_answers/blob/02d57a7a9f34fd386eb8aa5c0094fe3f3c3ba141/docs/web_development/http.md#L1010-L1036
TV_WEB_DEVELOPMENT_HTTP_31,web_development/http.md,31,1037,1168,27,https://github.com/tavor118/pj_python_interview_questions_and_answers/blob/02d57a7a9f34fd386eb8aa5c0094fe3f3c3ba141/docs/web_development/http.md#L1037-L1168
TV_WEB_DEVELOPMENT_HTTP_32,web_development/http.md,32,1169,1214,,https://github.com/tavor118/pj_python_interview_questions_and_answers/blob/02d57a7a9f34fd386eb8aa5c0094fe3f3c3ba141/docs/web_development/http.md#L1169-L1214
TV_WEB_DEVELOPMENT_HTTP_33,web_development/http.md,33,1215,1262,,https://github.com/tavor118/pj_python_interview_questions_and_answers/blob/02d57a7a9f34fd386eb8aa5c0094fe3f3c3ba141/docs/web_development/http.md#L1215-L1262
TV_WEB_DEVELOPMENT_HTTP_34,web_development/http.md,34,1263,1291,,https://github.com/tavor118/pj_python_interview_questions_and_answers/blob/02d57a7a9f34fd386eb8aa5c0094fe3f3c3ba141/docs/web_development/http.md#L1263-L1291
TV_WEB_DEVELOPMENT_HTTP_35,web_development/http.md,35,1292,1336,,https://github.com/tavor118/pj_python_interview_questions_and_answers/blob/02d57a7a9f34fd386eb8aa5c0094fe3f3c3ba141/docs/web_development/http.md#L1292-L1336
TV_WEB_DEVELOPMENT_HTTP_36,web_development/http.md,36,1337,1358,,https://github.com/tavor118/pj_python_interview_questions_and_answers/blob/02d57a7a9f34fd386eb8aa5c0094fe3f3c3ba141/docs/web_development/http.md#L1337-L1358
TV_WEB_DEVELOPMENT_HTTP_37,web_development/http.md,37,1359,1376,16,https://github.com/tavor118/pj_python_interview_questions_and_answers/blob/02d57a7a9f34fd386eb8aa5c0094fe3f3c3ba141/docs/web_development/http.md#L1359-L1376
TV_WEB_DEVELOPMENT_HTTP_38,web_development/http.md,38,1377,1413,,https://github.com/tavor118/pj_python_interview_questions_and_answers/blob/02d57a7a9f34fd386eb8aa5c0094fe3f3c3ba141/docs/web_development/http.md#L1377-L1413
TV_WEB_DEVELOPMENT_HTTP_39,web_development/http.md,39,1414,1426,,https://github.com/tavor118/pj_python_interview_questions_and_answers/blob/02d57a7a9f34fd386eb8aa5c0094fe3f3c3ba141/docs/web_development/http.md#L1414-L1426
TV_WEB_DEVELOPMENT_REST_SOAP_01,web_development/rest_soap.md,1,3,64,35,https://github.com/tavor118/pj_python_interview_questions_and_answers/blob/02d57a7a9f34fd386eb8aa5c0094fe3f3c3ba141/docs/web_development/rest_soap.md#L3-L64
TV_WEB_DEVELOPMENT_REST_SOAP_02,web_development/rest_soap.md,2,65,161,10,https://github.com/tavor118/pj_python_interview_questions_and_answers/blob/02d57a7a9f34fd386eb8aa5c0094fe3f3c3ba141/docs/web_development/rest_soap.md#L65-L161
TV_WEB_DEVELOPMENT_REST_SOAP_03,web_development/rest_soap.md,3,162,180,,https://github.com/tavor118/pj_python_interview_questions_and_answers/blob/02d57a7a9f34fd386eb8aa5c0094fe3f3c3ba141/docs/web_development/rest_soap.md#L162-L180
TV_WEB_DEVELOPMENT_REST_SOAP_04,web_development/rest_soap.md,4,181,192,,https://github.com/tavor118/pj_python_interview_questions_and_answers/blob/02d57a7a9f34fd386eb8aa5c0094fe3f3c3ba141/docs/web_development/rest_soap.md#L181-L192
TV_WEB_DEVELOPMENT_REST_SOAP_05,web_development/rest_soap.md,5,193,200,,https://github.com/tavor118/pj_python_interview_questions_and_answers/blob/02d57a7a9f34fd386eb8aa5c0094fe3f3c3ba141/docs/web_development/rest_soap.md#L193-L200
TV_WEB_DEVELOPMENT_REST_SOAP_06,web_development/rest_soap.md,6,201,207,,https://github.com/tavor118/pj_python_interview_questions_and_answers/blob/02d57a7a9f34fd386eb8aa5c0094fe3f3c3ba141/docs/web_development/rest_soap.md#L201-L207
TV_WEB_DEVELOPMENT_RPC_01,web_development/rpc.md,1,3,29,12,https://github.com/tavor118/pj_python_interview_questions_and_answers/blob/02d57a7a9f34fd386eb8aa5c0094fe3f3c3ba141/docs/web_development/rpc.md#L3-L29
TV_WEB_DEVELOPMENT_RPC_02,web_development/rpc.md,2,30,57,,https://github.com/tavor118/pj_python_interview_questions_and_answers/blob/02d57a7a9f34fd386eb8aa5c0094fe3f3c3ba141/docs/web_development/rpc.md#L30-L57
